id,lat,lon,code_postale,pays_resto,ville
1,40.39318548991079,4.069260362712669,86899,France,Paris
2,44.2602443629839,3.2667781365982513,74907,Italy,Lille
3,44.89675788651408,2.43804977410255,7687,France,Lille
4,46.22013323393556,-0.46907467357779675,47243,Italy,Paris
5,45.11530829527896,4.002278979388477,16081,Italy,Lille
6,48.54927421060985,0.4359163741289003,21897,France,Paris
7,40.831075040052625,2.7155512165829427,28311,Italy,Paris
8,42.004412116814514,-0.42935807175302676,77298,Italy,Lille
9,42.18025597029258,1.925934524642785,18794,France,Paris
10,45.225523758561835,1.1834448263454496,51422,Germany,Paris
11,40.95114614964273,2.903850500663581,30887,Italy,Lille
12,44.17460265474534,0.7977474750366849,49633,Italy,Lille
13,49.751276896534165,1.1813218779679957,45055,Italy,Lille
14,45.036026411086816,-0.8518782687294361,79909,Italy,Lille
15,47.15302176037205,0.15111364688609163,40057,Germany,Paris
16,47.613438761486435,5.076608679887926,16218,Italy,Lille
17,48.82175872062694,0.11695543575161871,75040,Italy,Lille
18,41.294049959574984,0.8830762933473264,55518,Italy,Lille
19,46.79379794500044,2.9309412213251864,67568,France,Lille
20,44.69674339986077,4.793343047840714,29935,Italy,Paris
21,42.14792052493399,3.719215171725251,66433,Germany,Lille
22,46.3140042295885,2.243794290808424,13781,Germany,Lille
23,49.301175327894654,4.965225683041286,55251,Italy,Paris
24,44.96557310880133,2.521607966283716,46358,Germany,Paris
25,47.50907841345195,0.48251557223512,30404,France,Lille
26,44.16398393888627,2.5358725212675766,69982,France,Paris
27,47.234589702134606,4.652962878752658,25523,Italy,Lille
28,49.157352701830085,-0.7743520600839965,68971,Italy,Paris
29,49.88784301213778,4.114117532083515,85517,France,Lille
30,46.60523575665232,4.9675947418701085,54021,Italy,Paris
31,42.0906847430668,3.1315317987149154,75207,France,Lille
32,44.172445459238205,4.941749412924216,84803,Italy,Lille
33,44.75779137348727,0.631654741293816,8883,Italy,Lille
34,47.6172419085175,5.641914047980208,21721,Germany,Paris
35,48.79325369060537,-0.598539805846686,50914,Germany,Paris
36,44.6894075138107,-0.3136248996329315,64365,Italy,Lille
37,46.715921044859,2.04018127248856,19732,France,Lille
38,46.05913678430052,3.0533319979933298,45902,Italy,Paris
39,40.88834121843961,3.7910661746861676,28747,Germany,Paris
40,44.53090636066392,1.7697853731854147,4903,Germany,Paris
41,49.60049313104709,5.325681678090547,42373,France,Paris
42,45.00030302359992,1.2204917191833125,28138,France,Lille
43,42.79795905700846,5.791212067272659,21279,France,Lille
44,46.15346949161187,2.1626088285588807,61196,Italy,Paris
45,46.58109067735938,1.2738561609007948,41589,Germany,Paris
46,49.13483711581357,-0.32628475434491466,61239,France,Lille
47,47.355529898893835,4.046694393850703,77960,Germany,Lille
48,48.3654857834036,2.6033369144669587,11092,Germany,Paris
49,45.503758710731724,3.9317901930413424,20291,France,Lille
50,49.23186678784013,-0.5474152209408467,77113,Italy,Lille
51,42.30080651982777,-0.9657573974632964,33420,France,Paris
52,41.55258501871574,0.388685765311795,11186,Italy,Paris
53,43.603667163776336,2.361598278681692,75069,Germany,Lille
54,43.400070054220976,4.4746584980120065,52146,Italy,Lille
55,48.2802010028878,-0.15353951492158913,14065,Italy,Lille
56,47.10943257499232,4.63016544452695,25604,Germany,Paris
57,44.03957214058969,2.981472500700164,33219,France,Lille
58,47.101206681537825,3.9151969001131555,56356,Italy,Paris
59,40.711752808575355,2.4639171687318755,65935,Germany,Lille
60,41.91648790519676,0.4403735043976422,8343,France,Paris
61,42.74039341302668,5.389873481783368,83031,France,Paris
62,41.60192593573399,4.62702219309663,6628,France,Lille
63,46.51562507729293,0.5497637698181264,82595,Italy,Lille
64,44.98555770201854,4.317699290006708,36326,Germany,Paris
65,44.303997717522904,-0.25456150149142553,16450,Italy,Paris
66,47.84210919978843,1.5435383582480444,13150,Germany,Paris
67,41.97715366001364,0.3040540059958552,36509,France,Paris
68,44.694999667700024,3.0491417397171388,81347,Italy,Lille
69,45.216513981986736,4.114209240960991,61683,Germany,Lille
70,45.2631120862024,2.4510700773097662,85519,Italy,Lille
71,40.303796496547406,1.8472009056370178,86028,Germany,Paris
72,43.93303069924174,5.245631430342799,77907,Italy,Lille
73,42.86581820869154,1.1582249290780728,43586,Germany,Paris
74,45.857216859705076,0.1969073604360787,28142,Italy,Lille
75,46.441306374326196,0.1497032869712278,36985,Germany,Lille
76,45.66513365917823,3.4087054489622046,53082,Germany,Lille
77,46.721299390534355,5.605493810074044,46788,France,Lille
78,40.656589199403896,-0.8231940233571434,18996,France,Lille
79,41.72834067432712,3.6189135153841967,68646,France,Lille
80,49.355777821287454,1.8044497163740019,26913,Germany,Paris
81,40.40031831108288,-0.8945939078019021,90065,Italy,Lille
82,43.14553770013207,4.517454482447325,54721,France,Lille
83,48.87236452353327,4.746265933418098,46921,Italy,Lille
84,42.44727419294403,0.4819427081617371,52948,Italy,Lille
85,48.8253513106643,0.3155246758214121,16199,France,Paris
86,40.49958831123338,1.244303961942653,86251,Germany,Lille
87,49.83304506566045,1.704318341420124,36447,France,Paris
88,41.47433732874528,5.904541355202035,7071,Germany,Paris
89,45.79937960500236,1.4130366265943333,16310,France,Paris
90,49.45442905094089,4.2488634238342025,73185,France,Paris
91,47.49630016064522,1.772769697185233,68253,Italy,Lille
92,45.64687572880452,1.0355426641074033,38239,Germany,Paris
93,48.73501095478797,0.5259947148250039,14568,Italy,Paris
94,44.6636594012987,3.040598373177942,38915,Italy,Lille
95,43.17932460520373,0.2841743083469197,48238,France,Lille
96,40.86135796832032,1.3900480483271602,84304,France,Lille
97,43.81064938508406,4.928373806720225,85968,Italy,Lille
98,41.51855537572079,-0.07317539084887403,85785,Italy,Lille
99,49.75401936399636,1.4246847356065713,41667,Italy,Paris
100,44.1234550509973,2.1982210227439545,30513,Italy,Lille
101,43.50905034525496,2.732428743061788,18128,Italy,Lille
102,47.323617334423474,3.6601323765334133,33304,Italy,Lille
103,42.58765815325283,1.1835907962513357,31970,Germany,Paris
104,40.59344467384287,-0.12851648716324715,88398,France,Lille
105,42.89118347081081,-0.43204189563007156,26503,Italy,Paris
106,48.41393502222296,1.6824523976835084,44416,France,Paris
107,40.96365509577407,4.310917572126967,20274,Italy,Lille
108,40.43636580167946,2.5819576695165893,57933,France,Paris
109,42.74753203619297,-0.11154399013739968,87611,France,Paris
110,44.82492120167519,-0.010977113618858114,70021,Germany,Paris
111,47.34882751824604,2.905154035233487,68267,Germany,Paris
112,46.37108157244675,2.0300195684187017,23779,Germany,Lille
113,43.54105022528225,-0.3756508396155199,66510,Germany,Lille
114,42.133274690236824,-0.5387121333116197,9405,Italy,Paris
115,48.15275951217066,3.643319091374197,20161,Germany,Lille
116,47.63584100600028,1.9188443120997247,18080,Germany,Paris
117,42.551231634224855,4.861308396382988,8628,France,Paris
118,46.914383083502756,4.76385282061257,89276,France,Lille
119,46.96156593344457,-0.8642377576554962,89380,France,Lille
120,46.14819278091572,1.877442890933441,82506,Italy,Paris
121,49.17521012823357,1.6965607634895576,18097,Germany,Paris
122,49.658981061619045,-0.6114084829387226,15199,France,Paris
123,48.97712163096073,3.8830165355759325,24506,Germany,Lille
124,47.94807560769043,0.7455189038314738,75883,Germany,Lille
125,46.09531238435181,3.1814468099364532,67456,France,Paris
126,49.360547147587475,2.6488051533685892,23490,Italy,Lille
127,46.51679369523049,5.1434231884538395,39255,Italy,Lille
128,41.4464284746185,-0.7045188083885057,65566,Germany,Lille
129,45.37376103280625,2.8329038278974026,56859,Italy,Lille
130,42.65722465069409,-0.4985765856843797,63143,France,Paris
131,46.00372585000446,2.793444896733924,45609,Germany,Paris
132,44.575592111736,1.8056651810180715,80612,Germany,Lille
133,44.91526077886902,2.4417777112582604,58209,France,Lille
134,46.12436480280268,4.337305088292112,9214,France,Paris
135,49.22834089068773,0.9872240691850036,9150,Germany,Paris
136,45.94064313980016,4.92743659177039,90323,Germany,Lille
137,45.479901633342706,-0.973865433747167,21207,France,Lille
138,43.765595894566715,4.873140509381532,23445,Italy,Paris
139,47.12373199997114,-0.8915347467832827,19731,Italy,Paris
140,49.39380181213674,-0.38594762509439373,15724,France,Paris
141,40.0838029019472,0.10630701930294473,7510,Italy,Paris
142,42.37648419959644,1.7282238218127355,74648,Germany,Paris
143,40.434307403847114,3.627349685395936,28046,Germany,Paris
144,41.78564945827783,4.228560321153752,26128,Germany,Paris
145,47.920900870914586,2.9824503619754,38407,Italy,Lille
146,43.738931385371465,0.2865163426600976,76555,Italy,Lille
147,49.12706168049138,5.258864156685045,39692,Germany,Lille
148,45.059147344840866,0.7010920245891508,27623,Germany,Paris
149,41.913539126817234,1.6786744226090438,67179,Germany,Lille
150,48.74633200330553,4.828083627870605,91419,France,Paris
151,46.22626258575747,2.559200376579808,80992,Germany,Lille
152,48.95779054383395,1.5851771051645693,77322,Italy,Paris
153,46.87587673286036,1.213088145359321,41145,Germany,Paris
154,44.72572266806838,5.526480258506819,67798,Germany,Lille
155,48.48425997297993,4.880135896422313,73908,Italy,Lille
156,45.27239950055891,1.8196689852843257,9126,Italy,Paris
157,42.72467342543928,-0.8506483569029191,78591,Germany,Lille
158,47.495224233380306,1.2047079552080486,28323,Italy,Lille
159,42.78123903680355,5.062140020834872,78027,Germany,Lille
160,45.582494695809544,1.8913721289690897,78911,Germany,Paris
161,49.68918053854848,-0.5935850262234441,50187,Germany,Lille
162,42.65796849370127,1.3704293532613656,42781,Germany,Paris
163,40.86808646226135,1.6578010176510287,56321,Italy,Lille
164,45.58179861993945,3.5623281106543656,14337,Italy,Lille
165,45.37794176985493,2.9792898643508186,18571,Italy,Lille
166,47.12028999610938,4.289610653102676,14989,Italy,Paris
167,47.94774640273154,-0.35164715583959993,21119,France,Paris
168,48.963512044436,3.4783383285719234,36258,Italy,Lille
169,48.50264998584857,1.5691536770494476,12647,Germany,Lille
170,41.16855903409944,-0.22599618921309317,79392,Italy,Paris
171,47.280506994560064,5.614405940558404,42134,Germany,Lille
172,48.37692773576052,-0.6679326220077044,45446,Italy,Lille
173,41.025285211324324,1.1198043387960106,47598,Italy,Lille
174,48.82710034154069,-0.380359712524159,35238,France,Paris
175,40.15789748646493,0.5268583909864395,36312,Germany,Paris
176,44.22102215712234,-0.33615406882548093,27881,Italy,Lille
177,40.911025574550436,5.123674581466219,81755,Germany,Paris
178,45.96645847226339,-0.0006030952976584514,61619,Germany,Lille
179,45.21533261760505,0.9912312951546598,88541,Germany,Lille
180,44.94307339692637,5.930531637222106,33278,France,Lille
181,45.6190441203449,2.810001898435206,28530,France,Lille
182,43.35181595597789,2.038661982447552,42625,France,Paris
183,49.320950710227855,1.510680513027582,39616,France,Paris
184,40.228416937768074,3.4971949105911815,49290,Italy,Lille
185,42.41305001635292,-0.5460330687403413,57323,Germany,Paris
186,44.301717815215326,5.642229709683602,89737,France,Lille
187,44.247956483942374,1.5556892644270621,68206,Italy,Lille
188,44.27867097905781,4.726664420468266,36646,Germany,Lille
189,42.35034440569889,-0.775444202821798,14975,Germany,Lille
190,44.31303524524026,0.36814365822372763,21512,France,Paris
191,49.19895584718638,2.002521420180784,21535,Italy,Paris
192,43.10273114607016,5.957262596117507,27317,Italy,Lille
193,40.857383225146854,5.775308994880936,28174,Italy,Paris
194,41.39527571907065,1.709646555664774,13713,France,Lille
195,42.753634169769555,1.901836191816686,32814,Germany,Paris
196,43.92054520791521,3.994003076447841,25506,Germany,Paris
197,43.03258581126279,0.5236335210788672,57130,France,Paris
198,41.145932097754475,0.09846068591140189,4070,Italy,Lille
199,48.27392390535181,2.7375328139513595,66388,Germany,Lille
200,47.090285816304196,5.652358641410691,37604,Germany,Lille
201,41.4359434698515,1.306117256696584,44216,Germany,Paris
202,47.62792759897427,5.305470294373931,23549,Italy,Paris
203,40.38363252144282,3.603395123532751,41368,Germany,Lille
204,43.26516914463807,0.39304636018964345,55975,Germany,Paris
205,45.52531392680096,1.698822568748663,30664,Germany,Paris
206,40.45340994287296,3.007978621349908,57347,Italy,Lille
207,41.127696282797395,5.943348155019841,7164,Germany,Lille
208,45.528942558531504,1.5962631815742347,88232,Italy,Paris
209,42.59254985580284,2.4697043415468753,59992,France,Lille
210,40.63171752280671,5.341212553431778,37274,Italy,Lille
211,45.534921891747445,0.48316261601180877,75590,Italy,Lille
212,46.35352326803678,3.572236215484754,81495,Germany,Paris
213,41.20897134683855,5.443544438496323,31426,Germany,Lille
214,46.6685606912951,5.987403170404614,10841,Italy,Paris
215,41.144911573984665,3.9544224558697856,46007,Germany,Paris
216,49.39209074296504,3.349259514687553,84939,Germany,Paris
217,48.87585724042134,2.331702756078247,40453,Germany,Lille
218,42.261565605973,2.7900278883197958,66607,Italy,Lille
219,43.02287052255012,2.9041320892009788,53386,France,Lille
220,49.653904690242605,3.542829007776179,67117,Germany,Lille
221,40.21884441340752,3.380253585567308,63633,Italy,Paris
222,46.9191271822299,-0.08361525632506361,90532,Italy,Paris
223,48.56971515392658,4.228312981369791,56854,Italy,Lille
224,40.58498338353502,5.3875084090632805,54599,Germany,Lille
225,42.09737483740724,4.9349343303193445,11109,France,Lille
226,44.0694043953616,0.8475260683279973,91285,Italy,Lille
227,41.550196589706076,4.030831926472981,14008,France,Lille
228,41.47894304600048,3.7920829697070806,58570,Germany,Lille
229,47.877192410263206,2.2973599304409857,37409,Italy,Paris
230,46.2366606405875,3.5747879944051943,56618,Italy,Paris
231,48.36028052547367,5.505962355742295,66491,Germany,Lille
232,48.42690979574586,4.471295264149802,44765,France,Paris
233,48.03431626322744,5.576145470460803,39840,France,Lille
234,41.48593974876438,1.1360825034442552,66457,Italy,Paris
235,42.986464279110955,2.483110583112695,32171,France,Paris
236,44.45000155110842,-0.5736669705138745,22784,Germany,Lille
237,41.58046586006503,2.4295090699695145,82097,France,Paris
238,40.30665083220346,5.400266273594652,46254,France,Lille
239,40.548117786768714,0.2805609821315027,80735,France,Lille
240,48.935981260894984,5.961479284696775,8723,France,Lille
241,45.31526628207079,2.3139284402100397,40857,France,Paris
242,43.95760648813153,1.6111181507370786,13964,Italy,Paris
243,44.43446354690487,0.7563148409448153,69613,France,Lille
244,45.06155919292897,-0.24555035982683882,71071,Germany,Lille
245,47.364270208476015,2.0612873853668305,33947,Germany,Lille
246,42.672966654134505,1.550692763659487,47212,Italy,Paris
247,47.77892274016029,2.7655635598727857,57952,Germany,Paris
248,41.7682897689909,5.124047979734185,54612,Germany,Lille
249,46.93269244284598,2.8613583970722116,18533,Italy,Paris
250,40.28955427754348,1.5223589476477293,54156,Germany,Lille
251,42.96899791498461,-0.36231828292570833,83098,France,Lille
252,40.81403270494629,5.861852526962763,5563,Italy,Lille
253,44.065290328996795,2.7599042513959606,8592,Italy,Paris
254,44.71112499780423,5.811014688530583,64514,France,Paris
255,43.31301358054885,3.2088202566309816,6729,France,Lille
256,48.50705793100412,2.5315655560365538,27713,Italy,Paris
257,40.40694961313322,2.5565762781374146,51867,France,Paris
258,41.16844459966421,1.4237614373425713,21189,Germany,Paris
259,46.75526440261091,4.032014230523264,45218,France,Lille
260,49.90167803322631,0.6181513634419202,43058,France,Lille
261,40.22852992081415,-0.2624283880272097,32602,Germany,Paris
262,41.36099862746041,1.1754591553618647,75200,Germany,Paris
263,45.29312045236215,0.5431562449501075,22151,Italy,Lille
264,45.94246887564278,2.3256445190623123,64464,Italy,Lille
265,46.43299859864859,4.889195488723988,7786,Italy,Lille
266,48.28704222880747,2.961151126567043,78211,France,Lille
267,40.24950429106251,1.1871731748790904,85427,Italy,Lille
268,40.46137049404219,3.7224305430107814,78984,Italy,Paris
269,47.0210865155437,-0.5813174192127682,14015,France,Paris
270,44.682938596428066,0.26501653289847305,40248,Italy,Paris
271,42.865004392369386,4.579075636391557,52404,Italy,Lille
272,41.54080762303822,-0.04172923235201753,33230,France,Lille
273,43.53117682812863,4.782597173511705,31330,Italy,Paris
274,46.05099436558588,1.7945229454884206,30158,Germany,Paris
275,42.955601801871346,2.4588221737916403,70909,Italy,Lille
276,43.11304226594322,4.776291455172416,47760,Germany,Paris
277,44.94199830709463,-0.5026894104697927,58139,Germany,Paris
278,45.15416061092975,5.069021727923539,15569,Germany,Paris
279,41.15938628072604,1.5853296826787329,88993,France,Lille
280,43.91341545164893,1.7992894299602664,36839,Germany,Lille
281,40.33522758553426,-0.6052050281293581,81986,Italy,Lille
282,45.28659111756888,4.321683269792453,76795,Italy,Lille
283,43.68720107235646,4.683559219341841,65412,Germany,Paris
284,47.13890577713842,5.60219370229983,39828,Italy,Lille
285,49.641616847171825,4.997381712979298,43304,Italy,Lille
286,43.828445034668825,0.5825529953570969,63004,Germany,Paris
287,40.95461264695762,-0.39913762256737084,83653,Italy,Paris
288,40.18380833790385,1.2145380291352956,54879,France,Lille
289,48.114730915729545,5.517895761172801,41232,Italy,Paris
290,49.9860688217891,0.5413930558344628,7062,France,Lille
291,41.3362649750459,0.6043103216629713,61766,Italy,Paris
292,46.64920188260295,1.749725868383992,49425,Italy,Lille
293,45.58823818131014,1.1049116655267137,19536,France,Paris
294,45.08118758521208,1.9487419488832702,35138,France,Paris
295,45.780343643442166,-0.6057059152727818,60909,Germany,Lille
296,44.26445339312909,2.6974823352338477,3521,France,Lille
297,47.52683677048306,2.3271685434540488,25072,France,Lille
298,49.9189202384796,3.985172568427892,90903,France,Paris
299,45.56286731099256,1.2382532929089662,82158,France,Paris
300,44.49962457565803,0.5539786666687472,70241,Germany,Lille
301,43.56527237927697,0.04156680541743407,22532,Germany,Lille
302,43.03324179570688,2.3772705257548146,29285,Italy,Lille
303,41.586005073128156,3.4212194276677863,54322,France,Paris
304,40.69934514747853,5.346476476194875,14861,Germany,Paris
305,46.37273392376957,5.777497025027612,20920,Germany,Paris
306,49.891710127958795,4.273565796056042,38021,France,Lille
307,47.379603490352224,0.0013225762773863003,20017,Germany,Lille
308,43.74520455912574,4.978081162288913,83620,Italy,Paris
309,41.315607233812464,1.4549189035854209,55635,Italy,Lille
310,47.440494643129995,-0.11397410055961044,64717,Germany,Lille
311,46.175604882872726,1.1728633734302925,34397,Italy,Lille
312,42.22762764896167,5.477959242950892,12974,Italy,Paris
313,40.09575477177469,3.2840222041523655,85935,Italy,Lille
314,43.24044811022135,1.5806546064852398,33867,France,Paris
315,45.247908992536814,-0.07584592839392978,63765,Italy,Lille
316,49.131326707762035,0.21110439149471372,5489,Italy,Lille
317,42.563298180009774,-0.22712068761573456,41388,Italy,Paris
318,45.8951328377058,0.040199175656738806,32208,Italy,Paris
319,49.343302598112075,3.039543911819095,72495,Germany,Lille
320,42.86730118069539,0.11614312235510216,60715,Germany,Lille
321,42.85727293014601,2.5870290279230526,79890,Italy,Paris
322,40.917919075996146,5.184701805826551,44039,Germany,Lille
323,40.386761636058296,-0.5023095864970617,61999,Germany,Paris
324,49.092919521765204,5.604849642701577,64519,Italy,Paris
325,42.512698064998105,-0.4902000495270765,88749,Italy,Paris
326,48.783344451897825,2.6943140514225785,63622,Italy,Paris
327,40.77395317780122,-0.3455487035703996,67867,Italy,Paris
328,44.285723209537615,1.965385928922886,80697,Germany,Lille
329,43.28816012716148,2.7706970681444703,58955,France,Paris
330,46.33213563853496,5.342397744786506,52964,Italy,Paris
331,48.92604289486992,-0.5413649372860787,44539,France,Paris
332,42.139791446134865,5.243965310619074,37224,France,Paris
333,47.28469363100444,3.9730001294983044,90585,Italy,Lille
334,49.08327917381086,2.297751992661931,68794,Germany,Paris
335,41.56358634871577,4.751508602150582,6856,Germany,Paris
336,49.68709770312944,3.8446551648788603,63407,Germany,Paris
337,40.36102278679488,5.29344926976452,27051,France,Lille
338,47.699233889955245,3.1822778699196768,82409,Italy,Paris
339,48.79504540465182,-0.5971736382531466,13040,Italy,Lille
340,46.34168493458335,3.7338858641599453,18253,Italy,Paris
341,43.98469672412005,5.038174867204121,36390,Italy,Paris
342,48.50670303311685,4.6064800641011825,56327,Germany,Paris
343,49.60388610807126,-0.3554293333143923,15715,Italy,Paris
344,42.83008701526357,1.8817039596629623,59120,Germany,Lille
345,43.68811375441715,2.401106011631793,76774,Italy,Paris
346,43.28278034372555,4.9055839787068445,51566,France,Lille
347,43.11165267040654,3.0872559733051173,77950,France,Paris
348,40.762211531789596,4.360008959786575,82049,France,Lille
349,48.871948864091465,4.221592969457223,32838,Italy,Paris
350,47.183632341096086,0.7466642185633408,50600,Italy,Lille
351,41.94196103670397,-0.7637373597566344,23321,Germany,Lille
352,47.394844404240395,4.508560503950245,34748,Germany,Paris
353,46.44646855163822,-0.8088186731420551,80629,Germany,Paris
354,44.52221857900787,2.8188508270733097,41272,Italy,Lille
355,43.676952643341664,4.023308363297337,63507,France,Lille
356,49.667449264938085,1.060874750392347,45128,Germany,Paris
357,46.44973793455276,1.708109464434048,32676,Italy,Lille
358,49.85240418402425,4.372016483324142,52439,Germany,Paris
359,44.783917150433474,5.625698312017384,20850,Italy,Paris
360,41.17271575914303,2.1584892291835263,72210,France,Paris
361,44.59779860047672,1.034069701556957,90910,France,Lille
362,41.64422189515136,0.04403592695374625,21969,Germany,Lille
363,44.71020933088749,2.163250760563931,12703,Italy,Lille
364,46.43780736575369,-0.1825166020799176,30999,Italy,Lille
365,48.20100776283316,4.6552580385813105,19280,Italy,Lille
366,44.46611929229225,2.901337307546268,30664,France,Lille
367,44.401005370416954,5.652004127479335,56303,Italy,Lille
368,43.19652157448915,2.3643071449890964,34650,France,Lille
369,49.14886184578425,3.8956045385495974,15330,Germany,Lille
370,43.748577382700546,4.067728452090326,17675,Italy,Paris
371,41.70810090822205,3.029500000162229,31686,Italy,Paris
372,44.362588896335716,2.830388453227905,78838,Italy,Lille
373,45.154583326471744,2.563726478790652,43387,Italy,Paris
374,45.041077530574185,-0.7294627771163604,76736,France,Lille
375,47.623621332924394,0.37735688842138826,39359,Italy,Paris
376,41.455117690413104,1.5410972002251757,74749,France,Paris
377,47.90504854897205,-0.9995839295866006,47968,Italy,Paris
378,41.60740167646569,2.442370085842383,38498,France,Paris
379,41.43869689990349,2.471947938201218,31626,Germany,Lille
380,48.68794825009989,5.206688873315405,91174,Italy,Lille
381,41.827676855985,-0.795594814484253,44033,France,Paris
382,42.42471506819042,5.2553804244876625,23293,Italy,Lille
383,41.63173572666286,2.5335287994827276,46272,Italy,Paris
384,47.39244494242374,3.0267940583161366,27783,Germany,Lille
385,45.62867629057204,3.071977202560289,69830,France,Lille
386,40.5125221148209,4.781607339750212,65365,Italy,Paris
387,41.902195050542936,2.3860117693591336,13424,Germany,Paris
388,44.8807180600368,5.170132126553387,42050,Italy,Lille
389,41.7644679222992,1.5281986142833857,24873,Germany,Paris
390,43.20361421906364,3.38696306997684,63161,Italy,Paris
391,46.755346624027155,5.06678232149984,60284,Germany,Lille
392,46.676105364997525,-0.6660626920384495,34242,Italy,Paris
393,45.39667715419041,5.594819745286729,65058,France,Paris
394,43.45769092482477,1.0128437023969283,26764,France,Paris
395,40.29122006709429,3.35030672734948,35743,Germany,Paris
396,49.52813480057486,1.8334600519510547,60118,Italy,Lille
397,48.303960373632485,1.0222774603790459,89961,Germany,Paris
398,47.187251340387476,4.979106876876668,35175,France,Paris
399,42.90520489932741,4.753596135505036,36904,France,Lille
400,44.95925706234283,4.5397266474054625,35939,France,Paris
401,48.67478215145913,5.50163087440686,13764,France,Paris
402,49.73360431895804,0.26355664757404185,31159,France,Lille
403,44.93309466020335,0.48916463447078273,45571,France,Paris
404,46.87682783196109,5.070088038338071,23759,France,Lille
405,46.279728045794094,2.560673218723566,29320,Germany,Paris
406,43.31473292376665,0.20666107221963292,10704,France,Lille
407,40.70423828604688,3.7065828006649406,62192,Italy,Paris
408,44.102353036952934,2.395668640644092,86317,Germany,Paris
409,40.8801629389855,1.0819543620020284,78999,France,Lille
410,48.53331450503762,1.6676661051109845,53467,Italy,Paris
411,46.04050875177734,-0.6755097263951511,21634,Italy,Lille
412,46.492562511442664,5.1087273755149525,22434,Germany,Paris
413,45.71916308017481,4.574061640782766,49351,France,Paris
414,43.30812068200315,2.5675786756171246,41421,Italy,Lille
415,46.21418337161404,1.6484569243559428,28156,France,Paris
416,48.197658357574,1.8376369647802595,80084,Germany,Paris
417,47.777775428806166,5.86164651746601,54708,France,Lille
418,40.31608906140847,1.4561117685547593,29305,France,Paris
419,49.59530636812974,4.089888622727582,15743,Italy,Lille
420,47.603553288068994,5.818631656048965,24527,Italy,Paris
421,44.28130607362024,4.838100528788367,41894,Italy,Lille
422,46.32418825592245,5.496959990369691,80770,France,Lille
423,49.44610993200693,5.5628837100658055,89535,Italy,Lille
424,45.5993967407322,3.923146805647593,62944,France,Paris
425,40.941508819922284,2.880808679837007,68918,Germany,Paris
426,43.679253210773844,4.937101041658594,83903,France,Paris
427,42.97132257856888,1.3157870030539502,74288,Italy,Lille
428,46.119294937477335,1.4357575113581258,22155,Italy,Lille
429,47.88043483688027,-0.7156572715607801,11795,Italy,Paris
430,49.979831492540995,0.07941678441638222,90170,France,Paris
431,45.882014092352634,2.507577968479982,91332,Germany,Paris
432,44.19954204032699,0.38543536989850224,79782,France,Lille
433,46.883075698558024,3.205022054199583,27942,France,Lille
434,49.3624638356334,5.95330542037894,39335,Italy,Lille
435,47.71058173437583,4.502182980717558,37012,France,Lille
436,47.547447478055574,3.5929591058497863,87153,Germany,Lille
437,44.94584769037541,2.850007877828636,17282,Germany,Lille
438,42.70220237417002,-0.26824508660069335,60668,France,Paris
439,42.96669673221268,1.5054796525003078,86057,France,Paris
440,42.71476176166234,4.102248526324564,70259,France,Paris
441,48.655933676612044,3.9238692797203356,79086,France,Lille
442,48.67467690493919,5.976073275829897,81162,Germany,Lille
443,46.66985437274689,2.3862714888682772,19910,France,Paris
444,41.74011435113035,5.333243735671164,14168,France,Lille
445,49.407689137904356,5.53691186188884,70307,Germany,Lille
446,41.758828952206585,3.280701958122341,59940,Germany,Lille
447,46.04869609776988,0.6583091929004627,57389,Italy,Paris
448,47.1550335163041,0.2277873894432214,60264,Germany,Lille
449,43.33971528967023,4.395132109085501,51354,France,Lille
450,45.65715684496106,0.17399859847483734,52640,France,Paris
451,40.8153962107372,0.37549423123044123,27976,Germany,Lille
452,43.74426206762334,3.7054857437571895,27227,France,Lille
453,44.14908847501563,-0.26659345060568784,64208,Germany,Paris
454,47.580591715837976,1.0971243236455126,47399,Germany,Lille
455,44.46597323386089,5.188851652343619,64266,Italy,Paris
456,43.859444889461585,0.8996921846660055,45654,Germany,Lille
457,48.32670666384964,0.760935479711897,61607,Germany,Lille
458,41.96079172059034,1.1352854591667008,37518,Germany,Lille
459,48.98325104165927,0.3393251706297018,70799,Italy,Lille
460,41.419438626638005,4.884771429745208,62893,Italy,Paris
461,48.75776409906328,1.25170198558848,35388,Italy,Lille
462,40.5682937960492,3.7064436385032913,15043,France,Lille
463,47.24970589924875,1.5340639120074027,66968,France,Paris
464,43.5621127150078,5.703773519293052,24140,Germany,Paris
465,47.41186927454362,3.449742715212202,58484,Germany,Paris
466,47.913397806338956,3.708078227727208,34941,Germany,Paris
467,42.74887224547332,5.142719641925483,46996,Germany,Lille
468,40.07185928962101,1.5433859643138232,43211,Italy,Paris
469,49.42949685781961,1.132895125965546,12366,Germany,Lille
470,40.43208083800231,-0.23897466790844535,51809,Italy,Paris
471,41.728001706321564,1.749594798726363,26041,France,Lille
472,49.636801343185724,3.237582746234242,28975,Germany,Paris
473,43.86897191968708,2.630826045566032,72121,France,Lille
474,47.42187767449717,1.4682565521664177,26515,France,Lille
475,49.22592113926666,1.5188134529644977,49461,France,Lille
476,46.80745938755088,2.9873777473047807,22883,France,Lille
477,42.80269193688548,4.710286289626267,39973,Germany,Lille
478,46.01948375627477,0.20275894030476627,62425,Italy,Lille
479,41.61943559428625,0.7697030852274525,51879,France,Lille
480,43.17608041279458,-0.9915894650874243,51350,Italy,Lille
481,42.30239424149303,3.491481153624509,48679,Italy,Lille
482,43.98820210259416,0.6895719981655617,76781,Italy,Lille
483,47.614086974875306,2.818910439656538,27273,Italy,Paris
484,43.00985382740356,1.8625458185127353,34997,Italy,Lille
485,40.236493515754795,0.10500457427425225,31512,France,Lille
486,47.65326218959424,4.281658604181423,71222,France,Paris
487,42.99594771571738,4.817571537411627,64631,Italy,Paris
488,47.86780842840795,-0.5791380285155159,18628,Germany,Paris
489,40.10547935765854,-0.7835333215861706,26401,Italy,Lille
490,48.99357086857624,3.903899649826946,5729,France,Lille
491,42.206593407016925,2.2237582263277957,23985,France,Paris
492,43.34431959981339,5.586540227299596,50996,France,Lille
493,45.36094884076902,5.646156164245444,64794,Italy,Paris
494,49.10440357412037,3.7218427288608247,70627,Italy,Lille
495,46.42570913589631,4.996898754534852,74131,Germany,Paris
496,45.47426341078452,2.4586725798556124,9794,France,Paris
497,44.76609303182985,5.782418250511912,56361,Germany,Paris
498,41.07077555217209,-0.5377377064354869,13384,Italy,Lille
499,47.853985349951486,-0.60484696329329,74789,Italy,Lille
500,40.33681057673049,4.15381753830488,43940,Italy,Lille
501,42.24245734637084,4.1272996745548625,22317,France,Paris
502,41.111837360009865,2.317843137531701,37452,Italy,Lille
503,42.60368930339367,1.0278544269520808,70132,Italy,Lille
504,44.56618872942296,4.245226195567299,53190,Germany,Lille
505,40.60291898285444,3.1648850441557546,79987,Italy,Lille
506,42.645334654891464,0.3903755348227236,84392,Germany,Paris
507,43.92234656990748,4.095160859636501,11708,France,Lille
508,41.6311014845314,3.077655016596805,69292,Germany,Lille
509,40.095616242382846,3.285869044197786,8276,Italy,Lille
510,46.32025854648876,-0.8217690087236179,43082,Germany,Paris
511,44.527665649066016,3.6400526777440714,74372,Germany,Paris
512,40.254337655502574,2.992044004498929,37176,Italy,Paris
513,49.186693605029106,1.0723682260580811,55997,Germany,Paris
514,42.696568899006266,1.30143730307626,27522,Germany,Lille
515,40.759626882164184,5.921153632808949,47193,Germany,Paris
516,49.246318764019726,2.8933404288901965,15348,Germany,Lille
517,40.97304597339867,4.702818524396546,26764,Italy,Paris
518,48.86471595999376,3.283037276087911,66980,Germany,Paris
519,42.07830016671788,0.9538354032208454,57222,Germany,Lille
520,48.96233903798586,2.7767669364020717,27556,France,Paris
521,49.6560249586255,5.5438150936947075,60784,Italy,Lille
522,44.91063509003039,-0.12652375080890332,56287,France,Lille
523,41.23436662078059,2.1174025909762593,42680,Italy,Lille
524,40.54797717317984,3.215441669958529,26564,Italy,Paris
525,42.52476354298897,-0.09761427831192904,32972,Germany,Paris
526,44.91050939373259,5.197918200938262,41366,France,Lille
527,44.79302587123047,1.5231681241370532,37943,Germany,Paris
528,46.52414524848327,3.4383895810572147,33058,Italy,Lille
529,42.98147403794007,-0.48074390417282176,37479,France,Lille
530,48.628145366026104,3.0780197185882523,10887,France,Paris
531,45.49421568417502,5.027773817761701,51264,France,Paris
532,41.16246632643971,3.9176149705363157,65005,France,Lille
533,45.042375509843275,3.005536380031251,46582,Italy,Lille
534,48.083688365619594,1.8525998188614619,15895,France,Lille
535,44.87755692697748,2.928544499705751,68417,Italy,Paris
536,41.794057399262456,-0.018423938467694745,73984,Germany,Paris
537,43.55210498095719,3.335701629541445,66455,Italy,Lille
538,47.34660606203846,0.35078199785322295,68564,Germany,Lille
539,49.320141748585065,4.450533625442374,81648,France,Lille
540,47.76745101170573,1.2370293241270707,62161,Italy,Paris
541,40.14495210036709,-0.6669036527535741,6435,Italy,Lille
542,48.289036294937645,2.4871270370109313,65513,Germany,Paris
543,43.68859289675472,1.4374201454304467,36131,France,Lille
544,46.174011593034805,4.108542538790884,35502,Germany,Paris
545,47.44069093726129,1.038812203308868,76589,Germany,Lille
546,48.66697254305448,5.651396935668504,60481,Italy,Lille
547,48.655299228659814,5.081611590976855,79533,France,Paris
548,45.28580656355341,-0.19042446155166448,78656,Germany,Paris
549,41.65064338215003,3.479870131867578,25630,France,Paris
550,45.3255840656447,3.0056200437525407,87044,Italy,Lille
551,40.408021772318655,1.0745745589317552,17994,France,Paris
552,42.60090786396037,1.9488720038770246,11222,France,Paris
553,43.69777543858494,4.8765194370082705,17872,France,Paris
554,48.25405906621869,-0.013969562748847197,43791,France,Lille
555,47.796580649917715,3.8384937842887457,81712,Germany,Lille
556,42.87261984242184,2.3761729195598917,58825,Germany,Paris
557,40.54864464217872,2.463653619461913,37937,France,Paris
558,49.88591444998242,0.40603777855761325,81145,Germany,Lille
559,44.45227643059066,4.5889630897927365,52216,France,Lille
560,42.15741020198048,1.6802322583418792,67547,Italy,Lille
561,45.70600694368189,4.1002380626091135,10754,Italy,Lille
562,40.55904525626927,2.819575658665973,38975,France,Paris
563,45.83106242455912,3.11088776822408,75825,Germany,Paris
564,41.14617130545697,0.09858468587849956,42445,Germany,Paris
565,42.2989473449582,-0.8584055012108891,58498,Italy,Paris
566,49.40757837512588,0.8407700561411828,76759,Germany,Lille
567,45.355393192778344,1.7075231869273382,32890,Germany,Paris
568,41.609369716597335,2.323627840450509,79991,Italy,Paris
569,47.4197790027096,4.838439900060937,22246,Germany,Paris
570,49.28833578242849,-0.16927442808566717,39285,France,Paris
571,40.71385500273915,4.554853961646775,91082,Germany,Lille
572,49.561557684649785,3.8574397068153568,37122,Italy,Paris
573,48.49358581331354,4.243158597987746,57802,France,Lille
574,44.023988536898756,5.61078363297815,42208,Italy,Paris
575,44.3654192800661,4.830916851824933,63991,France,Paris
576,46.521213891309735,5.93278769773627,32217,Italy,Lille
577,42.33204383810233,1.4668060081713157,25900,Italy,Lille
578,40.869131555118265,5.696335536407942,34202,Italy,Paris
579,42.331855451390496,2.385205783774616,5589,Germany,Lille
580,45.485996678697276,4.467815227589123,13130,Italy,Lille
581,41.8464561206486,0.14052423195293118,70983,France,Paris
582,49.34696672104148,2.6159144510126797,84164,France,Lille
583,45.288311270755884,5.528434023576707,61795,Italy,Lille
584,40.378557299471716,4.397754910932404,22447,Germany,Paris
585,46.38061787146943,2.9304325138476814,14289,Germany,Paris
586,42.11264424539798,3.1473182203371524,67206,France,Lille
587,44.498685459139665,0.1407757949207573,88261,France,Lille
588,43.82928141776118,-0.5194656443828018,21728,France,Paris
589,41.14191645149088,-0.42967208002322244,47873,Italy,Lille
590,44.306303078097486,-0.8698441868938998,90188,Italy,Lille
591,42.11769035850347,1.1814627316129451,59656,France,Lille
592,40.813288903848836,3.116420295268826,55857,Germany,Lille
593,43.8191169676027,4.804695888716514,28021,France,Paris
594,46.48439379075024,1.0625467762330603,9313,Italy,Lille
595,44.248405479704225,0.9641341758861071,84725,Italy,Lille
596,48.95425566546423,4.787890522241034,8667,Germany,Lille
597,48.407032996269294,4.426883741457154,65719,France,Lille
598,45.37046941852374,4.503618564193141,23244,Italy,Lille
599,40.03384074386762,2.073394808955743,12596,Italy,Paris
600,47.07057163014766,0.9152477691231446,7099,Italy,Lille
601,45.27207979086502,-0.25711020486979685,76810,France,Paris
602,43.53342345208813,4.692852319835571,16361,Italy,Paris
603,44.76325781490905,2.328646418711351,39345,Italy,Lille
604,46.44248607072353,5.977061387014457,21002,Germany,Paris
605,40.40212949278333,5.27643363787236,21635,France,Paris
606,43.88956605897284,3.1593921257033264,78104,France,Paris
607,43.40610936192611,5.305055510833197,32142,France,Lille
608,42.183042595992895,0.7639127702190915,76028,Italy,Paris
609,46.38663253873325,0.14222742115628328,82671,France,Lille
610,42.43974195234818,4.399829286480888,16989,Germany,Paris
611,40.90787767585392,1.6609820629545688,15877,Germany,Paris
612,42.524411451265976,5.359186445641988,80749,France,Paris
613,41.50971771236079,4.449555964931734,49351,Italy,Paris
614,46.28348710373169,3.2247856368407763,73687,Germany,Lille
615,47.06144511961963,1.902579227405314,42026,Italy,Lille
616,46.81271811889222,5.35375058648109,18493,Germany,Paris
617,41.54389813856683,5.31586750183613,56077,Germany,Lille
618,48.38222298326669,0.5564161498912368,48756,Germany,Paris
619,43.221627448719474,2.1956675867283733,52021,Italy,Paris
620,46.7832083027287,-0.5031729192869447,78077,Italy,Lille
621,48.316220824772394,4.272613276463466,56605,Germany,Lille
622,42.193477424117845,4.905197844348643,58071,France,Lille
623,45.564809259657665,-0.3315011565123409,7403,Italy,Lille
624,49.15634097267908,0.2722442893475603,73145,Germany,Paris
625,40.85014899016633,3.5272224768123754,72589,Italy,Lille
626,48.152081910905025,5.884778448129937,65949,Italy,Lille
627,42.47458224088115,4.4819311358711325,78905,France,Lille
628,46.62848548990026,1.1834586446056745,79586,Italy,Lille
629,49.08925396827914,3.2227094774115006,10833,France,Paris
630,44.97093060256276,-0.7823036445716973,26599,Italy,Lille
631,46.10933341444243,5.36662044493753,36690,France,Paris
632,47.81272759138801,-0.8690294596085996,64638,Italy,Paris
633,41.58220059463123,2.801365585572063,53802,France,Paris
634,48.970944540094216,1.2895408832137787,19513,Italy,Paris
635,48.56708195543361,0.9961200530508898,3516,France,Lille
636,43.07675697893339,-0.4889062788281604,72884,France,Paris
637,43.67005346704859,3.020406202491017,89282,Italy,Lille
638,40.23505521538499,1.0379855411178154,46841,Italy,Lille
639,48.14841263412896,2.6864668810842898,17765,Italy,Paris
640,43.93961062230779,1.6933387287341595,53052,Italy,Lille
641,41.83576778075606,3.7927712511555853,44537,France,Lille
642,42.09317417605034,2.7232390672880595,68749,France,Lille
643,49.96075780871891,0.9214015948096148,86382,Italy,Paris
644,42.93346282274477,3.3037962208429166,88561,France,Lille
645,44.809966450608066,3.908142823851664,68944,Italy,Paris
646,45.978517907123106,4.453786689415253,31053,Germany,Paris
647,41.74851366477007,-0.65186151774336,18034,Germany,Lille
648,41.65007555094112,-0.5424734510704627,8345,Germany,Lille
649,43.457153737628374,0.7458059252857858,83439,Italy,Paris
650,45.99532173256649,2.755621746941646,35560,Italy,Paris
651,43.94892696621662,0.9223341406359482,34817,Germany,Paris
652,40.228370210780135,-0.94743019597596,31452,France,Paris
653,46.18396603866326,5.92823542319643,14159,France,Lille
654,45.311141176823604,3.6045995588927164,73421,France,Paris
655,48.44713002793958,4.869691357225447,6706,Italy,Lille
656,44.574772115789955,4.683065891788351,34775,Germany,Paris
657,49.678694047980684,0.7514488701176218,84637,France,Lille
658,43.05579619301897,5.299615748641479,73740,France,Paris
659,43.766156427740924,-0.4933905997113889,37174,Italy,Paris
660,44.6633243903202,5.937016424987302,3728,Germany,Paris
661,48.304566100964124,3.0603066457562527,47096,Germany,Lille
662,43.307698783492626,-0.5711006832913353,72286,France,Lille
663,40.55952761011612,4.659647611601067,43436,Germany,Paris
664,41.71928185726757,3.2137922220325565,13837,Germany,Paris
665,48.30798075486012,2.981291001739252,39402,Italy,Lille
666,47.38091163596929,1.6799110730710138,88038,Italy,Paris
667,49.44206478158644,1.9436499956454476,80609,France,Lille
668,40.84297845923696,-0.5334463737349284,20538,France,Lille
669,46.33664179772916,0.7676172375783654,76578,Italy,Paris
670,42.171513330447446,1.1192541773556188,60402,France,Lille
671,48.708214046124574,5.490853683716805,77560,Italy,Paris
672,42.88613444775457,1.078779441162693,16478,France,Paris
673,45.97094918543668,4.790007471353606,12413,Italy,Paris
674,43.84619824737323,1.2546025813090016,72338,Italy,Lille
675,41.20294485177959,3.7467393530010487,90294,France,Lille
676,41.83758658017742,0.14640460319133708,42409,France,Lille
677,47.45236571483161,5.437225424876521,16039,Germany,Paris
678,45.75072810830646,5.33082672105281,81556,Italy,Lille
679,48.487525032861136,2.1892200211990986,52018,France,Lille
680,40.99312671412416,5.56221168727239,56908,France,Paris
681,43.775331378654315,-0.5602052850624619,18983,Germany,Paris
682,46.1205551420292,2.322051329078175,14064,Germany,Lille
683,45.848661747141435,5.387630062858003,10319,Germany,Lille
684,40.73921428524691,5.887603521534741,75998,Germany,Lille
685,40.06087039834384,-0.8551559264663047,40986,France,Lille
686,43.1371972631458,-0.7877230497786352,74208,Italy,Paris
687,43.3070259781948,5.473634518951957,25298,Italy,Paris
688,42.061418748439074,-0.5658028997197583,33172,Germany,Lille
689,47.797234413745386,3.499467898407799,85870,Italy,Paris
690,48.58934937353692,1.816487357242802,25932,Italy,Paris
691,44.74673909772932,2.9859608412149203,34037,Italy,Lille
692,44.668295961668804,4.7116098054685365,60242,Germany,Lille
693,46.79620874917884,5.360006464492429,56487,Italy,Lille
694,49.2059827141464,4.905315291751391,24793,Germany,Paris
695,43.730055060052194,2.919430452550568,62527,Germany,Paris
696,42.39526010883898,0.5704752979163552,39080,Germany,Lille
697,43.52276385822201,3.594567787841103,7622,Germany,Paris
698,45.45939955726523,3.689584135980744,74917,France,Paris
699,48.6055300698207,1.323357380981308,22367,Germany,Paris
700,41.47450046249932,1.3196903187193731,75318,Germany,Lille
701,48.764246753782835,2.645891558455152,78659,France,Paris
702,43.72057570111699,5.7396225930744045,10877,Germany,Paris
703,45.626086216442154,3.1338721678736876,90548,Germany,Lille
704,49.26456388808548,4.847126081434137,16848,Italy,Lille
705,42.36641879830913,2.983301987273593,36169,France,Lille
706,43.05337537318884,1.151574250089186,28276,France,Lille
707,44.9872280531707,2.3476553442052994,74473,France,Lille
708,40.130514332299676,4.99237224236976,49462,Germany,Lille
709,42.12677538927091,5.850662251123003,49943,Germany,Paris
710,43.26975879610721,1.0733667753907676,83443,France,Paris
711,48.94638712602864,5.404698995755772,56582,Italy,Paris
712,45.880311447002,3.842782839931754,60366,Germany,Lille
713,49.82060521835524,2.777736319482812,33372,France,Lille
714,42.70760766836798,3.9410861830306754,60118,Italy,Lille
715,40.523385146203154,2.2568920738267684,69425,Germany,Paris
716,49.036904166331865,5.134357462295965,44759,France,Paris
717,41.29094034472803,5.4269447773167565,22031,Germany,Lille
718,41.382205635965484,5.864417615913976,84620,France,Lille
719,44.29804363144872,1.0467470161032932,52010,France,Lille
720,46.98207975039142,0.09933412559397192,49261,Germany,Paris
721,40.57334016594241,4.1609154941324045,38597,France,Paris
722,49.385752935940886,-0.9094839197965305,24917,Germany,Paris
723,46.200698209690536,1.915892718007317,70296,France,Lille
724,43.933128026729804,2.8186974744332938,76742,Germany,Lille
725,47.49886412383951,5.915745437184685,70524,Italy,Paris
726,43.157932346577674,4.492216647647099,25214,Germany,Lille
727,42.76096536697809,3.3934263030678258,20353,Germany,Paris
728,48.769071882577656,3.3561696873174682,62255,France,Paris
729,46.260426715240776,-0.38293360598253734,55292,France,Paris
730,40.08904384740195,2.170274092209892,27080,Germany,Paris
731,44.2170845779521,3.6605900745327355,40348,France,Paris
732,40.842531521265904,4.317499133268651,26909,Germany,Paris
733,41.37902880163783,2.58918836269716,81794,Italy,Paris
734,47.13219261987793,0.2498191338390512,85575,France,Paris
735,46.67467029476222,2.1537895092480848,43055,France,Lille
736,44.91818002651823,5.31990980178742,50989,Germany,Lille
737,47.79148265974008,2.2843293883211273,51440,Italy,Paris
738,47.82182315347479,0.5492543002506967,38717,Germany,Paris
739,49.988246615068945,0.13004086776294543,29530,France,Lille
740,42.25122825378858,0.1420568327241405,56536,Germany,Paris
741,48.16692976192685,2.3629375274197963,16036,Germany,Paris
742,40.495997068138585,4.417669413887688,19303,Italy,Lille
743,45.220733724316545,3.5634159734918684,88119,Italy,Paris
744,46.343789047429475,3.95777604325687,40447,Italy,Paris
745,43.7924867382963,3.046239940301283,21925,France,Lille
746,48.34144381355706,5.4387845800478,77417,France,Lille
747,45.05437963180389,1.6657508554872358,85970,Italy,Lille
748,49.14740328490247,5.136906634162749,32451,Italy,Lille
749,48.162830836696905,5.093225435848649,52759,Germany,Paris
750,42.81822765727506,-0.2060037025321957,78826,Germany,Lille
751,49.11434341489729,0.5792620111894031,23278,France,Lille
752,47.254009337948716,4.119315449775983,16899,France,Paris
753,40.532050709031004,1.6295736762789668,8586,France,Lille
754,40.97970258547769,3.900055089483552,20896,Italy,Paris
755,42.25634730137945,4.67985546053788,56963,France,Paris
756,49.699094110918935,0.21672075015614034,80340,Germany,Lille
757,41.97627150911558,3.7675107322119192,54884,Germany,Paris
758,42.8001614620109,0.49746009109268763,18562,France,Paris
759,43.657975881430055,5.442899677996847,78800,Italy,Paris
760,48.08172764321195,5.963669433486593,30129,Germany,Lille
761,44.909273737278575,0.45771067064663007,77068,Germany,Lille
762,48.39274026073077,4.292903076793665,82166,France,Lille
763,43.77159888468685,4.729593509206168,76095,Italy,Lille
764,43.12093276091155,2.87298328612358,56386,Germany,Paris
765,46.075902804421574,5.490803740370995,45863,Italy,Lille
766,42.03171304090054,1.5528179841652938,65856,France,Paris
767,47.64187191595318,4.023356100981609,81625,France,Lille
768,46.276980246398075,3.52384439878863,80673,France,Lille
769,48.18645895408598,2.5140624537696645,39794,Italy,Lille
770,46.548947873631526,5.666207632667439,67770,France,Paris
771,49.52932426086268,2.8150083809438535,19942,Germany,Paris
772,48.7406911132574,0.7740912797452562,69590,France,Paris
773,43.79033080910867,3.574827228922554,56919,Germany,Paris
774,42.434304096079856,-0.3855524991373317,3495,France,Lille
775,49.043273607649866,3.6882360425572838,62375,France,Paris
776,44.9440010787909,0.8006416241628338,30662,Italy,Lille
777,46.4679664048832,0.9924394068024198,89397,Germany,Paris
778,43.77132765095913,2.5796132492393187,61302,France,Paris
779,44.4567538036112,0.6340066364940269,36839,France,Lille
780,48.26104676289332,3.07145703109835,71930,France,Lille
781,45.56334031099719,3.9330469371728842,57212,Germany,Lille
782,43.97248611937194,4.496848898750914,27001,Germany,Lille
783,46.98989229404444,5.209353492515355,64419,France,Paris
784,48.917911666019755,2.4935951386132253,80045,Italy,Lille
785,46.567123076780284,0.9978070056340074,76574,France,Paris
786,46.04695264482719,5.584019382838982,79665,Germany,Paris
787,42.66910156339151,1.4992984406894463,31314,Germany,Paris
788,47.33918615236024,5.4678634214075545,43712,Italy,Lille
789,45.98533773170736,-0.6201052396142095,64234,Germany,Lille
790,45.98562939019225,2.072106999547082,72400,Germany,Paris
791,44.90911257354394,4.859892821435335,42147,Italy,Lille
792,44.32984385343425,2.7930402878244758,18754,Italy,Lille
793,40.31409797978271,-0.994844659315277,71650,France,Paris
794,47.920323871683124,2.577496732678049,36232,Germany,Paris
795,49.88672168309967,1.8512213324908422,52192,France,Paris
796,48.57681570936228,0.44243669057728674,16713,Italy,Paris
797,47.60345794447619,5.540235888139415,75332,Germany,Paris
798,46.59614722755062,-0.6080387234974693,14374,France,Paris
799,45.45448296002996,4.462608129598424,19532,France,Paris
800,40.199770577933535,2.941320789165798,33502,Germany,Lille
801,46.3677351795174,4.718043006184443,5885,Italy,Paris
802,48.13725474032928,-0.13436913544418527,29747,France,Paris
803,43.07044786699125,-0.6695083639832763,64285,Italy,Lille
804,47.11666571240442,2.3280243776278953,33063,Italy,Lille
805,41.68489900084564,4.434505853819369,48458,Italy,Paris
806,43.74613956342462,4.399676559433497,14876,Germany,Paris
807,44.48803361231446,5.717044181152046,63041,Italy,Lille
808,47.13532258400229,5.574223875323759,31695,France,Lille
809,49.13843157172152,4.675613784582438,29052,Italy,Lille
810,45.223908946207715,1.5775382808203147,18588,Germany,Lille
811,43.06690913373589,-0.8933986877806589,36482,France,Paris
812,47.72678923281856,-0.174027402316423,26342,France,Lille
813,42.88998972072715,3.530583983044429,82114,Germany,Paris
814,44.05526533109983,-0.7802505395488608,67714,France,Lille
815,45.83537473223684,2.3655045034971334,81163,Italy,Lille
816,45.98022138089041,1.6744911516038363,86646,Germany,Paris
817,47.20422973296112,3.6122487486060315,76146,Italy,Paris
818,45.7701935309981,3.6436193467950035,60724,France,Lille
819,49.289611654718684,0.7096735423219913,75081,France,Lille
820,47.33876341191662,2.722792065360918,89714,France,Paris
821,44.82396593809685,4.088855281359659,48416,Italy,Paris
822,40.606634712540156,5.78912849747938,45216,Italy,Paris
823,45.224755552710704,0.3059316591063339,65814,Italy,Paris
824,49.22618131561558,5.393149758591842,6764,Italy,Paris
825,40.585143317642874,5.110182136265194,18619,Italy,Paris
826,45.61069089080702,5.914896089188187,60977,Germany,Paris
827,47.22097186431567,3.0296248341920373,56780,Germany,Paris
828,40.99335977369339,1.4942319845590681,68788,Italy,Paris
829,46.29410372142501,2.9920001816805586,77174,Italy,Lille
830,44.363470441824404,0.6482394818967869,14749,Germany,Paris
831,42.24565402490463,5.59882322413624,26003,France,Paris
832,41.23737909735088,4.731406602417781,16819,France,Paris
833,41.37069300668629,1.7747817770157006,31068,France,Paris
834,48.623477800973355,4.628460444150072,50006,France,Lille
835,42.1231871423412,5.694898596038405,84978,France,Lille
836,42.18506752525504,5.761619418252517,72570,Italy,Lille
837,43.33932273248338,1.6179044454194815,87298,France,Lille
838,49.9969696039513,2.9927773244715445,48274,Italy,Paris
839,44.35535203039793,5.149994295222989,50125,Italy,Paris
840,49.60697320415418,-0.33280331231565363,37790,France,Lille
841,49.70587711278836,1.3473563299548754,40706,Germany,Lille
842,44.84316232582652,5.134940354932958,81994,Italy,Paris
843,46.465206930515826,5.460348842885857,31116,France,Paris
844,48.46479718846232,3.8647186598820555,82787,France,Lille
845,44.385837977139865,5.50764755805015,74970,Italy,Paris
846,43.948519470635844,5.359726003573258,42686,Italy,Lille
847,49.61849374739727,4.499639969294876,83563,Germany,Lille
848,48.05704512184803,5.487583946765617,24606,Italy,Lille
849,42.56525758281632,1.2685740261977925,48457,Italy,Lille
850,41.818384737354755,1.9478377179431279,9244,Germany,Lille
851,47.49450518919261,2.3139267557295655,8883,Italy,Lille
852,43.57680455533391,3.108858523282106,64424,France,Paris
853,44.21603732697036,4.849751676277523,66097,France,Paris
854,49.498697955725575,3.0046640999444607,82173,Italy,Paris
855,44.58154833613094,2.951509101375637,61307,Germany,Paris
856,47.12390442330058,1.1554469504825242,90984,Italy,Lille
857,48.769853230176366,0.3282281503911886,37819,Germany,Paris
858,43.22231547502803,3.604590894455942,20275,Germany,Paris
859,45.00981375841303,-0.6934786902615881,8831,Germany,Paris
860,43.962359623144025,0.560364144904212,47931,Germany,Lille
861,41.245105390825195,2.2275563749071234,7366,Italy,Lille
862,48.08562938425753,4.800772325508499,68922,France,Lille
863,46.32909172936672,-0.8803662440932541,65436,France,Paris
864,44.64062907157888,4.924444068113944,37049,France,Paris
865,41.608851693761515,-0.7928124575138332,4424,Italy,Paris
866,47.37595013630426,1.651370020143522,57503,France,Lille
867,45.12032575769089,1.6888840894573738,63798,Italy,Paris
868,40.78889977833758,3.2173632936333343,20065,Italy,Paris
869,47.91214393153781,5.932214277804827,18304,Germany,Paris
870,41.834615059412556,0.9879200381376405,75755,Italy,Lille
871,46.79717559470127,3.1038595012826073,44702,Italy,Lille
872,43.53318305976955,5.085421789400727,80841,France,Paris
873,49.64132388675796,2.505308730496214,11559,France,Lille
874,40.106604995963266,3.0232339048919847,35728,France,Lille
875,46.85824738170035,2.932639934738638,30965,Germany,Lille
876,40.69916310405915,5.3979085429014795,56676,Germany,Paris
877,46.31165342301555,0.7403803340548158,64278,Germany,Lille
878,47.7235945861313,2.5104256313814375,70383,Germany,Lille
879,48.01845184967381,4.4669583697874335,67277,Italy,Paris
880,47.85214673411838,4.555337624052058,90822,Germany,Paris
881,48.34277044389093,5.271674947655695,60691,Germany,Paris
882,42.96625185386543,0.8685626124336503,74128,Germany,Lille
883,45.792312315488346,3.545213002804619,30609,France,Lille
884,42.0775296354902,-0.9854143269308085,58436,Italy,Lille
885,40.987838682125734,5.397941418681066,47643,Germany,Paris
886,46.82070387143055,-0.7092012939447675,44244,France,Lille
887,46.053477336256435,0.8682469852717696,66006,Italy,Paris
888,49.3750806513395,3.5862035752117363,30146,France,Lille
889,43.99954290965671,-0.4917936507456042,44652,Germany,Lille
890,40.91863873069396,4.183758621641845,67312,Germany,Lille
891,47.31554696267541,5.935703727162711,91176,France,Paris
892,41.92311514043651,1.4101927813585409,31047,Germany,Paris
893,49.17523401412666,0.8440263911713335,3605,Germany,Lille
894,40.451001950978146,2.594853275240924,60724,Italy,Lille
895,41.24922076687655,1.0149662365959449,27021,Italy,Paris
896,42.20944459941603,0.1785787993699135,19125,Italy,Lille
897,43.39208088460675,1.5107980109777999,17240,France,Paris
898,47.99332782966609,5.41835392981044,56912,Germany,Paris
899,42.28717312408031,5.646645036284518,40793,Germany,Lille
900,47.05979130574646,5.925535324495522,4169,Italy,Lille
901,41.14421288688185,-0.27173047416171936,55239,Germany,Lille
902,44.23386171197189,1.8308283416462294,35572,Italy,Paris
903,42.08602702555499,4.419107777655135,60440,Italy,Lille
904,49.49970160173818,5.388651187383743,81446,France,Paris
905,45.013079906375175,2.6243629680566545,40632,France,Paris
906,47.86702319303831,1.9565087159167645,91393,France,Paris
907,41.26127722679081,-0.5185727994782494,75220,France,Lille
908,42.839295852193196,0.44776775942937874,51346,France,Lille
909,43.559163808587364,-0.7114260983067087,66647,Italy,Paris
910,47.60513400015669,2.4622328035830816,56247,France,Paris
911,44.58251809941789,5.963786487713626,79944,Germany,Lille
912,43.65201869039136,3.1874358575757853,52257,France,Lille
913,44.70288390310171,0.48511612969527573,87172,Italy,Paris
914,40.04264580430416,2.1389204783188465,32224,France,Lille
915,40.35192818538198,0.8498367851159854,6844,Italy,Lille
916,43.71285507502341,0.8943568146783405,56660,Italy,Paris
917,49.367355085501494,5.666830461874143,18505,France,Paris
918,42.71914137172277,1.7044473357654275,34332,Italy,Paris
919,49.20092336438898,-0.38423351727663835,7482,France,Lille
920,43.19563919139101,5.22968446366424,90064,Germany,Paris
921,43.79147246067932,3.557034831175457,89682,Italy,Paris
922,44.39043143445511,-0.48314338276445934,21387,Italy,Lille
923,49.37927609607401,5.5872154063510004,6381,Italy,Paris
924,49.06272323202664,3.50311805950283,37894,Germany,Paris
925,43.64870258919171,5.593885418036823,85213,Italy,Lille
926,47.02314779822492,-0.0963737956650248,55901,Germany,Lille
927,45.94465896333069,1.1385695896072847,4303,France,Paris
928,48.34538295242112,0.013160007818893371,81174,Italy,Paris
929,43.10172095418323,0.06844654065453226,82665,France,Paris
930,44.89273348840325,4.032463855511695,89991,Germany,Lille
931,43.63334481640127,3.178202835785715,76833,Germany,Paris
932,44.85437477899935,-0.8358988277921101,26164,Germany,Lille
933,42.4596145661801,1.3452585341866534,28551,Italy,Lille
934,47.72941214997772,0.4852427229160443,71258,Italy,Lille
935,42.86880102312867,0.2576543452814892,83373,France,Paris
936,40.95820973743792,5.743339140223149,33946,Italy,Paris
937,42.35966342138993,3.044843121424635,80945,Germany,Paris
938,42.21520255362871,3.4421324886117475,13903,Italy,Paris
939,48.173515901495705,-0.1763921992301467,52097,Italy,Lille
940,49.97763452110627,2.747734903961093,26165,Italy,Lille
941,41.492235035985104,3.7939838943886857,69292,Germany,Lille
942,41.08243661399154,5.315561800920469,68308,Italy,Lille
943,42.17601067308408,1.9893145826183738,76711,Italy,Lille
944,43.568433788813394,-0.6570341922238345,61648,Italy,Paris
945,44.0964968337362,4.268378378281211,18907,Italy,Paris
946,47.496967655189735,0.7017520984723244,89093,France,Lille
947,45.01545788692415,-0.3994674115376585,39850,Italy,Lille
948,43.274135654880055,5.92695313530895,20557,Germany,Paris
949,41.946855224312195,2.258567374286237,66995,Germany,Lille
950,49.42992622704685,5.016624288776037,39142,Germany,Paris
951,41.7309674105528,5.249224910286577,30500,Italy,Lille
952,44.546417663768196,1.7738164143989978,87354,France,Lille
953,42.32388162270653,3.4212658076810616,18844,Germany,Lille
954,48.86563422842248,4.90856430451651,18748,Italy,Lille
955,44.61995683319768,3.698670227780209,26845,France,Paris
956,47.30669689814564,-0.3042005300288494,20584,France,Paris
957,40.64263717705932,-0.43199756901595543,22474,France,Lille
958,42.18030197108824,1.5292701346096376,60250,Germany,Lille
959,40.166943849641655,4.784660658208582,66112,France,Paris
960,41.65977273252243,-0.8678843257897866,20177,France,Lille
961,40.83839469137601,4.261957691355147,31183,France,Paris
962,49.41395222591023,-0.23705308879470677,44270,France,Lille
963,45.18647949515243,1.248494415949665,6474,France,Lille
964,47.672362233086474,1.741345331283382,65143,Germany,Paris
965,47.73970577481709,3.1673016640804246,12929,France,Paris
966,41.3799046993637,-0.5905769962805774,84321,Germany,Lille
967,42.51895356407077,-0.19375268891542452,42483,France,Lille
968,40.920676477485536,3.5753942007415542,33967,France,Lille
969,43.65613574678508,-0.8928562196435751,21804,France,Paris
970,43.99143458174815,2.224602673590214,37143,France,Lille
971,41.99288777978899,3.8151379835308976,5122,Germany,Lille
972,48.035324024180156,0.8362950052616949,47800,France,Paris
973,45.24731129735872,0.5462713398922996,71403,Italy,Paris
974,41.63775021706504,2.1200974846496163,38183,Italy,Paris
975,45.92969616385293,-0.40748977942138165,8099,France,Lille
976,46.06294468486508,-0.8829811145293945,39015,France,Paris
977,46.74560827834135,0.5320525351686423,18772,France,Paris
978,45.840701994181714,1.9625125553505391,21912,Italy,Lille
979,42.64056490905856,0.394934392913566,52953,Italy,Paris
980,42.485965414429884,5.409268079124032,37885,Germany,Lille
981,44.351179629803624,1.6830311923866401,81827,France,Lille
982,42.44542826953489,0.5554403169299205,72938,Germany,Paris
983,41.218144843795926,5.96617954095293,56623,Italy,Paris
984,48.02529912535616,1.5008850845870514,80044,France,Paris
985,47.45767710442772,4.622656993899353,39380,Italy,Paris
986,46.50942972194904,4.760108232906404,63456,Italy,Lille
987,43.571960453645836,-0.7115223658195979,29668,Germany,Lille
988,49.331707103709235,3.402598688008873,53722,Italy,Lille
989,46.03441463436892,3.3618538673099945,52160,France,Paris
990,46.86087427254631,4.680843887393619,26112,Italy,Lille
991,47.43810186778788,1.6834496153624126,31695,France,Lille
992,49.57072674254262,3.912292703133863,88998,Germany,Lille
993,45.02560222005508,1.2105565433632317,57514,Italy,Lille
994,48.1225255082616,3.589967048541081,86827,Germany,Lille
995,41.42140593252587,4.060101665821847,81429,Italy,Lille
996,41.45292435292789,3.623692308734385,28753,Germany,Lille
997,48.30266998196289,3.763289289373775,67059,Germany,Paris
998,46.91183096294806,0.44671268734198266,51117,Italy,Lille
999,49.32458925330074,0.8779338101851715,56090,Germany,Lille
1000,49.22302406470483,0.925015787695014,72623,France,Lille
