id_facture,date,heure,payement_type,borne,prix_total,id_personnel,nom_item,prix_vente_item,prix_vente_menu,id_resto
4e3e9402-7c58-40f2-9ea4-f27b86c97ebf,1955-07-01,10:54:19,CB,0,16,0,Pizza,5,10.0,0
61616156-8ec8-40f4-8573-81d09013d756,1965-07-14,11:24:4,cheque,1,35,1,Pasta with Tomato and Basil,11,10.0,1
e6840208-07bf-4b3f-94c6-f64a9dee3faf,2017-09-23,11:38:41,espece,1,179,2,Mushroom Risotto,11,12.0,2
8b6c7f02-3b57-4498-a34e-83a0dff5f2fc,1983-12-19,9:10:22,CB,0,114,3,French fries with sausages,12,10.0,3
a4062a1b-cf85-4c9d-92d7-464b8dd7070a,1984-07-07,10:32:41,cheque,0,84,4,Pizza,9,12.0,4
55b0f375-398c-4508-b24a-8377ff3931cf,2020-08-26,10:59:44,cheque,0,90,5,Linguine with clams,2,10.0,5
c7830bf4-8f4f-447f-8cc4-3fc2be5e8749,1962-01-14,11:34:39,CB,1,75,6,Caesar Salad,11,11.0,6
8ad80b87-bddb-4fd3-a743-97272625ec32,1958-06-11,9:11:42,espece,1,182,7,Pasta and Beans,6,7.0,7
eef18205-e20f-4015-b52e-9b4d26600cab,1969-12-15,10:41:21,espece,1,145,8,Pasta and Beans,8,14.0,8
d39f606c-9e8d-4bc0-9bf5-7a8a8dc3c59a,2001-10-17,11:31:2,espece,1,185,9,Pasta and Beans,11,10.0,9
4f273c21-ca90-4b33-8eb2-043dc6838a1a,1995-06-10,9:44:18,espece,0,68,10,Salmon nigiri,2,14.0,10
b17b8579-05e8-4dfa-997c-b5c4ce27906d,1987-01-02,9:34:38,espece,0,129,11,Salmon nigiri,12,11.0,11
c3684aca-0072-401f-b93f-bc757eb607e9,2015-05-06,9:57:21,CB,0,53,12,Cheeseburger,10,13.0,12
552b830b-5cad-49a6-aba5-e74c0aa814aa,1971-09-27,10:7:28,cheque,0,187,13,Caesar Salad,11,13.0,13
9deee96e-676d-42eb-8929-5b0f3bb41274,2015-11-11,9:13:15,cheque,0,59,14,Fish and chips,5,8.0,14
997dccbe-a0cb-47f7-a25a-09d18155774f,1963-08-27,11:22:2,espece,0,30,15,Califlower penne,6,13.0,15
a5598297-0487-4481-b28d-02c02016da1f,1980-08-13,11:28:50,CB,1,73,16,Meatballs with sauce,3,10.0,16
a7084e24-9903-4da4-bc00-03c8644ffb0a,2013-12-10,11:15:58,cheque,1,37,17,French fries with sausages,2,9.0,17
6fcfe26a-f6fb-4d65-9ad7-e1893f305b02,1999-02-01,9:1:32,cheque,1,91,18,Bruschette with Tomato,12,12.0,18
f3733c6c-b17e-477c-8b88-192b7dbe3ca3,1955-12-23,9:56:32,cheque,0,184,19,California maki,2,13.0,19
b5ed9fd8-88de-4aec-b8e5-369131230aea,1955-01-27,9:22:45,cheque,0,24,20,Meatballs with sauce,11,7.0,20
c6331e78-4924-4fc9-a674-cb0fe603b52f,1966-06-06,10:45:26,CB,0,78,21,Barbecue Ribs,3,9.0,21
00684cfe-5cfa-4483-9e98-b84a68fd4492,1955-08-07,9:47:4,espece,0,136,22,Ebiten maki,9,13.0,22
f1316d0c-fc8d-4627-b2fb-ed9282cb809e,1967-10-05,11:42:20,CB,0,10,23,Bruschette with Tomato,4,9.0,23
586ddafc-eca9-494c-b532-33682a496bb6,2013-06-30,10:12:18,CB,0,141,24,Souvlaki,5,9.0,24
920a93e5-b806-4015-8391-5f9f7f07677e,1989-01-16,10:25:9,CB,1,76,25,Pasta and Beans,9,8.0,25
018da9be-0a14-4776-a793-da773cc6ff1c,1979-02-28,11:33:56,cheque,1,192,26,Philadelphia maki,3,11.0,26
b754325a-81da-45e0-8e1e-25476a0ba6fa,2021-07-21,10:1:39,CB,1,100,27,Scotch eggs,6,11.0,27
e2091c2a-bb84-4ef4-92cf-df5b3772f506,1989-06-17,11:47:1,cheque,0,30,28,Pasta and Beans,10,9.0,28
58834838-d764-452d-b232-b477285e960a,2000-06-19,10:0:7,CB,1,100,29,French fries with sausages,8,9.0,29
45a406c2-b04f-4099-98df-91bb34b78c92,2009-05-21,11:46:34,espece,1,142,30,Teriyaki Chicken donburi,10,13.0,30
ccdae6f1-605f-48bb-ac50-a3e4b4d6b1d8,1983-06-10,11:48:23,CB,1,15,31,French fries with sausages,10,14.0,31
ff2dd752-1ab3-4213-af04-5bd487c8a506,1992-10-25,11:47:40,CB,0,128,32,Bruschette with Tomato,10,8.0,32
3205dac8-78ab-463b-96a3-87cb3ffd8d6c,1970-08-19,11:42:29,CB,1,69,33,Meatballs with sauce,4,12.0,33
c25e4c1b-d841-42ef-87e2-da2ab83c7475,1982-12-10,11:10:43,cheque,0,180,34,Meatballs with sauce,11,13.0,34
500a76f1-3cdb-44af-ae16-89dda8cf3aa0,1993-10-30,11:0:12,CB,0,76,35,Bruschette with Tomato,5,8.0,35
b592de50-a388-42be-b4c4-ff10ea5635df,1986-12-19,10:35:38,CB,0,187,36,Fettuccine Alfredo,10,8.0,36
5cdd76a9-ee8e-4aeb-83c3-232612a2aff2,1963-05-22,11:24:41,CB,1,22,37,Chicken wings,4,13.0,37
df1f39ef-755d-4ded-9ed6-a445cbb0dabd,1959-10-30,11:54:35,CB,0,163,38,Pasta Carbonara,8,12.0,38
141faf55-aa39-457c-b3cc-7a540c7ac651,1970-10-31,10:41:5,CB,1,179,39,French fries with sausages,9,7.0,39
fb600e42-aafa-40da-8eef-48cda60b33d0,1992-05-15,11:5:56,cheque,1,158,40,Pappardelle alla Bolognese,8,7.0,40
a4e4f994-ee3d-4064-ad77-834ac65e3f80,1974-03-29,10:24:38,cheque,0,62,41,Tiramisù,6,8.0,41
77245bfa-c4ed-42ec-89c6-6219dd856673,1955-06-13,11:43:20,cheque,0,157,42,Souvlaki,6,10.0,42
c13168d1-5400-4018-9eca-8034e95c7615,2002-10-27,9:34:2,cheque,1,62,43,Fettuccine Alfredo,9,12.0,43
5d322657-4d41-4f59-b1d5-d90e3d950400,1994-08-30,10:56:56,espece,1,78,44,Tiramisù,10,10.0,44
a5741a5d-54da-4703-afe0-6578129cc5b3,1960-06-29,10:50:41,cheque,0,15,45,Katsu Curry,5,11.0,45
83df9aef-fa0a-4de3-8e5c-ada7bf8b1444,2019-12-04,11:21:37,espece,0,195,46,Scotch eggs,7,10.0,46
49a8e5ea-c605-4e3e-9b72-964457954dc8,1991-11-05,11:44:11,espece,0,151,47,Vegetable Soup,8,12.0,47
0de5d5f0-c578-42d9-a05e-07630321696f,2007-06-30,10:26:15,CB,0,188,48,Ebiten maki,3,12.0,48
5f2cfe79-c67a-46cc-89c3-0fa348adfb33,2005-07-25,10:56:58,espece,0,16,49,Pork sausage roll,2,13.0,49
917d5bf4-63f4-4761-a892-3ba98ce1117f,1961-05-22,10:45:50,espece,0,5,50,Pasta with Tomato and Basil,5,14.0,50
5c256532-0580-4eeb-9cd4-753292fd0e81,1998-10-10,11:7:57,cheque,1,181,51,Pappardelle alla Bolognese,9,11.0,51
cc97d004-c388-4ccb-9777-d09f2fe60bd1,1977-09-22,10:17:29,CB,0,28,52,Philadelphia maki,6,8.0,52
3efc49be-c088-4418-8413-980a070e11a5,1989-03-24,10:32:42,cheque,1,24,53,Pork sausage roll,5,9.0,53
8ba212c0-765f-40f4-8a02-23bd2eaf1e23,2018-03-28,11:15:17,cheque,0,48,54,Souvlaki,7,14.0,54
c66d7a8d-8ff5-4ead-ab19-00e7525ec044,1956-07-26,11:54:12,espece,1,6,55,Salmon nigiri,9,11.0,55
eb12f1c8-d54c-4b29-a715-5d452cfbf6b4,1975-01-23,10:37:27,cheque,0,199,56,Barbecue Ribs,11,8.0,56
b38578d6-ec5c-4b6b-981c-b88f20d260d6,1987-06-12,10:34:55,CB,1,22,57,Ricotta stuffed Ravioli,6,13.0,57
95d53024-27df-4b2d-9d45-f026cd570543,2016-10-22,9:7:32,cheque,0,55,58,Ricotta stuffed Ravioli,9,9.0,58
07b6a24e-4579-45be-8a1e-0252f744237a,2018-02-14,10:11:51,cheque,1,185,59,Tuna sashimi,7,7.0,59
8deeed86-9ca1-4800-b44d-d96ad14f6857,1988-08-15,9:9:44,CB,1,12,60,Caesar Salad,6,10.0,60
59e4ba23-4977-4ee7-9477-2f76e661f23c,1965-03-10,11:54:23,espece,0,156,61,Fettuccine Alfredo,12,10.0,61
5cd68680-53b8-4bec-b5e0-16893f818b54,2021-03-08,11:2:59,espece,1,168,62,Chilli con carne,10,9.0,62
a7d0523a-107f-4e6f-888e-0088d98a0749,1957-10-03,11:29:46,espece,0,108,63,Pizza,11,14.0,63
5aff7c06-f681-44ef-9395-c77e8df696da,2020-11-16,11:53:39,CB,0,120,64,Caprese Salad,12,14.0,64
3d71cafa-962e-4f18-a3a9-a64f4d36c656,1976-09-18,9:32:12,cheque,1,188,65,French fries with sausages,3,13.0,65
e7656d2e-7e04-4149-9cb9-4a8bf892f341,2013-03-26,11:49:55,CB,1,159,66,Pasta with Tomato and Basil,11,12.0,66
de23fab3-4c2a-4838-973f-087383b6ac75,1987-04-14,10:10:34,espece,1,139,67,Meatballs with sauce,5,13.0,67
bacb1749-ba01-4926-bbdd-b91ec2217114,1960-08-04,9:0:12,espece,0,109,68,Pizza,12,13.0,68
dbbf6593-bed0-49f4-8cb2-007cb04ed90b,1990-09-05,11:36:28,CB,0,13,69,Ricotta stuffed Ravioli,3,9.0,69
21e4aa08-d2d5-4867-8197-2f0069d84cb9,1976-06-08,9:4:19,espece,1,125,70,French fries with sausages,8,9.0,70
c5386f27-6160-4e2b-a9f2-8d3a1a8443fe,1969-08-30,10:25:32,CB,1,192,71,Chilli con carne,10,12.0,71
5df2df0f-8427-4364-8ada-671b21bdadf7,1989-10-01,9:17:43,cheque,0,112,72,California maki,12,11.0,72
d5d10ea9-7f50-49c9-8507-4baa383145ae,2015-01-09,11:5:55,espece,1,52,73,Risotto with seafood,7,14.0,73
ba9f27fc-67de-4c01-8e1a-5b947ed21174,1961-06-16,11:51:58,CB,1,41,74,Souvlaki,7,10.0,74
5d09c73f-b526-4a32-b559-1e15c858b483,1960-11-09,11:35:1,espece,0,80,75,Chicken Fajitas,6,8.0,75
07ddde9e-98bc-4ce9-af02-2370f12b33d4,1993-02-05,10:53:59,CB,1,144,76,Barbecue Ribs,3,13.0,76
cc33ace0-4334-472a-affa-30e42fcd2dce,1969-10-18,9:16:20,CB,0,82,77,Ebiten maki,8,14.0,77
76a7ffa6-5f38-4913-b55e-8084e0eb0d71,1972-04-21,10:10:16,espece,0,181,78,Fish and chips,5,12.0,78
b6b285dc-713e-464c-afae-d5bc4430938d,1965-04-27,9:24:54,CB,1,12,79,California maki,12,8.0,79
dbd94c1b-4c30-46db-b691-801262ba7036,1956-07-23,11:51:40,cheque,0,62,80,Pork sausage roll,3,12.0,80
65928a81-90ba-4ec6-8841-f22a7753686b,1973-05-31,9:7:31,espece,1,115,81,Fish and chips,3,13.0,81
e92a8535-18a2-41d5-8cde-e1a128810ea0,1978-06-12,10:51:28,cheque,1,157,82,Bruschette with Tomato,6,8.0,82
da54039c-b9af-4bb1-a577-0680930695b5,1998-02-01,9:20:6,espece,0,79,83,California maki,2,9.0,83
f9deaa9d-85e3-4857-ab50-29c5898cd63d,2020-10-12,11:22:32,espece,1,80,84,Ricotta stuffed Ravioli,7,13.0,84
2ca53f2e-4d90-4e92-b60b-0bd2e88f5033,2002-05-28,10:36:31,espece,0,180,85,Ricotta stuffed Ravioli,9,11.0,85
b3a76bce-0cba-472c-975c-85d3599093aa,2011-03-10,11:53:0,cheque,1,9,86,Meatballs with sauce,2,8.0,86
9133d170-6676-4765-88ca-af7ae9dd7322,1985-12-05,9:3:34,cheque,1,187,87,Chicken milanese,11,7.0,87
fa663d50-099e-44ab-a715-7b9e0d2e8b62,1988-05-24,10:37:21,CB,0,22,88,Bruschette with Tomato,9,8.0,88
00648091-335a-47ee-b466-b74cf0689efa,1966-02-15,9:27:8,CB,1,192,89,Chilli con carne,3,11.0,89
b07c42fc-34b6-4662-8225-54fb0420843a,1986-01-21,9:37:22,cheque,0,5,90,Lasagne,12,12.0,90
66f81ffa-7d63-4be6-a2f6-e64c32edf228,1962-10-03,9:41:0,cheque,0,139,91,Chicken Fajitas,8,12.0,91
210f61da-f332-46c7-874c-dd3d3b939ea2,2003-12-11,11:59:42,espece,0,83,92,Barbecue Ribs,12,14.0,92
9f83e7b9-1a8f-4ffd-a452-9a6ba6a6338b,2010-03-10,9:50:36,cheque,1,48,93,Mushroom Risotto,12,11.0,93
5bf86eda-aee9-45b3-9c44-cdeed7192ae7,1977-04-16,9:8:50,cheque,1,196,94,Souvlaki,12,8.0,94
9690d025-4a55-4f34-b740-e951c3d1c889,1981-03-29,9:31:40,espece,0,61,95,Caesar Salad,12,13.0,95
b7343e9b-6b83-4de9-978f-1a714514ad69,1960-08-16,9:53:19,CB,0,51,96,Fish and chips,12,14.0,96
31a99a30-10c5-4311-81cc-b0327cb76551,2011-12-09,9:55:24,CB,0,88,97,Barbecue Ribs,11,10.0,97
9930fba0-7556-4702-b69a-0f45bc62af33,1968-12-31,9:51:42,cheque,1,93,98,Tiramisù,7,14.0,98
c20aa8e8-4d17-47cc-9fd4-f820113d264b,1988-08-18,10:56:50,cheque,1,82,99,French fries with sausages,7,11.0,99
a7ce1c8e-aecc-4134-b572-d3c4f84e2c0f,2019-02-05,10:30:21,espece,1,147,100,Teriyaki Chicken donburi,8,,100
bf9cd48e-ad93-4bd9-a9b9-a328a9817b74,1957-12-02,11:59:37,espece,1,137,101,Caprese Salad,5,,101
7c8570b4-60cd-4b5d-bdfd-5dc47290efb4,2022-10-13,10:3:52,espece,0,108,102,Tuna sashimi,12,,102
cfb11370-47dc-4a22-bd7c-8f000972c4f6,1972-03-15,10:21:14,cheque,1,35,103,Souvlaki,3,,103
34f24a12-61d2-4d46-a9c7-d959aea29a46,2005-07-13,9:32:5,espece,1,79,104,Bruschette with Tomato,4,,104
70c5789d-48d6-407e-9cbc-b0fb5be67083,2002-08-07,11:48:27,CB,0,118,105,Lasagne,12,,105
3460b910-da49-490a-ad77-55f76b79b50e,1961-10-28,11:27:23,CB,1,131,106,Pork sausage roll,7,,106
4e029087-cbc5-49a3-8c67-f6d3ad7927ed,1954-01-28,9:9:43,espece,1,31,107,Ricotta stuffed Ravioli,6,,107
ccf6d53e-374d-4a93-9320-3d91f30aa4ea,1988-08-01,9:30:8,CB,1,151,108,Pork sausage roll,10,,108
5c9dab47-e5ec-4c8e-adaa-5fac302043b9,1999-11-11,10:56:48,cheque,0,168,109,Chilli con carne,10,,109
dd99afbc-1af4-463b-b9ae-f7636ccfcd76,2006-08-27,11:49:44,CB,0,95,110,Chilli con carne,9,,110
7fd40ada-bb00-4509-b5a5-5a0786984c4c,2013-04-02,10:56:4,CB,1,52,111,Teriyaki Chicken donburi,2,,111
48a6595b-3370-4cb3-b218-9cbfb9e40166,1961-08-09,11:59:19,CB,0,35,112,Chilli con carne,10,,112
b1946e15-79ce-4032-b909-269e984f914e,1993-08-30,11:59:38,cheque,1,21,113,Salmon nigiri,2,,113
b36bee47-528f-4e80-87f2-04f02d5d67ee,1956-01-27,11:18:13,espece,0,96,114,Ebiten maki,2,,114
ad0c2d57-0910-4f19-989a-e0927d39ae02,2005-12-25,11:22:31,espece,0,59,115,Scotch eggs,3,,115
2bc242a4-c897-4cf5-a427-494864ba90a7,1956-01-06,11:12:32,cheque,1,38,116,Fish and chips,3,,116
afaf5748-e9ea-4cbb-abe3-929149d92da5,1985-03-05,11:14:30,cheque,0,84,117,Pasta and Beans,2,,117
68f476a7-0804-4645-bed0-b81169622bf8,1972-03-13,9:5:17,cheque,1,99,118,Pizza,11,,118
9f024e07-19c2-4a44-95c4-2061c6c265f9,2007-08-14,10:13:42,cheque,1,109,119,Pasta with Tomato and Basil,8,,119
23483d4b-cb04-449f-a879-94cf120198d3,1993-02-22,9:24:49,cheque,1,137,120,Souvlaki,9,,120
e0cb5e2a-6a95-4022-807f-190cfe29db37,1990-12-17,11:20:55,espece,1,160,121,Chicken milanese,11,,121
4a5a010b-471c-4738-9283-798d6da90076,2006-11-02,11:43:3,cheque,0,8,122,Pappardelle alla Bolognese,10,,122
ca602757-deee-449a-a324-8f30f8e33f56,1953-11-01,11:13:5,cheque,1,50,123,Linguine with clams,11,,123
dec5f745-0596-422e-96fe-b28d43c157f4,2002-01-19,10:6:4,cheque,1,48,124,Pork belly buns,12,,124
e474637c-72bb-49d0-8045-5dda1b24f065,2002-07-14,9:18:26,cheque,0,175,125,Chicken milanese,5,,125
a2416d42-b65b-4d04-8e1d-a0d386f5f397,2003-06-14,9:7:12,CB,0,162,126,Risotto with seafood,4,,126
e8a0eaee-7bb2-4412-9034-aea794b1e4a8,1994-01-03,11:41:26,CB,0,25,127,Barbecue Ribs,6,,127
d28be653-a401-4835-96a9-5b5c4551afc6,1996-04-28,10:59:44,CB,0,65,128,Katsu Curry,2,,128
e6806f4c-cb62-410e-a438-9404b487dd06,1958-09-14,10:1:30,cheque,0,194,129,Mushroom Risotto,7,,129
a58ca218-7954-4849-b55a-1d6a4e2bbfb3,1964-01-09,11:32:29,espece,1,50,130,Katsu Curry,9,,130
698c8da5-14a5-44c5-b8c7-a73c79f9940c,1977-02-03,10:19:50,CB,0,46,131,Pasta Carbonara,3,,131
8be628b2-5fbf-4fa7-8d1f-bb40a26220c1,2009-06-09,11:21:23,cheque,1,131,132,Cheeseburger,8,,132
5319dec8-c0aa-4b0d-a423-4e75844e6780,2014-01-05,11:0:32,CB,0,74,133,Mushroom Risotto,8,,133
5d025e1a-0b2e-46b0-bede-67959285c277,1959-07-29,9:15:43,espece,0,173,134,Cheeseburger,6,,134
20f66593-6761-4f30-af2e-56b17252d210,1985-07-30,9:2:57,CB,0,89,135,Fish and chips,7,,135
0645a844-10cc-4d9f-9ffd-72457409c873,1971-02-27,9:44:32,espece,1,191,136,Philadelphia maki,4,,136
8d4064b1-fc57-410f-9760-ac1935456f58,2001-12-28,10:52:48,cheque,1,132,137,Ebiten maki,4,,137
6264d6f2-b448-46ab-b59e-b58b605ada55,1992-04-27,10:24:37,cheque,0,6,138,Caprese Salad,9,,138
d09f1f8b-5b8a-45ac-a2ee-8598f50e00ac,2022-09-15,11:45:59,cheque,0,137,139,Caesar Salad,10,,139
ff7e1343-3e6d-4244-947e-3cdc9139997a,1990-08-29,9:45:48,espece,0,83,140,Ricotta stuffed Ravioli,8,,140
afbb88fa-321a-4c67-ac86-0b0e65068292,1966-02-23,11:31:12,CB,1,132,141,Vegetable Soup,6,,141
007783d1-9a77-48f5-80dd-16cb430f531c,1975-09-21,11:29:10,espece,0,90,142,Pork belly buns,11,,142
e28ed36a-c1c4-4e69-a1c1-aec9761f25bd,1986-01-30,10:29:34,cheque,1,190,143,Philadelphia maki,11,,143
e4f2ea76-a822-4edc-8857-3e0c2449113c,1978-08-19,9:21:54,cheque,0,51,144,Pappardelle alla Bolognese,7,,144
75752290-90d3-4564-815f-ff7126d6e810,1980-01-26,10:47:34,cheque,1,136,145,Pasta Carbonara,9,,145
bd1fca40-6638-4715-9a3a-95ee94301f98,1985-07-16,10:20:31,CB,0,72,146,Teriyaki Chicken donburi,9,,146
1ac42dc2-33ff-44ec-bf55-2ad340a59208,1955-05-09,11:6:39,CB,1,145,147,French fries with sausages,6,,147
16bbc455-b881-457a-8efe-87591ac4710d,1990-06-04,10:27:59,espece,1,122,148,Barbecue Ribs,6,,148
2b30dd93-0d2b-4384-88bc-b63bcead6584,1983-12-08,11:59:14,CB,0,160,149,Caesar Salad,5,,149
4404d002-3520-4d71-ba9b-d6a0bd4ecafa,1964-05-19,10:33:35,CB,1,191,150,Salmon nigiri,10,,150
270e0572-13dd-472b-b6bd-2260408f0de1,1982-09-14,10:22:3,CB,1,147,151,Califlower penne,10,,151
df76b1ee-30b6-4bbd-ac96-d099901a98ae,1966-04-13,11:44:40,cheque,1,182,152,Ebiten maki,2,,152
196a3a0d-2b39-4160-840e-05df88e27d6f,1995-10-17,9:34:57,espece,0,121,153,Ebiten maki,11,,153
1c7f575c-3293-4047-86f4-32fb30220d93,1954-12-25,10:45:35,espece,0,143,154,Chilli con carne,9,,154
d280ab77-57bb-451d-9acc-f0b84c13f9b3,1956-08-30,10:21:37,CB,0,50,155,Pasta and Beans,3,,155
5f16837a-1d61-47df-8a7e-3cefb761a287,1956-05-08,9:49:24,cheque,1,130,156,Pasta Carbonara,7,,156
b1ab4731-e15f-4b8c-a167-f4172749c5c4,1958-12-18,9:15:51,espece,1,96,157,Pizza,5,,157
3dda3dc2-f394-4f3a-9979-0d138c21bfb0,1962-02-10,10:11:34,CB,1,120,158,Barbecue Ribs,11,,158
b1b4ee67-0130-4317-b3e8-f92c47d4f8ba,2020-09-25,11:9:46,espece,1,38,159,Pasta and Beans,6,,159
ebeebf24-8659-4ae5-b428-44966f61bc1f,2022-07-30,10:42:24,CB,0,73,160,Salmon nigiri,10,,160
f8ba6ce2-9dae-4284-bcd7-ec344f885713,1997-05-13,11:32:37,cheque,0,153,161,Pasta and Beans,11,,161
eae9a315-a318-4f50-834e-e24582ddd2ef,1980-03-13,10:21:25,cheque,1,96,162,Philadelphia maki,3,,162
f2188eda-c671-410c-b288-16091e795411,2012-05-12,9:20:21,CB,1,166,163,Lasagne,9,,163
f36f5cbd-bdce-411d-a10e-925566540d0d,1966-05-14,10:42:36,cheque,0,151,164,Ricotta stuffed Ravioli,11,,164
1a09eab4-97a1-4d87-8695-84973ebb410b,1970-11-09,10:14:20,CB,1,162,165,Bruschette with Tomato,2,,165
7871739b-c2bd-4d4d-973a-582027ff3a41,1991-11-15,11:3:18,CB,1,81,166,Ricotta stuffed Ravioli,6,,166
17832678-3a09-4d79-95ab-2f8164f02b14,1992-12-06,9:27:2,CB,1,9,167,Bruschette with Tomato,8,,167
86712526-49b2-4da1-b41d-a22b7a26db83,2014-12-29,10:8:4,espece,1,61,168,Fish and chips,3,,168
8dfe237e-e191-4584-998d-f58f27d583cf,2006-10-30,10:8:0,espece,1,163,169,Katsu Curry,4,,169
65db90ce-5e04-44b1-879b-3505b6fdc3c1,1973-09-06,9:30:10,CB,0,12,170,Lasagne,10,,170
a90e4ff6-4824-4d70-b431-980af0ff942a,1982-06-24,10:29:25,espece,0,35,171,Pork belly buns,3,,171
e2560506-95cc-4a05-ba9b-7ece13a540aa,1992-03-01,10:59:16,espece,0,104,172,Vegetable Soup,7,,172
1b2eaffc-7b66-4349-8d86-82b90fe1f287,1989-10-05,10:22:39,espece,0,6,173,Ricotta stuffed Ravioli,11,,173
f9bef100-d538-4bac-99a9-f395e9dc84c2,2009-05-31,10:10:26,CB,0,10,174,Teriyaki Chicken donburi,11,,174
44a0a5a3-d3fd-407b-b216-0890067de5a1,2018-01-01,11:52:47,cheque,0,171,175,Mushroom Risotto,6,,175
1ff6c2d4-f903-47d7-b4eb-33a7b6c5308e,2012-08-12,9:9:6,cheque,1,122,176,Tiramisù,9,,176
fc0acf17-3777-49e4-94a3-35febb4beb86,2008-06-12,9:21:53,espece,1,35,177,Katsu Curry,7,,177
13fc866a-c8f1-4bf5-af18-cb18bfd5497e,1960-02-23,9:43:59,cheque,1,181,178,Souvlaki,9,,178
9ce90977-4f1c-4b97-acd8-aaf91a0dcedb,1960-09-09,10:46:47,cheque,1,74,179,California maki,2,,179
d89bfc98-f4d3-4ad8-827d-340f54c229e0,1994-11-03,11:55:51,CB,0,62,180,Pork belly buns,6,,180
2c6ae274-ccba-4c4d-8eed-1746c4da1f6f,1965-12-06,10:19:12,cheque,1,110,181,Califlower penne,11,,181
e0fee198-05b6-4710-85dd-1b2b07beadb5,1998-06-11,9:14:27,espece,1,175,182,Pizza,5,,182
1ad7f936-2527-4b51-bc67-343f6bab2bff,1953-12-22,9:10:10,espece,0,179,183,Barbecue Ribs,5,,183
2b39dddc-e985-4dae-add8-0264c2690af1,2016-03-01,9:55:28,CB,0,194,184,Pappardelle alla Bolognese,12,,184
1d01af21-8361-4893-bfde-de88091bdf65,1964-07-29,11:2:4,cheque,1,156,185,Califlower penne,12,,185
68b5e1aa-d349-4900-b55d-5cc9b251ad44,2006-08-11,11:36:23,cheque,1,9,186,Bruschette with Tomato,2,,186
94cb2ede-65fa-4c02-b389-8d52d20801c8,1983-07-20,11:9:14,CB,0,177,187,California maki,6,,187
b26b2941-705e-45e2-8a1e-4d8f1d94070a,1984-05-22,9:23:44,espece,1,5,188,Pasta with Tomato and Basil,2,,188
c7fa2f4a-cd69-4a8a-844c-16befb4626f6,2019-12-04,10:10:53,espece,0,177,189,Vegetable Soup,6,,189
0310f1f4-4f55-4323-a407-4a3524d6dc08,1974-11-04,10:14:55,espece,0,180,190,Salmon nigiri,2,,190
c821c7a4-c3c0-4a61-bf9d-59f7475603d6,2002-01-14,10:35:10,CB,1,11,191,Pappardelle alla Bolognese,6,,191
e7ac4ea4-385c-40d2-a4c5-67e9259a115c,1978-03-12,10:10:42,CB,1,45,192,Linguine with clams,4,,192
e262d19f-668d-4591-9ad8-9bf34d749fc2,2017-01-27,10:4:56,cheque,0,173,193,California maki,12,,193
442a4811-6e41-4999-a7e6-ee83eeef47cd,1963-06-10,9:10:46,espece,0,26,194,Ebiten maki,12,,194
cee85538-bfab-49de-8c00-e3434ea45406,1959-04-02,10:39:4,espece,1,172,195,Meatballs with sauce,9,,195
99a57377-d7f3-41de-965d-0431ab8f85dd,1955-05-24,9:25:44,espece,0,162,196,Caesar Salad,11,,196
c9cf68f9-111a-4f06-b476-170c6e758a81,2007-09-29,11:34:47,cheque,0,86,197,Chicken Fajitas,8,,197
fcb42fdc-681f-4a99-a4d1-c2ee7ca527f0,1987-11-02,9:29:25,espece,0,27,198,Pizza,5,,198
73625316-35c3-4b5c-af18-877850b32207,2017-11-10,10:49:5,espece,0,59,199,Meatballs with sauce,10,,199
6e6fb4dc-272a-4843-b246-7778aca03a16,1991-05-21,9:40:13,cheque,0,136,200,Fettuccine Alfredo,9,,200
c93e545d-786d-4283-8d5d-aeb4bb834577,1969-07-29,9:21:47,CB,1,142,201,California maki,11,,201
9be6e55e-c954-4752-b5e4-5da51348ac67,1955-12-19,11:48:35,cheque,0,74,202,Pizza,7,,202
9768332e-0bef-486d-a337-ac64cac379b2,1971-07-11,9:55:34,espece,1,160,203,Vegetable Soup,7,,203
0ae05acd-0d3a-4730-b10f-672369a57d48,2001-01-30,9:58:51,CB,0,42,204,Fettuccine Alfredo,5,,204
1b30dd60-b442-4368-b7ff-62f731a4aa6a,1992-09-23,9:44:7,cheque,0,171,205,French fries with sausages,12,,205
c731c021-ae3a-4e2e-a03c-b212bd05792a,1997-06-04,9:5:56,cheque,0,104,206,Pork belly buns,5,,206
a780b12a-a2a8-434b-910a-b6d8a8a904bd,1996-11-01,9:58:40,espece,1,104,207,Chilli con carne,6,,207
08d5667f-9201-4fa1-b706-11e32967b580,1954-02-13,10:21:11,espece,1,180,208,Chicken milanese,6,,208
cdfef423-e6da-4128-9cea-544353198350,1979-01-04,11:54:51,cheque,1,27,209,Chicken wings,12,,209
35448ff7-bf53-431d-ae6a-3297e4088821,1955-02-02,10:21:1,CB,0,68,210,Souvlaki,8,,210
8e3bdc15-05ac-4cc3-b94a-9ca9b45622d5,1985-05-14,9:1:6,cheque,0,91,211,Ricotta stuffed Ravioli,3,,211
4d6fe594-b1b6-47e6-9949-a46d3a8482e6,1968-08-19,11:48:35,CB,1,197,212,Pasta Carbonara,12,,212
915c032f-f3f0-4a5d-8005-6abae261f844,2013-10-19,10:47:57,CB,1,80,213,Cheeseburger,11,,213
890c169a-8c1d-4c63-bd5d-35b00810b9d2,1998-10-22,9:4:43,CB,1,15,214,Califlower penne,9,,214
ac17efd1-ab2f-41f9-a0e5-075b718b9319,1995-05-01,9:22:54,espece,1,9,215,Barbecue Ribs,11,,215
53d95993-acba-4c64-9dcc-254c41a66466,1968-06-16,9:21:4,cheque,0,14,216,Chicken Fajitas,11,,216
43e7f5ec-6747-4777-b108-df07c5e196a9,1995-11-05,10:32:5,cheque,0,52,217,Tiramisù,6,,217
cdfb0681-e34c-4e36-a2d3-7c15ccf25cab,2007-09-23,9:34:48,cheque,0,157,218,Chicken Fajitas,3,,218
bfa3c57f-52cf-459e-9d4f-3a5f972373a2,1979-06-08,10:56:48,CB,1,130,219,Philadelphia maki,8,,219
f55b3275-211d-4c77-81b6-8f8ba6d1f06f,1995-04-06,10:25:39,cheque,1,13,220,Bruschette with Tomato,11,,220
d0c37523-4e76-41ca-948f-46b92a59da5c,2011-07-20,9:40:17,cheque,1,106,221,Fettuccine Alfredo,11,,221
d91af416-dc4e-4eb9-a8af-1a330c69a7ab,1975-05-26,10:10:47,cheque,0,198,222,Califlower penne,5,,222
aa67c77e-64e9-44ba-8f7a-fbc720324e32,1956-12-30,11:27:47,CB,1,35,223,Pork sausage roll,10,,223
f0fbf743-fe80-4a6c-a843-376df995cea4,1985-08-24,10:26:58,CB,1,164,224,Scotch eggs,5,,224
4a57cae8-227e-4959-b030-84c39b6c27a1,2003-06-25,9:15:26,cheque,1,141,225,Ebiten maki,2,,225
0a6e0bb1-373b-4e83-b989-1da091ffbef3,1994-09-01,10:58:49,espece,1,185,226,Lasagne,10,,226
05b4249f-7eac-44db-84c6-53291f90bd43,1998-08-06,10:30:27,espece,0,80,227,Pasta and Beans,6,,227
465d3d86-ce79-4f4e-8780-1d3073fd555f,2008-04-07,10:29:39,CB,0,92,228,Ricotta stuffed Ravioli,9,,228
0a97ce94-0d0d-4955-9ef7-3b8060d21237,2000-08-21,9:43:13,CB,0,56,229,Teriyaki Chicken donburi,3,,229
4fc42e7c-00ab-4b71-81d3-6ddbb1328512,2013-12-07,10:45:11,cheque,0,59,230,Fettuccine Alfredo,12,,230
591526aa-46f1-43ea-9420-1ffbaca01b92,1977-07-23,10:10:28,espece,1,71,231,Vegetable Soup,7,,231
61c955f7-3bc9-437a-8fb5-a7b32480c067,1960-11-17,11:39:43,cheque,0,181,232,Fish and chips,7,,232
8c356ebc-eb26-4421-b6b2-e650ff7fb57b,2014-06-20,9:52:51,espece,0,20,233,Pork sausage roll,6,,233
99e129c4-8f95-4863-9e34-e08b78ae229c,1985-11-15,9:13:53,CB,0,135,234,Barbecue Ribs,7,,234
54ae14e5-9e42-412e-802b-84d08975d743,1966-04-18,11:2:12,cheque,0,150,235,California maki,11,,235
9dabbbb5-16fb-4100-9bda-a066a423ffc1,2013-06-05,9:38:51,espece,1,123,236,Barbecue Ribs,3,,236
43b34409-eb28-47a5-bf8d-10d2bcb996f1,2018-06-24,11:30:10,espece,1,166,237,Ricotta stuffed Ravioli,7,,237
b31b7598-b4b7-4864-9aef-8c42f4fb01fb,2010-08-13,9:50:8,cheque,0,136,238,Chicken milanese,12,,238
c2dabae5-9c69-46c3-8474-f734575cdbbd,1974-03-11,11:47:49,cheque,0,163,239,Caprese Salad,8,,239
53b7862d-b862-4265-9433-6011bea49f41,2008-03-31,10:54:15,CB,0,16,240,Chilli con carne,3,,240
8cbb2c48-da7e-4948-882e-cc2bd0016ee9,1972-05-18,9:58:1,cheque,1,150,241,Souvlaki,10,,241
57979e9a-025e-47a6-9785-edde63c92216,2022-02-16,9:28:36,espece,1,5,242,Lasagne,9,,242
139f436b-6599-49d7-ad91-19dc8179a150,2015-08-22,11:17:57,CB,0,134,243,Scotch eggs,10,,243
3f40822c-c58c-411e-a665-fb7b4f305350,2018-01-23,10:16:34,espece,1,160,244,Vegetable Soup,11,,244
451091df-a36a-4ad2-9581-311dba21fcd2,1987-05-14,11:30:34,espece,1,188,245,California maki,4,,245
456f28d7-1fa3-4716-a0d9-2557523ceb87,1975-10-31,9:29:28,espece,1,84,246,Chilli con carne,10,,246
a46dc768-468b-4e2f-ae54-1db158225d03,2002-07-13,11:45:18,cheque,0,126,247,Fish and chips,3,,247
c9648df6-a768-420e-9cd3-243a57f0f530,1971-04-04,9:59:6,espece,0,135,248,Vegetable Soup,11,,248
b86a829c-5a08-4423-b059-a410cd5d4430,1959-10-06,9:18:14,espece,0,135,249,Pork belly buns,6,,249
ced5c6a4-b701-4a22-b7a3-16781dd2fc33,1985-12-05,9:35:16,CB,1,21,250,Philadelphia maki,7,,250
492101d7-95a3-44c1-b983-f3d2a10aac00,1998-11-26,9:50:32,CB,1,121,251,Califlower penne,8,,251
a018d1d4-dffb-4158-b706-4890d9fcc776,1979-11-08,10:48:59,CB,0,164,252,Pork belly buns,7,,252
fe28f9ff-09d8-4e54-a9cb-0bd598978267,2019-02-14,9:52:41,espece,0,42,253,Risotto with seafood,8,,253
4dc86524-07c6-410f-8ad6-5cf2535cc394,2006-09-13,10:48:53,espece,0,124,254,Katsu Curry,6,,254
f199c2e5-a84f-4640-8fdc-cd171c97651d,1999-01-29,9:52:42,cheque,1,120,255,Pasta with Tomato and Basil,11,,255
931112d1-556f-4247-84b1-a4a97fa9ef34,2005-08-27,9:16:16,cheque,0,88,256,Caesar Salad,3,,256
eaed59e4-b08d-4c67-a796-034ba698a065,2004-06-11,9:41:12,espece,0,44,257,Pasta with Tomato and Basil,4,,257
cb59e95b-e89b-40fb-a78c-43310512350f,2002-08-05,10:32:27,espece,1,158,258,Ebiten maki,7,,258
30481de6-86ed-43ed-806b-1330e957de2a,2018-02-03,10:27:8,cheque,1,129,259,Pasta Carbonara,9,,259
b6f3df74-7a81-42a9-a2c1-4454b8ede4c1,1976-02-25,9:59:15,espece,1,152,260,Ricotta stuffed Ravioli,12,,260
c339e54e-de31-471a-a34f-02321a49e0cb,1973-04-24,9:56:39,cheque,0,84,261,French fries with sausages,9,,261
08ba96c6-7851-46e1-89f4-f2360edc1d55,1962-02-26,9:43:16,espece,0,27,262,Lasagne,3,,262
0d57333a-be90-451c-ad71-999a51dcfe69,2021-06-23,11:1:9,espece,1,123,263,Pasta with Tomato and Basil,6,,263
fdca5848-3b34-4d47-9d4b-71c0b1e696d5,1987-11-01,11:50:5,espece,0,125,264,Fettuccine Alfredo,2,,264
6b56217a-3b90-4ef0-b8a8-6df9081d2058,1956-12-13,10:16:15,cheque,0,88,265,French fries with sausages,2,,265
bcb7f741-08f1-4363-afc1-e8e6292ba115,2009-04-25,10:22:5,CB,0,185,266,California maki,7,,266
8d628fca-7236-42b6-af97-697dc0a4b0e2,1998-03-08,11:57:6,cheque,1,133,267,Barbecue Ribs,6,,267
e20d4c19-1bd2-4e51-ba55-f416a5e6114c,2005-05-16,9:42:41,CB,0,61,268,Salmon nigiri,12,,268
a9c70a32-13b1-4032-a09b-3c1cfe09c4d1,1994-05-21,10:55:9,espece,0,135,269,Bruschette with Tomato,6,,269
f4ef7a05-8fc3-4151-ac0c-cbcbbdbd399c,1960-05-02,11:49:13,espece,1,181,270,Pasta with Tomato and Basil,12,,270
e1bd8171-3a72-4cc0-8b32-fc68f1d1d904,2002-04-19,11:7:37,CB,0,79,271,Teriyaki Chicken donburi,2,,271
5a1eb70f-720a-44fe-9a35-e9df68eceee4,1953-07-30,10:27:55,CB,1,23,272,Teriyaki Chicken donburi,8,,272
a34ecc41-514b-4260-9942-f1805148e259,1992-11-08,11:24:3,espece,1,27,273,Caprese Salad,4,,273
b4794384-46b2-4d28-b8ae-322b99db2a2d,1998-01-02,9:3:1,CB,1,109,274,Katsu Curry,10,,274
bf2a8b03-5051-408f-873b-6cf190c40b61,2002-07-09,9:56:28,cheque,0,134,275,Risotto with seafood,5,,275
d493b37b-40a5-460d-8a7a-3ca20cc2dacc,1961-08-04,9:19:13,cheque,0,176,276,Barbecue Ribs,6,,276
be64d446-9c27-4f12-84eb-4edd1261eab4,1990-03-26,11:36:8,CB,1,188,277,Salmon nigiri,7,,277
15b4c935-f635-43b9-98c4-b5f7aa97a8bd,1970-11-16,11:43:40,espece,1,189,278,Chicken wings,6,,278
614c55f5-443a-4bfd-966a-9bf121848d0b,1988-05-30,10:43:10,cheque,0,127,279,Scotch eggs,5,,279
e2626818-a613-45e6-bbc8-bef8d80651f7,2005-07-18,10:39:9,CB,0,129,280,Philadelphia maki,10,,280
eb4c4eab-9c74-463b-97d0-6bd5977fbb39,1960-05-12,11:15:10,cheque,1,85,281,Ricotta stuffed Ravioli,7,,281
4a96bdc4-e50f-4d33-86c5-1c726bb0d1fb,2022-03-11,9:5:55,espece,0,199,282,Meatballs with sauce,3,,282
de2a49d4-a950-402a-a0e9-eff3eb45661d,1990-10-07,11:14:59,CB,1,145,283,Souvlaki,10,,283
3d5be61d-97e1-4f4f-8eae-6a36896fde6f,1971-07-14,10:56:23,CB,0,9,284,Pasta Carbonara,4,,284
7fccd141-02aa-4b97-8423-bc0dd98a00f1,2009-01-22,9:30:0,CB,0,93,285,Tiramisù,10,,285
d0b576e1-73b7-4c68-9246-8006fdbe7c14,1956-06-02,11:8:52,cheque,1,140,286,Katsu Curry,5,,286
80d7a77b-dee7-4126-83e7-7b0750851df9,2013-09-15,11:1:19,espece,0,147,287,Scotch eggs,8,,287
f8aaf0bb-0239-4d64-945c-0a7564516800,1958-12-21,11:0:2,cheque,0,180,288,Bruschette with Tomato,10,,288
07e3145f-2808-4925-a58f-d60a2830edef,2000-12-17,11:25:16,CB,0,135,289,Teriyaki Chicken donburi,10,,289
a3a78fa0-9480-4834-85e3-1c6ba5a3d6c7,1979-04-23,11:43:45,CB,1,8,290,Pizza,9,,290
5f318edf-96ea-484c-8a12-7460284461db,2021-05-17,9:35:43,cheque,0,67,291,Chicken milanese,11,,291
79feb2e1-1f82-4c0c-af63-5fa81d1d0baa,1988-10-12,11:53:47,cheque,0,28,292,Bruschette with Tomato,8,,292
a04da643-da83-4e42-ae07-76687c9e2466,2000-02-21,10:21:46,espece,1,184,293,Pork belly buns,2,,293
397e60ca-39df-42bd-a32b-4cc6000fe6c0,1993-11-28,11:20:26,CB,1,197,294,Fish and chips,2,,294
dc2a1a90-a1d8-4f94-b3d5-bfd7287d94e5,2019-06-04,10:23:11,espece,1,96,295,French fries with sausages,4,,295
5313a637-2b24-4f89-afe0-5993bf4d32fa,1983-08-02,10:30:41,espece,1,63,296,Pork belly buns,8,,296
3a584aed-db05-4ee9-98d6-2952c3a8d790,1973-11-25,10:16:7,CB,1,120,297,Linguine with clams,9,,297
b5cc2d63-9297-41a2-b1c8-ebad5ef4b1a7,1981-11-21,10:32:27,espece,1,121,298,Fettuccine Alfredo,7,,298
29ca4daf-4984-472b-bd62-42451eaeaa0d,1992-01-24,9:37:35,espece,0,130,299,Risotto with seafood,7,,299
4f01bede-db06-42d4-a6d3-93c7fc653c71,2000-10-10,11:14:0,espece,0,126,300,Vegetable Soup,9,,300
13bc87ea-cae7-4014-bad5-344d17e63a25,2021-04-03,11:31:15,espece,0,45,301,Risotto with seafood,7,,301
807a1b73-64a9-4cd8-a095-784520572806,1974-12-19,9:25:19,espece,1,120,302,Teriyaki Chicken donburi,11,,302
576992e5-46fb-4870-978d-dba5328a2efd,1970-02-28,9:16:23,CB,0,177,303,Mushroom Risotto,3,,303
6046ea34-ea05-449c-942e-18ef7cb351b7,1983-06-21,10:44:51,cheque,1,114,304,Vegetable Soup,5,,304
37fe9a26-f59d-49a0-8d2d-9ba7473cdb15,1959-11-10,10:30:10,cheque,0,127,305,Pork sausage roll,9,,305
b0dcb415-8637-458a-ae0b-05409043fcf3,1956-05-20,9:33:11,espece,1,133,306,Scotch eggs,5,,306
44a2a07c-ae98-4340-b0af-0aa0a60dabcc,2011-06-07,10:13:6,espece,0,123,307,Salmon nigiri,4,,307
51561ef0-03a2-4914-9ca5-ccde81dbedf6,1974-11-29,11:14:54,cheque,0,61,308,Risotto with seafood,2,,308
27e09c5c-bf95-4f32-860f-3bfdd0c8fe17,1980-07-24,11:4:11,CB,0,199,309,Tiramisù,11,,309
27697847-2bf4-4be4-a56f-b8d5db1450bb,1993-01-15,11:48:45,CB,1,9,310,Tiramisù,2,,310
56c7d554-cfc3-46cf-bb84-42cd3f37fc2c,2005-12-05,10:0:55,cheque,0,55,311,Fish and chips,6,,311
f48ec00d-d651-4424-8eee-378d07ae69fd,1967-01-26,10:32:14,espece,1,171,312,Mushroom Risotto,8,,312
1eb9d005-484f-4b81-b5e1-fb139b379dc6,1963-10-18,10:22:30,CB,0,171,313,Teriyaki Chicken donburi,12,,313
73d3c927-f998-41d5-9cc2-a75a26e952c3,1959-08-27,10:0:21,CB,0,165,314,Tuna sashimi,2,,314
7ec37885-db95-4f1b-ad2f-843d33f1070d,2017-02-18,9:45:57,cheque,1,182,315,Pappardelle alla Bolognese,10,,315
24c83297-8aa7-4e5f-826b-0ea774773528,1956-04-06,11:26:8,cheque,0,29,316,Pizza,12,,316
60799af3-3d0a-4076-b229-1ee1081fb417,1972-12-09,11:56:6,CB,0,81,317,Califlower penne,3,,317
89016793-af20-43f3-b2fc-d2541022c3f7,2014-01-11,11:23:44,espece,1,18,318,Pasta Carbonara,6,,318
8f0c60c4-da9f-49bc-ab9a-b2d87a8c756a,1983-01-11,11:2:29,cheque,1,196,319,Califlower penne,9,,319
f8899a20-6a80-4a40-952d-27c23fa90468,2000-09-01,11:3:52,cheque,0,189,320,Pork sausage roll,10,,320
e10af952-b71d-4cf0-a345-a95955c4822f,1995-04-09,11:2:42,cheque,1,143,321,Bruschette with Tomato,10,,321
db2fae92-7fe0-40c5-aff0-82c75dce92ff,1989-04-01,9:7:34,CB,1,182,322,Chilli con carne,8,,322
846bdd21-fd05-4559-ac63-f8f22aab9050,1976-06-08,9:22:17,CB,1,15,323,California maki,9,,323
57310e84-d20c-49d4-bc12-75e6ffd3193d,1971-10-30,10:37:13,cheque,0,161,324,Teriyaki Chicken donburi,7,,324
5cd100b4-7f7d-4fcb-a70b-593640b8ce0f,1958-02-05,9:56:0,espece,1,144,325,Pasta Carbonara,2,,325
d58d1cfa-ac19-4e83-8daf-1885d29cc07e,1962-02-05,10:38:14,cheque,0,165,326,Ricotta stuffed Ravioli,7,,326
79fa4f11-cda7-42bb-9424-5b8124f3393d,1981-06-07,9:14:30,cheque,0,15,327,Ebiten maki,3,,327
aa8f8d87-384a-4e25-a9b1-d00641e9b0b0,2002-08-07,9:29:32,cheque,1,146,328,Meatballs with sauce,4,,328
046f6cd7-a30d-4ac6-a8b7-7039c3deb243,1955-12-09,10:30:40,cheque,1,193,329,Katsu Curry,5,,329
7367df6a-5958-4048-8401-058b182192cb,1994-04-23,11:11:53,CB,1,157,330,Lasagne,2,,330
97d420f8-b0ce-45c6-aef9-a8eb8a2fbfc9,1993-02-16,11:6:29,CB,1,51,331,Pappardelle alla Bolognese,5,,331
693f34a0-c7a8-4085-b2ae-132ae0d7ca9b,1982-10-23,9:35:11,espece,0,56,332,Scotch eggs,6,,332
aee00de7-0af9-464e-8161-3738af012612,1970-04-14,10:48:42,cheque,0,187,333,Linguine with clams,6,,333
4c64266f-db89-4ff9-a29a-6b9b7639c7b0,1978-12-23,11:6:18,espece,1,48,334,Chicken wings,5,,334
6ebc5304-43c0-4eca-972b-05a50e9a3c18,1961-08-16,11:22:25,espece,0,136,335,Scotch eggs,7,,335
26fed84c-e337-4cd2-84dc-142224500661,2013-09-12,11:35:32,espece,1,8,336,French fries with sausages,8,,336
ee397f10-ad04-4db1-a82d-6dbfa429908e,1973-06-19,11:26:14,espece,1,180,337,Chicken milanese,11,,337
5ac67257-96da-42eb-9dbd-67242d956d43,2015-12-12,11:5:15,CB,1,66,338,Philadelphia maki,9,,338
97d18698-3528-4eac-9480-252b6382c7d1,1979-04-26,10:42:49,CB,1,9,339,Chicken Fajitas,12,,339
a10d244b-7fe6-47ff-820c-bf0fbb1f63d7,2015-01-31,10:18:49,espece,1,103,340,Chicken Fajitas,4,,340
786c26b9-0f7a-42b7-8858-adbc36b9b393,2022-10-01,10:52:21,CB,0,36,341,Chicken Fajitas,4,,341
c0354f25-8a46-459a-a1e3-67e8d2953583,1962-06-17,9:30:18,espece,0,50,342,Teriyaki Chicken donburi,10,,342
682376da-1b31-4747-a359-d6eae53b4636,1953-03-14,11:7:59,CB,1,23,343,Pizza,2,,343
2cece376-dcae-40c2-b294-6eaaa6bcd37d,1958-09-27,10:17:21,CB,0,124,344,Chicken milanese,8,,344
6112e16b-4a83-4a74-be5e-19bc8150b724,1994-05-24,11:17:0,espece,1,100,345,Chilli con carne,9,,345
e6002976-d5a4-4b61-a32b-f2604541722e,2005-10-07,9:22:21,cheque,1,50,346,Pasta and Beans,7,,346
a7ff843e-3ae3-489f-abab-03163a4b1de2,1988-10-29,9:52:27,CB,1,183,347,Risotto with seafood,2,,347
ac9e6d63-a41f-4105-868b-d1182c73e966,1959-01-06,9:40:30,cheque,0,186,348,Tuna sashimi,7,,348
cd578449-3a40-44e6-be87-b28b52ede1ac,2008-08-05,11:33:11,cheque,1,120,349,Risotto with seafood,8,,349
4957102b-1ffd-4fdf-b46c-6c5354df2099,2005-01-07,11:20:27,cheque,1,118,350,Pasta and Beans,11,,350
29ce9c82-1802-49ab-a4bd-40e0c5c12993,2010-06-04,10:16:3,cheque,0,142,351,Fish and chips,12,,351
c810e413-ec5d-4154-82af-24e86b32e4d8,2019-07-13,9:0:38,CB,0,128,352,Ebiten maki,10,,352
fe8de5e6-86d9-4f9a-a2e4-dcc4373a3911,1971-02-08,10:32:2,espece,1,54,353,Lasagne,2,,353
e3ba90b5-b946-4619-84a8-7440a65b1da6,2013-09-17,9:0:55,cheque,0,179,354,Souvlaki,6,,354
133da74c-4a00-49b5-832f-31a636658d52,1997-08-28,9:24:57,cheque,0,37,355,Lasagne,11,,355
9ac44bf1-5e92-4ec2-8fc0-821ff0cdcd12,1953-12-17,9:27:48,espece,0,171,356,Pork sausage roll,2,,356
5a7193b1-3999-43ea-b870-2965af80bdd1,2009-11-11,11:6:10,espece,0,17,357,Lasagne,9,,357
09c3f1b9-17d6-4af5-b7c8-a7196410e72a,2021-02-20,10:4:32,espece,0,135,358,Caprese Salad,4,,358
806a9285-c46f-4a95-8f47-add4e82bcec5,1966-08-26,10:3:25,cheque,1,13,359,Pork sausage roll,8,,359
7a0394a6-ffde-4d0b-95e0-8d005209f1a7,1984-09-11,9:26:30,espece,1,125,360,Pasta Carbonara,8,,360
2c106af1-ea13-41fc-afdb-2741f526fa3f,1957-08-12,11:35:9,cheque,0,42,361,Katsu Curry,3,,361
cd92dca7-7acd-4f4e-979f-2b1c73905cc7,1981-12-16,11:10:53,espece,0,136,362,Vegetable Soup,8,,362
cff2adf6-7808-4d0f-aab3-6bada1978d93,1955-05-06,11:51:45,CB,0,71,363,Pappardelle alla Bolognese,6,,363
9ae567b9-289b-4284-a89c-d50046783a52,2016-11-16,10:29:33,espece,1,14,364,Philadelphia maki,4,,364
843b3136-c08c-4bc4-be76-591674d1dc3b,1962-09-09,9:16:23,CB,1,99,365,French fries with sausages,6,,365
47202a48-f198-4cdc-b86c-704ffdfcdba4,2020-12-21,9:50:16,cheque,0,42,366,Tuna sashimi,6,,366
fc6f80fb-4e6f-4c75-bef5-5bc459757d0c,1975-04-27,11:22:38,espece,1,184,367,Bruschette with Tomato,4,,367
2ae880a2-e05d-4c51-afa2-e1eaa76f91d3,1980-06-23,9:34:8,cheque,1,108,368,Souvlaki,5,,368
eca75a4b-7da0-4112-b056-7357fcb8f181,1992-03-11,9:4:53,CB,0,157,369,Salmon nigiri,11,,369
edb2c0a7-01db-495e-b9fe-3a8865d0d634,1999-01-08,10:45:54,CB,0,36,370,Mushroom Risotto,2,,370
3ab2a126-41a2-49c0-8574-13247ea4988d,1988-10-11,9:12:37,CB,1,59,371,Caprese Salad,6,,371
fcbf35e4-e9c5-4870-b838-e30631c3573b,1980-02-08,10:19:26,espece,1,29,372,Chicken Fajitas,10,,372
8e059d8b-9d99-4af8-a393-592a81d9ded5,1953-04-24,9:7:43,CB,1,179,373,Mushroom Risotto,4,,373
daf9a12f-439c-4a3a-8535-9f435661a020,2010-01-31,9:28:16,espece,1,53,374,Salmon nigiri,8,,374
a74edb82-a61e-4c67-8ec8-aa1e0070193c,1963-06-01,11:13:26,espece,0,41,375,Katsu Curry,8,,375
af39d288-c0ce-4b54-8cb7-0bb88a6966d6,2019-04-23,9:10:35,CB,1,97,376,Katsu Curry,3,,376
5a1c37ef-cd63-4cb0-9033-ee77e994e1d1,2008-05-09,9:59:53,espece,0,34,377,Katsu Curry,3,,377
e12449f5-c566-4e4c-bec4-d9263c5aab04,1963-06-28,11:55:57,CB,1,81,378,Teriyaki Chicken donburi,6,,378
ce96edbd-ee25-404f-8bc1-9524edb5f783,2019-02-25,9:41:24,espece,0,133,379,Barbecue Ribs,12,,379
69279509-af4d-4759-9b2d-37c2fa37667b,1968-08-31,11:39:2,espece,1,147,380,Linguine with clams,9,,380
ead7bb00-3095-4b71-bba2-6ffa440b6dde,1955-08-11,10:48:41,espece,0,193,381,Cheeseburger,3,,381
1b43eb29-b7a8-43ab-bd09-325d423b071d,2012-05-18,10:15:43,CB,1,118,382,Vegetable Soup,10,,382
af076a60-913b-42d3-974c-0b264d67ac94,1973-04-07,10:54:32,cheque,0,43,383,Califlower penne,7,,383
1a81a954-6d71-407e-be91-43f47ebca5d7,1961-12-12,10:44:15,espece,1,142,384,French fries with sausages,12,,384
f7ceef40-56ba-43d1-9a0c-0200301f47a4,1993-11-04,10:32:41,cheque,0,59,385,Chicken wings,6,,385
59a0135b-be70-4896-9ac5-caab3a48a961,1991-11-13,10:23:6,CB,1,106,386,Salmon nigiri,2,,386
06157091-5b5c-4f75-bd3d-285b70933f8d,1995-07-21,11:33:24,CB,1,181,387,Ebiten maki,5,,387
9ed9dcde-4046-413e-b226-1efdefbe2068,2013-09-30,10:25:22,cheque,1,194,388,Pasta and Beans,11,,388
bc2c7937-831b-4d5e-adce-d61271bb85db,2002-09-29,9:55:38,CB,1,50,389,Pasta and Beans,12,,389
ce131010-03c3-4bc4-a63e-0fc87ecd2af5,1960-07-21,10:8:23,CB,0,115,390,Pork belly buns,9,,390
3f0facf3-c43a-4682-84a7-d51ce7457c93,1955-04-22,10:8:43,CB,1,37,391,Vegetable Soup,5,,391
90062299-78bf-4b7b-8413-acd566c51344,2013-01-31,10:37:9,CB,0,191,392,Pork sausage roll,2,,392
6e5a218c-e4e5-43c5-ab61-317362193ade,2019-09-11,11:14:21,cheque,1,67,393,Pasta and Beans,7,,393
7cd82ae1-dce4-41ef-adfe-cf4651302f7f,2008-08-19,11:51:14,espece,0,84,394,Pork belly buns,12,,394
70de83f5-e721-4303-bc38-37fe48efe0c5,1976-12-03,11:16:54,cheque,1,19,395,Teriyaki Chicken donburi,5,,395
45745136-df66-462d-86ad-aec0536e4ac6,2005-12-22,11:58:42,CB,1,25,396,Katsu Curry,6,,396
6c4ee5e3-3bdd-45c1-878b-f492114c9c63,1990-02-06,10:44:13,cheque,1,32,397,Chilli con carne,10,,397
e0f940bb-9191-40ca-bd7f-58baf84115a3,1975-10-05,10:49:5,espece,0,186,398,Souvlaki,2,,398
57fa1e78-af82-4a71-8fd3-593a64520b74,1999-01-27,10:34:40,espece,1,81,399,Philadelphia maki,2,,399
3024f607-659a-4622-b149-378ee06c1aac,1994-02-02,10:15:9,CB,0,96,400,Bruschette with Tomato,11,,400
2708e7e5-93e3-4fa7-a011-41f590fa6fb5,1958-01-01,11:12:25,cheque,1,176,401,Tuna sashimi,5,,401
eddfd72b-5223-4c61-8a0b-69aa8cf0b8e8,1993-12-05,10:50:49,cheque,1,75,402,Chicken wings,8,,402
2fd0fa98-c3da-451c-8a52-ddd1c50601de,2011-05-14,10:2:25,CB,1,181,403,Katsu Curry,3,,403
20f9ce43-1a72-4570-90c0-c08abd031d2a,2018-08-24,10:39:5,espece,1,79,404,Pappardelle alla Bolognese,3,,404
00545c7f-26f8-4a0c-b1ff-daaa3a70c422,1973-07-25,10:29:43,espece,1,33,405,Chicken Fajitas,2,,405
b88f1a1a-a53b-4b7e-bdd1-f8ae69e97d2e,1976-07-17,10:48:21,CB,0,79,406,Tiramisù,4,,406
4d2edbb2-8685-4f7e-ae08-153bda83641b,1989-08-14,9:27:46,CB,0,136,407,Teriyaki Chicken donburi,8,,407
b919a5ea-8f61-40f2-9723-191f973646f1,2012-07-26,10:28:52,cheque,1,178,408,Vegetable Soup,8,,408
a54f162a-1fcd-421d-b0ec-3da214803cd2,1987-12-26,10:22:17,cheque,1,135,409,Ebiten maki,11,,409
f6b3de53-05bd-4d8a-89bf-eaf1359fd5a6,1967-09-18,10:54:21,CB,1,142,410,French fries with sausages,11,,410
a78efca4-1c35-437b-86e6-8c8a7d0f591a,2006-01-23,11:30:0,espece,0,16,411,Mushroom Risotto,2,,411
71ade1fc-14c9-4db6-8e27-57606593bafa,1980-02-03,10:4:43,cheque,1,28,412,Caprese Salad,9,,412
e0a20897-a3a4-4a4c-bd5d-c5fd71dfb7be,2004-02-18,9:27:39,cheque,1,19,413,Salmon nigiri,6,,413
81267e7c-1da9-4a47-ac2e-9724518daffc,1957-08-29,10:33:41,cheque,0,137,414,Califlower penne,12,,414
d85750de-d7e1-475b-9259-bab4026ecfd6,2011-11-19,9:11:22,CB,1,48,415,Ricotta stuffed Ravioli,9,,415
df5ee732-4e12-4b98-a8ef-9f2d5fa212dc,1972-03-11,10:12:50,CB,0,51,416,Souvlaki,11,,416
e00fa015-9e94-483e-a3db-7052aab2c5e4,1960-02-11,10:0:10,cheque,0,146,417,Linguine with clams,9,,417
8d5fe99c-0d14-4d53-a5e8-2962cb59a967,1998-07-31,9:1:45,CB,1,196,418,Pasta and Beans,7,,418
4958459e-317b-4578-9882-dceb01e544b2,1982-08-28,9:10:11,cheque,0,169,419,Pizza,7,,419
e08ad970-af07-4df6-a672-d65f3290b92f,1998-07-03,9:11:15,espece,1,179,420,Linguine with clams,11,,420
4cac3d13-b6c6-41c0-b11e-d47c20408eab,2002-01-16,11:1:45,espece,0,15,421,Fish and chips,12,,421
89048a0a-8144-4a6a-bc4a-915a6b08ab01,1958-12-23,9:20:22,cheque,0,184,422,Pappardelle alla Bolognese,8,,422
d6de7ebe-f326-43f2-8a76-06049efae66d,1997-02-25,11:18:16,espece,1,101,423,Scotch eggs,2,,423
8d5e2270-c9bf-4654-a621-f94efe32f0fb,1959-11-03,11:51:55,cheque,1,123,424,French fries with sausages,10,,424
d61e2eac-9696-4a31-b8f3-ff5f686a0988,2022-05-05,9:52:58,espece,1,109,425,Pork belly buns,5,,425
2d84fbd3-3604-4ff7-9c78-f6dd6b489a7a,2008-02-28,11:41:37,espece,0,200,426,Lasagne,2,,426
95c469c2-d070-4876-88bf-bf1c88824c5f,1999-08-20,9:24:24,cheque,0,98,427,Souvlaki,6,,427
97633dfc-9aed-40d2-9b81-1c5dedee0184,1973-05-05,11:38:31,CB,1,38,428,Pasta and Beans,6,,428
5679479f-db7c-4239-a852-16cbdf239abf,1980-09-23,9:35:51,espece,0,42,429,Ebiten maki,3,,429
a1863f23-30aa-4d05-98de-512fdaeb79b1,1967-12-16,9:40:46,cheque,1,25,430,Chicken wings,9,,430
facb2c8b-3bd8-480d-a020-1de1458a2eb4,1971-05-11,10:29:8,espece,0,29,431,Souvlaki,9,,431
7f01b61a-0ed2-4be6-aa11-dd5aad7d1758,1956-07-01,10:4:12,CB,1,116,432,Fettuccine Alfredo,6,,432
58d349fa-d7b2-40b7-a9f4-be2b4e725811,1979-03-02,10:2:50,CB,0,166,433,Califlower penne,3,,433
b3139907-4626-42ee-9a0d-28875aef8e37,2007-06-19,9:36:41,espece,1,24,434,Souvlaki,5,,434
b0a8c3e4-1915-4d5b-bbc9-64c1f8ecb791,1976-04-16,11:54:19,espece,1,69,435,Scotch eggs,11,,435
55d09ff3-3d44-44b6-95f7-ab474c8b6013,1993-08-21,9:0:36,espece,0,73,436,Chilli con carne,10,,436
825a7ddf-0df5-4292-a498-bb239bd91a32,1967-06-26,11:24:23,espece,0,170,437,Pasta with Tomato and Basil,5,,437
8813f893-b6b3-464f-aa14-2bf70be5d8ef,1965-05-24,10:11:23,CB,0,49,438,Chicken milanese,11,,438
02dc71f1-6835-46e7-aa85-0745d55249ac,1972-06-11,11:16:10,espece,0,150,439,Pappardelle alla Bolognese,5,,439
ef7d500a-bfc1-4aea-b898-3ad903ec0dee,1988-07-05,10:7:54,cheque,1,68,440,Pizza,3,,440
50792758-8f13-4aa0-8e45-9f4d33d05767,1961-01-19,9:0:1,espece,1,178,441,Chicken wings,3,,441
9b9009d2-bae8-43b6-ae23-cc2050da2b7b,1966-07-23,10:54:28,CB,1,162,442,Vegetable Soup,4,,442
2dc6f825-1970-4435-8874-9bed5d79ef73,2022-02-24,9:17:35,cheque,0,133,443,Souvlaki,5,,443
ddb8a862-c05f-4a40-8ac3-c24162de7e96,1959-05-05,11:52:37,espece,1,66,444,Philadelphia maki,5,,444
68db5e1f-e0b2-4edf-b20e-1ab3557339dc,1982-04-22,9:54:36,espece,1,176,445,Chicken Fajitas,10,,445
fd89fe98-e300-4b8e-8111-cd51b99bf690,1981-11-25,11:2:0,CB,0,179,446,California maki,10,,446
c7ba9d71-7837-49ad-b230-37e7735e1f37,2017-07-22,9:33:14,CB,1,158,447,Fettuccine Alfredo,2,,447
29ddcd8f-106e-4de8-b2ec-09b69d33c52c,2018-08-25,9:3:1,espece,0,193,448,French fries with sausages,7,,448
aee7e81d-73a0-4d5d-8fa1-f10f0aedb8e2,1973-06-08,10:12:35,cheque,0,47,449,Risotto with seafood,5,,449
7f652971-cf2b-4b84-9dce-a98d9f2a7fe2,1968-11-16,11:57:47,CB,1,96,450,Bruschette with Tomato,3,,450
d3ef557c-a207-49ea-af0e-d0f3455f7919,1999-02-07,9:34:15,cheque,1,173,451,Souvlaki,10,,451
2d60a3ed-fb32-47ca-919d-9f634f926f20,2013-02-19,9:24:48,espece,0,42,452,Chilli con carne,8,,452
441be44a-3b75-45b4-a90a-6cd5d3ebd01e,1978-12-29,9:13:0,espece,0,46,453,Pasta with Tomato and Basil,2,,453
a57c3a88-87d2-4d89-910b-00bad6810404,2021-02-27,9:20:53,CB,0,16,454,Tiramisù,11,,454
b491fa66-ea5b-4ea4-80ac-81cfb31718c5,1978-04-12,11:29:24,cheque,0,41,455,Meatballs with sauce,9,,455
34e97b1d-141f-40a6-9e37-af37ba47de76,1979-12-15,10:28:3,CB,1,129,456,Caprese Salad,5,,456
b1da1c8e-5a46-4538-8566-a02e3ea616d5,1960-07-29,11:38:47,espece,0,189,457,Fish and chips,10,,457
aa10e99a-670b-428b-bc3e-8bd91e5aacd4,2006-01-07,10:49:53,espece,0,162,458,Salmon nigiri,2,,458
7df71f34-4729-4f04-a0e5-8291bb5c6107,2001-10-23,9:11:20,CB,1,41,459,Chicken Fajitas,12,,459
728182c0-7c57-4221-b210-4aa0ce7fb501,1979-12-27,9:12:54,espece,1,74,460,Ricotta stuffed Ravioli,11,,460
8cdcdd79-59b1-45ce-9008-9facdef9f9ba,2016-04-17,10:29:9,CB,0,126,461,Pizza,2,,461
fc430823-1027-4bd1-a37b-be03bf0fd820,1964-02-12,11:45:19,cheque,1,43,462,Teriyaki Chicken donburi,8,,462
50303fb7-e59c-4f82-ac6f-89026f03a88c,2005-06-24,10:42:17,cheque,0,186,463,Caesar Salad,3,,463
1b7c10b8-8a74-46bc-8203-ec8f169bf72b,1958-01-15,11:3:55,CB,0,33,464,Califlower penne,7,,464
67beffee-8dee-4275-9495-aafa7a04458a,1981-07-13,9:7:5,espece,1,117,465,Fettuccine Alfredo,5,,465
99369e41-ed38-40c0-80ea-b9bf8de823e4,2022-11-28,11:38:24,espece,0,56,466,Chicken wings,5,,466
c4ac66f6-afef-44d0-86e9-51d85b2a0fbd,1958-05-22,11:40:42,espece,0,109,467,Pork sausage roll,6,,467
7d653050-eaee-4d82-8217-fb63ab24a3d2,1989-06-03,9:19:57,espece,0,189,468,Pork sausage roll,11,,468
e4639dec-6ed6-4888-9596-fe5cabd6e117,2017-07-14,11:37:56,CB,0,108,469,Pasta with Tomato and Basil,10,,469
db1d009e-5ccd-4358-8344-022ceea3f15b,1967-10-02,9:9:13,espece,0,200,470,Pork belly buns,11,,470
418e3c58-4a7d-44b6-a3c1-9c514ff7f9b5,1992-08-07,11:19:58,cheque,1,98,471,Caesar Salad,6,,471
ebc6c4e1-b8fe-4c69-9034-25b12e1a4008,2022-11-30,11:36:38,cheque,1,162,472,Tiramisù,4,,472
51e8d47d-809a-4538-86ce-e226b43ca143,2014-11-09,10:56:10,cheque,1,45,473,Fish and chips,9,,473
0a33148d-032b-4c4b-98b0-68822de9865f,1969-12-03,10:36:28,cheque,1,39,474,Fish and chips,8,,474
a5b21d2a-2b5d-4802-b803-7bf0e3bda6ba,2000-03-01,10:34:48,CB,0,191,475,Salmon nigiri,3,,475
80f49114-d609-4e0f-9872-32415b0d1eaa,1972-07-13,11:34:27,CB,1,75,476,Chilli con carne,9,,476
1d026c57-349a-4bc9-93ec-719c5a4910dd,1984-12-17,10:15:55,CB,1,116,477,Chicken wings,6,,477
b86b93a2-08cd-4df9-9789-f0b21870481a,2016-09-23,9:57:40,espece,1,96,478,Pork belly buns,8,,478
1e19658f-c37d-4f25-89e9-fc372f500a44,2013-11-20,10:58:35,cheque,1,144,479,Pasta Carbonara,11,,479
e8be08b1-bcc8-4eb3-814c-def5f360d31b,1999-10-02,10:4:0,espece,1,93,480,Chilli con carne,11,,480
56b89a1f-ee97-43b2-bee8-f0ee53ed015c,1987-09-08,11:22:39,CB,0,56,481,Pasta with Tomato and Basil,3,,481
2880f303-b7e3-4317-863a-d7f3b62fb088,1968-05-11,10:50:10,cheque,0,23,482,Tiramisù,4,,482
93557565-ef5b-4e61-b8bd-fdff876384e6,1963-11-10,11:7:47,cheque,1,55,483,Philadelphia maki,12,,483
cd5e93a4-5f4f-49b4-950a-6ddb5a2abf14,1963-09-27,9:52:21,cheque,1,111,484,Cheeseburger,2,,484
88887f6f-b377-4394-80c9-b1c26bd22950,2019-06-08,11:12:28,CB,1,147,485,Fettuccine Alfredo,6,,485
8605e1dd-9dc9-456b-888c-6f91a17f4c6b,2009-02-03,9:0:44,espece,0,10,486,Pork belly buns,12,,486
40e959de-3784-4781-8945-596e6c26642e,1998-03-17,11:54:40,espece,1,122,487,Pork belly buns,10,,487
e0e22f61-17a5-4a8b-9e28-ccae30106114,1971-11-21,10:33:12,espece,1,199,488,Tuna sashimi,7,,488
59ebb9a2-850c-435b-a6ca-9f4d63052d10,1999-11-14,11:54:13,CB,1,165,489,Pork sausage roll,2,,489
d582e369-0989-46e7-a51b-660e8a1f3104,1966-11-02,9:15:7,CB,1,70,490,Caprese Salad,11,,490
ea4179c6-ee4e-4050-a50a-6c94f82666d3,2002-02-02,10:48:10,espece,1,144,491,Tiramisù,9,,491
6b96d691-f882-4526-aac0-b4562f9dc2b0,1974-11-19,11:50:38,CB,1,66,492,Fettuccine Alfredo,3,,492
b9868c72-2ca8-41df-abf5-6a7e738a8e1d,1981-08-05,10:17:7,cheque,0,44,493,Bruschette with Tomato,12,,493
70a583a5-e14f-4a86-975b-b03282e1f1dd,1970-05-26,9:9:34,espece,1,57,494,Risotto with seafood,6,,494
dc9e160d-cc9f-4b8d-a7de-3abd5212de7a,1974-05-04,11:23:8,CB,0,76,495,Mushroom Risotto,7,,495
9daad814-d493-4281-ac64-bbf8dd78c381,1956-10-02,11:56:3,cheque,0,177,496,Tiramisù,5,,496
d8e0055c-e37d-4651-898b-774a5709f79f,1989-02-06,9:20:53,espece,1,71,497,Pork belly buns,5,,497
7bf5ab29-d70c-423c-b467-653354a4c386,1992-12-09,10:11:17,CB,1,15,498,Ebiten maki,10,,498
0d3f0150-c6c1-41e8-9b2b-c89db185405b,2002-06-12,9:16:25,CB,0,104,499,Scotch eggs,8,,499
255f169f-90ca-4bc3-8017-2007b962d372,1989-03-21,11:22:52,cheque,0,94,500,Salmon nigiri,5,,500
fff0eb22-3be6-4f65-9849-4bd2a8c489e9,2012-07-09,9:17:53,cheque,1,174,501,Mushroom Risotto,6,,501
38efe29f-1e3a-4659-8b81-c1f0886bb927,1988-10-06,9:11:14,espece,1,142,502,Philadelphia maki,11,,502
537d3ebf-98b1-45fa-9a61-cdfdcc873305,1979-02-18,10:5:40,CB,0,171,503,Barbecue Ribs,3,,503
47b0eb29-adf0-445a-ac27-1a82a4ea3503,1958-10-05,11:15:42,CB,1,20,504,Mushroom Risotto,3,,504
a0512ff5-9a65-483e-b4b1-06f290af5b55,1980-12-31,10:20:40,CB,0,43,505,French fries with sausages,2,,505
a5b9601f-cb26-4d1d-8347-36f544ad4cf9,2000-04-29,10:8:37,CB,0,117,506,Chicken milanese,2,,506
4dfbda0c-1edb-4b95-b147-06d3a96b66a3,1992-05-01,11:35:33,CB,0,82,507,Chicken Fajitas,4,,507
4657cebc-e7a9-4556-9d3c-a6fbc23c4c91,1976-05-23,9:45:32,cheque,0,44,508,Souvlaki,9,,508
7e7d3dfb-9610-41db-9867-1c753b3ef279,1963-05-03,9:54:25,cheque,0,162,509,Fish and chips,8,,509
13301c03-76c6-442e-9f87-e9b83d779546,1960-11-07,11:34:53,espece,0,15,510,Teriyaki Chicken donburi,4,,510
1cd2a786-5820-4403-bdba-12a3da1751d0,1965-05-10,11:54:53,espece,1,123,511,Pork sausage roll,5,,511
a9ac63e2-61db-48a0-834d-c4efee989ec1,2015-08-21,9:3:42,espece,0,160,512,Scotch eggs,2,,512
ee3724f5-c5bc-4720-8904-55b711d6d6ab,1997-03-15,10:5:16,cheque,1,163,513,Teriyaki Chicken donburi,11,,513
2a68dd81-15b7-4d08-a67a-1d69665d49e9,1953-04-18,9:8:3,cheque,0,29,514,Pasta Carbonara,11,,514
88bd318d-67dc-4f21-b202-a9e3e4989f85,2003-07-08,9:14:58,CB,1,83,515,Pizza,12,,515
7802a525-4658-44d1-9d05-439787c90f00,1961-02-15,11:49:30,espece,0,148,516,Pasta Carbonara,4,,516
0e58609f-4419-4a77-a0af-2b808c25af8c,1963-08-01,9:33:22,CB,1,105,517,Scotch eggs,11,,517
806bddb7-1f01-40e7-94b5-4bea569a399e,1994-08-13,9:12:44,espece,0,131,518,Meatballs with sauce,8,,518
08ee7b52-d2d5-41df-9a50-137f2dcba890,1965-01-10,10:29:50,CB,0,79,519,Risotto with seafood,11,,519
6c5acd96-d63e-47db-867a-f7ac9f146768,1954-06-16,11:14:48,CB,0,150,520,Lasagne,11,,520
aa7010c7-39a8-48bf-a30b-d3934be0e048,1971-04-15,10:41:13,cheque,1,150,521,Mushroom Risotto,8,,521
a0b49d76-848a-4a3a-9a57-24f367862a80,2017-08-29,10:28:16,CB,0,147,522,Linguine with clams,5,,522
5155ba70-67db-416a-b20a-737b0c06c141,1959-02-07,9:2:28,cheque,1,92,523,Souvlaki,12,,523
857cdf69-78bb-413c-80ad-0723ec8abef5,2020-05-02,9:58:37,espece,1,45,524,Pork sausage roll,10,,524
70c415a2-829e-4ff1-92b8-64ef8efb61a6,1982-10-02,10:13:9,CB,0,37,525,Barbecue Ribs,2,,525
44b25594-84dd-4d76-be64-5336db3416c8,1978-07-09,10:24:55,CB,1,11,526,Lasagne,10,,526
99199971-ed56-4541-8b0c-fc389518d673,1990-01-30,11:5:42,espece,1,175,527,Vegetable Soup,9,,527
d5c51b3d-93f7-44d6-9704-4dc289afd7aa,1996-02-15,11:10:23,cheque,1,62,528,Risotto with seafood,4,,528
c1173c88-304a-4c8b-8015-0613059e50fc,1987-05-24,11:56:3,CB,0,171,529,Pork belly buns,12,,529
e1bab3d3-0b6e-45f1-b1bd-17921457b14a,1976-11-12,11:59:27,cheque,0,128,530,Pork sausage roll,4,,530
c42c0cec-107d-4db9-9f17-37b8d10ecc82,1962-12-19,11:36:52,espece,1,75,531,Philadelphia maki,8,,531
d48a9da5-0db8-4cf3-86fa-452b8dddf02a,1962-06-28,10:41:42,cheque,1,31,532,Chicken milanese,8,,532
a0e18d91-0a14-4c6f-b458-994be1390ac0,1974-03-03,10:3:39,CB,1,18,533,Risotto with seafood,8,,533
cfdfcbd4-24ff-4e63-9fad-dc2964186c18,1990-09-08,9:2:24,cheque,0,104,534,Califlower penne,4,,534
2be3ba15-e82a-4b6d-b4e1-d0ebaa006295,2020-07-20,10:32:57,CB,0,145,535,Pizza,4,,535
1a6a6f3d-927e-4786-8eae-7527c1ee72f9,2011-01-06,9:44:38,espece,0,176,536,Pizza,2,,536
16e13c86-965b-4baa-92b9-3da9ce7adb5d,2010-12-09,11:0:59,cheque,0,33,537,Pasta and Beans,3,,537
bb2fa909-8e08-4dcb-8e04-fb33b08555e9,2004-09-10,10:16:34,cheque,0,166,538,California maki,3,,538
a96b211b-f4d1-44c2-9023-a40cd081f63b,1963-09-02,10:37:4,espece,1,6,539,Caesar Salad,12,,539
8953ee49-9b7e-49bc-9f6c-ebebb7d89eb5,1995-03-28,11:1:13,cheque,1,70,540,Chicken milanese,8,,540
8481de86-8a40-4a73-a4b4-7606a4a8478f,1965-07-17,10:27:8,CB,0,98,541,Ricotta stuffed Ravioli,2,,541
a89b0d4d-9afe-4125-81ee-58d7fb7bf2c1,2010-02-04,10:59:42,cheque,1,37,542,Califlower penne,3,,542
e39ad5f0-d0e4-4db1-ace8-c6344dba3302,1977-07-02,9:40:14,cheque,0,76,543,Tuna sashimi,11,,543
e511616e-a950-4f31-a19a-2f80bd3faa1d,2019-02-28,10:43:31,cheque,0,53,544,Mushroom Risotto,5,,544
96584131-fdce-4fac-bdd0-439f7508a7b6,2016-11-14,9:11:36,espece,1,115,545,Pasta Carbonara,12,,545
d1b9b062-515f-4e4c-80ec-99565eee4971,1997-01-11,10:54:17,espece,1,178,546,Pasta with Tomato and Basil,5,,546
a3eeabff-3342-454e-bdfe-f5ebac3f0298,1966-09-15,9:13:53,CB,1,132,547,Fish and chips,6,,547
319f62a4-3fa9-41dd-8bc0-df046499c9be,1997-09-12,11:29:17,espece,0,78,548,French fries with sausages,8,,548
0fd542dd-a278-47e5-a924-09652e572d46,1993-03-27,9:55:56,espece,0,110,549,Pizza,3,,549
d310af79-fd64-44ba-9655-b27387e89092,2020-03-01,9:34:46,cheque,0,178,550,Fettuccine Alfredo,8,,550
07a98806-142a-4f6f-beb2-12f2f6fcff64,1994-10-05,11:20:9,espece,1,167,551,Fettuccine Alfredo,8,,551
fe58060b-dadf-4c84-8dbb-d27ac95c28e5,1977-04-04,9:29:6,espece,0,176,552,Vegetable Soup,7,,552
3171dd92-49f5-4c60-aae6-9b420ce6f74a,2022-04-25,11:27:49,CB,0,23,553,Mushroom Risotto,4,,553
dfdc54eb-2ded-4379-a7c1-43f85d13fb87,2008-03-29,10:1:50,cheque,0,32,554,Chilli con carne,4,,554
5814697b-01f1-4c26-b428-b6ae7e4809d0,2021-08-01,10:6:13,cheque,1,140,555,Pizza,3,,555
068e1e17-9647-4eab-a43c-5c79ba215436,2000-04-08,11:28:9,espece,1,76,556,Cheeseburger,12,,556
81c2be3e-48d2-451f-8b72-a64626021043,2002-10-13,9:46:20,espece,1,171,557,Ebiten maki,6,,557
1eba49af-3e63-43a8-a142-f7d16504de6a,2010-05-30,10:32:14,espece,1,5,558,Souvlaki,2,,558
f769e66f-5823-460b-80e6-b1db3ee4783a,1993-05-24,11:34:13,cheque,0,48,559,Pasta Carbonara,9,,559
63800df8-afbf-4119-9ea6-b7bda13c49f6,1959-12-09,9:54:47,espece,1,187,560,Chicken Fajitas,4,,560
a30311e4-8079-45f8-8883-0160eb6b608e,1994-02-02,11:33:42,cheque,1,23,561,Ricotta stuffed Ravioli,9,,561
c3c02c43-8abf-41df-8398-19da3050ea20,1967-08-11,9:40:39,CB,1,15,562,Vegetable Soup,4,,562
82f8030a-09d5-4e9e-a489-e15cf5eec984,1956-05-27,10:44:3,cheque,0,10,563,Risotto with seafood,10,,563
1d58626f-660d-4a6b-b4ee-5c5e6f6a4225,1957-10-21,10:21:51,CB,0,129,564,Pasta and Beans,5,,564
83c29e49-1b3d-47e1-b958-20265e80853d,2008-04-25,9:15:3,cheque,0,156,565,Chicken Fajitas,11,,565
0bbcc2fd-cf22-4129-8489-dcbb438d1bfc,1977-07-27,9:50:48,CB,1,122,566,Pasta with Tomato and Basil,8,,566
ca30c2eb-9697-4e29-87c2-4e60fd9794fb,2022-01-19,11:44:26,cheque,0,141,567,Fish and chips,2,,567
d53d0bf9-caac-4636-b927-e387f8ae385e,2007-02-08,11:42:46,CB,0,49,568,Pasta with Tomato and Basil,10,,568
06a57b89-608e-4d39-9d49-f329f9dd319a,1961-08-18,10:46:27,CB,1,95,569,Chicken milanese,4,,569
386184c3-59f7-44fb-910d-bcab37878337,1978-05-21,11:40:57,espece,1,134,570,Linguine with clams,5,,570
3d91fab4-b26e-454b-bdcb-e5eb8240cb1e,1982-10-26,9:51:50,CB,0,9,571,Caesar Salad,2,,571
0606538e-c95e-45f4-87f1-d1ba05d41167,2001-10-31,10:27:50,espece,0,35,572,Pasta Carbonara,6,,572
274365dd-23c3-4071-a8ac-71da0e0c5715,2009-02-19,9:14:33,CB,0,50,573,French fries with sausages,2,,573
ea6e375b-4d8b-410d-99b7-d9642c2c640c,1987-03-02,10:56:16,CB,0,107,574,Califlower penne,3,,574
735ef307-e4f4-4c34-8f21-4e48972928ec,1987-02-28,9:52:26,CB,1,74,575,Ricotta stuffed Ravioli,8,,575
b6ef5c68-052c-4f7f-b098-2579e42ae8ce,1961-11-08,10:45:38,CB,1,113,576,Chicken Fajitas,11,,576
3caed85a-3fc4-45eb-9375-361be984c9c1,2017-07-10,10:17:15,espece,0,19,577,Ricotta stuffed Ravioli,12,,577
6311bcd6-1290-4524-a87e-be53613c478f,1959-06-28,10:16:53,cheque,1,152,578,Bruschette with Tomato,8,,578
fe2cae34-a82f-4ca0-9a45-9fc74d39269b,1963-09-02,10:24:51,cheque,1,150,579,Caprese Salad,7,,579
2cd89cc9-2f80-4a18-ba5a-76c66e4b4170,1967-07-21,9:23:24,CB,1,156,580,Vegetable Soup,5,,580
777bed92-3983-4a82-9219-264776154f9c,1996-05-24,10:18:48,espece,1,170,581,Tiramisù,9,,581
2fb3df1e-d8db-4366-b117-a54e733ee41c,1984-04-27,10:44:58,CB,0,77,582,Pizza,2,,582
e1a41a9f-ab0d-49a7-ab48-73b55b7c5594,1985-08-24,9:49:19,cheque,1,154,583,Pork sausage roll,4,,583
a6a6ffac-e8db-4f17-9f41-32a6fa203d18,1996-04-05,11:53:46,CB,1,55,584,Pappardelle alla Bolognese,7,,584
26aa8986-42ac-4946-ac30-51d91bc8f23c,1998-10-06,11:55:17,espece,0,107,585,Fish and chips,9,,585
5ab070eb-b74a-40bc-b1ea-7819f198ec86,1953-11-09,9:53:26,CB,1,197,586,Lasagne,3,,586
5670ba2d-2cfe-4552-9c27-b834e6a56a3e,2013-07-24,10:31:8,espece,0,54,587,Chilli con carne,11,,587
039db08e-83c9-4714-8745-412216920491,1974-09-19,11:54:49,CB,0,190,588,Bruschette with Tomato,11,,588
a8b5faf3-8e3e-4c08-8150-29950e979e6a,1975-09-13,10:51:27,cheque,1,24,589,Teriyaki Chicken donburi,8,,589
b1e1ca8e-2fcc-45b5-9f1a-f571536ca941,1968-02-07,11:0:48,cheque,0,97,590,Ebiten maki,7,,590
520e8b79-07c0-44e6-b1aa-74560cdc0464,1971-03-28,9:17:21,CB,1,107,591,Teriyaki Chicken donburi,11,,591
00387cf4-cee0-4e8b-9e5d-66d10b666332,1999-09-15,9:48:27,cheque,1,12,592,French fries with sausages,6,,592
594f4ad9-716e-4906-a25f-3f6b8f6b6232,1986-01-04,10:14:8,espece,1,84,593,Bruschette with Tomato,8,,593
69c6f3d7-5d86-44e7-939b-1ac2316c2b4e,2007-11-24,9:2:56,espece,1,8,594,Linguine with clams,8,,594
da19153f-942d-4936-9d02-aaeeda3d5c44,1972-12-04,10:53:59,cheque,0,16,595,Chicken wings,12,,595
7e551367-3f28-451f-a26d-732684dd5d8a,1978-08-12,10:14:34,cheque,1,141,596,Teriyaki Chicken donburi,7,,596
d151048a-1d0f-4ebe-ad91-ba70c1f6c616,1989-06-19,11:10:5,espece,0,126,597,Teriyaki Chicken donburi,3,,597
214054a2-f597-4212-8bab-df9e039689fd,1972-04-17,11:19:2,espece,0,98,598,Califlower penne,4,,598
ce016395-1ef3-4ea4-aee3-9e8c8a1541c6,1959-05-05,11:18:8,cheque,1,136,599,Pizza,3,,599
806fa8b3-ffca-4c2a-b9ec-86bacaae9dde,1963-01-09,9:47:51,espece,1,111,600,French fries with sausages,3,,600
82aeb202-77ab-45e3-a18b-03f59c3db215,2005-04-08,9:18:38,cheque,1,18,601,Scotch eggs,5,,601
0ed4f985-b1e4-4354-a1c4-13d3f45140de,2003-07-02,10:6:46,espece,0,76,602,Pasta and Beans,9,,602
50a511f6-ee39-4854-9dd5-30e1341a49bd,1975-08-01,11:24:20,CB,1,58,603,California maki,10,,603
ade77c8f-8525-41b6-bd1e-44103ca09593,1968-10-08,10:59:20,CB,1,33,604,Tuna sashimi,11,,604
339bc3a3-daaa-49a2-88d9-ee14b0ae06e7,1989-12-05,10:10:58,cheque,1,184,605,Chicken wings,3,,605
11a76a6a-1dbf-4ef0-9f6c-74f084b21472,2017-12-27,11:42:16,espece,1,154,606,Chicken Fajitas,11,,606
2375d92f-5982-44ef-9c52-2285e6e736da,2000-11-16,11:41:51,cheque,0,126,607,Chicken Fajitas,11,,607
05f12492-1428-417f-a0ac-ba4cdc415b92,1973-03-23,11:24:12,espece,0,165,608,Risotto with seafood,3,,608
dbccdf38-581d-4a24-8c79-400c5d06c7da,1980-03-31,10:20:27,espece,1,5,609,Souvlaki,3,,609
0bae6b5b-ce24-42ec-b26d-513f2e3b9fd3,2020-12-25,11:40:29,espece,0,23,610,Fish and chips,7,,610
640d3ffa-7744-4481-be87-78639852ed16,1978-10-10,11:17:14,CB,1,174,611,Scotch eggs,11,,611
a5b7c62a-82fa-4f4e-86b0-8eda317e1607,1959-07-30,9:12:57,espece,1,133,612,Pappardelle alla Bolognese,5,,612
faa4467b-363b-44fe-a947-acee029ecc51,1983-01-23,10:52:5,espece,1,85,613,French fries with sausages,7,,613
f8b7e19d-6440-4624-b0eb-8a1315d8ab97,1997-12-26,9:46:59,CB,0,116,614,Chilli con carne,6,,614
500b40a9-2e69-44fc-9413-c07c91012da6,1962-02-04,10:12:57,espece,1,101,615,Lasagne,9,,615
38d21e74-80f1-4052-81ce-1907c7a8547f,1973-03-29,9:21:50,espece,1,78,616,Vegetable Soup,5,,616
9e295ab8-b650-4030-af96-3eb76a25cd10,2007-12-14,10:1:25,cheque,0,174,617,Ebiten maki,7,,617
f235f6e1-c39f-499c-ac2e-e159c607f887,1982-12-09,9:26:50,cheque,1,176,618,Tuna sashimi,4,,618
c7c777e0-d417-47de-adee-74abd0f92435,1966-07-28,10:22:51,espece,1,150,619,Pappardelle alla Bolognese,3,,619
3fdddcc7-0b41-4fd2-b630-dfa052a0882a,1958-09-15,9:49:40,espece,1,69,620,Pasta and Beans,12,,620
fdc6f1ec-a4c3-43cb-b6ac-0bc6ed5c1f97,2000-10-03,10:25:27,cheque,0,130,621,Pasta and Beans,8,,621
188e6879-14ef-430f-995a-ce624ca9a628,1980-08-20,10:52:27,espece,1,85,622,Lasagne,6,,622
28af8849-bbe2-407b-9c2f-ca14b99b022b,2015-07-26,9:9:45,espece,1,133,623,Vegetable Soup,5,,623
e65cc999-a3b6-4692-b929-696609bf9ec7,1953-09-01,11:52:31,CB,0,120,624,Tiramisù,8,,624
8cfd1be0-f698-4bca-b892-4e7b3ea448af,2009-11-22,9:19:51,cheque,1,100,625,Cheeseburger,12,,625
60fa619c-7019-43e0-8ad2-406b6b7ddad4,2014-07-09,11:39:58,espece,1,96,626,Vegetable Soup,8,,626
8c028d66-0a4f-452b-9916-06465318b09a,1984-06-30,10:35:11,CB,0,68,627,Pasta with Tomato and Basil,9,,627
0ae6d2f6-e98f-43f4-b4ea-4f061e3c0a77,1994-11-05,11:15:22,cheque,1,196,628,Pasta and Beans,4,,628
0c4923c4-3429-4d63-ad1c-c929b8c4e980,1995-10-06,10:47:5,CB,1,97,629,Tiramisù,2,,629
85bcd5cd-1b39-4e0d-aca8-d51c552e29dd,1973-02-24,10:16:28,espece,0,120,630,Bruschette with Tomato,8,,630
ac34de1f-3b9f-4cda-ae4a-141ae93889ee,1994-01-16,9:20:9,espece,0,97,631,Caprese Salad,11,,631
64b0ca52-6081-4d3c-9d87-ab53b24ab18a,1960-02-11,11:3:2,espece,1,141,632,Pasta with Tomato and Basil,8,,632
1247ed04-82f2-4ebd-a5e6-3000fa7ec6c8,1959-11-25,10:11:6,espece,0,118,633,Pasta with Tomato and Basil,11,,633
6703f2b1-239a-4042-b745-67761dfbec97,1992-01-18,9:58:57,cheque,1,198,634,Fish and chips,12,,634
fb2e229d-0e35-4161-b049-57cd8a6cb550,1978-06-04,10:59:43,cheque,0,71,635,Barbecue Ribs,12,,635
04321e18-6a36-4054-85b4-656e2e21c9b6,1971-11-29,10:37:3,espece,1,122,636,Caprese Salad,2,,636
4f3134b3-b65b-40da-822b-641524c60322,1997-04-04,9:48:37,cheque,0,184,637,Fish and chips,12,,637
867dcf50-03fd-4511-b0eb-1da659b743d7,2021-09-11,10:14:52,CB,0,59,638,Caprese Salad,12,,638
5eb0b976-ad4a-4eac-a3ce-aba87abd6c20,1979-05-20,9:9:6,cheque,1,20,639,Mushroom Risotto,4,,639
4f484ae3-039f-4d6d-b7e9-32161afa3996,1977-12-12,10:50:14,cheque,0,103,640,Tuna sashimi,3,,640
159274d5-8f1d-41ff-ba17-483ab70b9535,1980-03-23,11:2:10,CB,1,184,641,Chicken wings,11,,641
5469d295-7506-475d-babc-6347a839e8f0,1987-09-11,9:50:4,cheque,0,166,642,Risotto with seafood,9,,642
68575bb1-fb5d-4561-b9c0-1bc56f2f68f5,1956-01-27,9:24:52,espece,1,20,643,Cheeseburger,2,,643
e474fe15-f95b-450e-8bc3-cb323cf03693,1988-03-02,10:17:56,cheque,1,30,644,Risotto with seafood,7,,644
60a67baa-639e-40d6-b261-2388715153a6,1974-10-30,9:51:38,CB,1,97,645,Barbecue Ribs,5,,645
a927a14a-de5f-43c3-b279-bbf346509c69,1980-02-15,11:44:50,CB,1,61,646,Califlower penne,4,,646
c7701930-2626-4575-b197-31974227a7b7,1985-08-08,9:3:1,CB,1,101,647,Chicken milanese,11,,647
d00869a5-b521-44b7-8a9e-2faddb852f99,1993-09-07,9:42:20,espece,1,30,648,Pasta Carbonara,5,,648
837e71d0-da9e-4456-bb93-f69f2d31947b,1994-10-13,9:30:49,CB,0,29,649,Tiramisù,5,,649
6041e251-ee92-45eb-8d1c-d4b5fb4a130a,1960-07-30,10:50:7,CB,0,199,650,Barbecue Ribs,9,,650
27e1c9ca-32aa-467b-a02b-045f8a1924fe,1960-02-05,9:54:11,CB,0,111,651,Barbecue Ribs,7,,651
cf06f449-bdbe-440c-88fa-3f4798ed9100,1974-02-10,11:29:2,espece,1,191,652,Ricotta stuffed Ravioli,10,,652
9f5a2d11-5b2a-4d6d-8adb-3b937701f19b,2020-01-22,11:7:56,cheque,1,99,653,Cheeseburger,9,,653
94a4e4d3-0175-4de0-ab4e-ff371686fc6a,1961-11-02,11:20:10,CB,1,149,654,Pork belly buns,3,,654
936afe9f-9b97-458d-9a54-c662334e6e3c,1979-10-17,9:33:2,CB,1,55,655,French fries with sausages,8,,655
a07d0d75-0c10-46e4-94b6-e7b36ba5bf97,2008-02-19,11:11:18,CB,1,29,656,Caprese Salad,3,,656
a26eaae3-d049-4c69-a9de-811c5e51b94c,2005-07-22,11:40:59,cheque,1,21,657,Chicken milanese,5,,657
c2cd395e-e312-4e9a-a6cb-1f7375e5e657,1976-11-02,10:34:31,espece,0,198,658,Barbecue Ribs,12,,658
b6b3f12a-cb0e-4d89-b3cd-88632dddd31f,1992-06-06,11:31:58,espece,1,84,659,Bruschette with Tomato,10,,659
4a360b76-5ed3-4287-8c82-6b121d0df7da,1975-07-04,9:13:59,CB,0,90,660,Mushroom Risotto,2,,660
7a09efef-e1ef-4ea1-92c5-8a4cd7b29a00,1978-01-24,10:27:16,espece,0,8,661,Fettuccine Alfredo,11,,661
7f4c9c74-5bb1-4bb9-866d-af11a6442a3a,1973-07-28,10:51:29,CB,1,15,662,Philadelphia maki,5,,662
378c2808-1259-483b-b151-4e3f9607ff31,2020-10-28,10:39:17,cheque,1,74,663,Risotto with seafood,2,,663
e3a1fb13-c88c-4778-bf73-d453c357ad7e,1963-01-03,9:56:14,espece,0,25,664,Risotto with seafood,12,,664
b9f09d69-1461-42db-a022-cc5d073314f4,1977-07-17,9:26:12,espece,1,83,665,Chicken wings,2,,665
0cf74fb7-09e6-4922-b39f-cb0bab349b98,1973-05-20,11:34:41,cheque,0,65,666,Califlower penne,4,,666
8e8710e4-1f48-493a-804f-bd30162362f7,1992-05-09,10:19:17,CB,0,79,667,Pasta with Tomato and Basil,5,,667
5415a398-612c-482a-8242-3454750beae2,2010-08-19,10:44:1,CB,1,29,668,California maki,2,,668
33443e2c-6bd0-43bd-9ce2-2f1092fe401e,1970-06-05,11:17:6,CB,0,29,669,Caprese Salad,12,,669
b3888cb6-a7f6-4420-bae0-268d7478c1bc,1960-12-17,9:5:11,CB,0,79,670,Ebiten maki,3,,670
10f209d0-3f96-41b9-85a2-a00c7138f044,2019-02-27,9:48:34,cheque,1,71,671,Pizza,12,,671
df844e70-3af7-4945-ad58-bd7cf48919ea,2016-06-18,9:12:54,espece,1,79,672,Pizza,8,,672
5ead50ee-dc93-4a0d-a389-f57739bcf69d,1998-02-01,9:16:15,cheque,0,31,673,Chicken milanese,12,,673
fedf2195-707b-4ee4-b343-9c5403e77c3a,2014-12-17,10:37:32,espece,1,117,674,California maki,7,,674
138d57c7-158d-43ef-843c-7cbf3c8d4756,1995-02-17,10:2:39,espece,0,47,675,Linguine with clams,4,,675
7b46faad-3f44-4e1e-8dad-feb69f460eaf,1980-07-06,11:41:6,espece,1,152,676,Pappardelle alla Bolognese,6,,676
d6408e13-40e3-4146-b353-cf32e48df6b2,1984-09-17,9:58:53,espece,0,61,677,Pasta and Beans,4,,677
3932dcc3-b11b-4372-9d68-ddb2a577460e,1999-12-24,11:39:23,espece,1,94,678,Pizza,12,,678
1e30fe53-b7eb-4f67-8215-74bef5a76607,1966-06-15,11:22:20,CB,1,182,679,Risotto with seafood,2,,679
a32bc758-abf4-49db-a781-9cb991e222fd,1985-07-30,11:43:29,CB,0,171,680,Pappardelle alla Bolognese,10,,680
f143cbbd-edac-4d36-9141-b943df2e2283,2014-03-22,10:20:43,CB,0,165,681,Pizza,9,,681
1ff16991-5e0a-49aa-ab62-2aac7194d79c,1996-10-10,10:53:36,cheque,0,158,682,Chicken wings,12,,682
22a1e977-c704-4ba9-882e-112f09d6258d,1956-08-10,9:54:8,cheque,0,136,683,Risotto with seafood,2,,683
21028741-5495-476e-84b4-f9eb33253c23,1956-10-10,9:32:55,CB,0,154,684,Pork sausage roll,5,,684
3db3763c-210a-4124-bbef-f6eec23cd076,1985-03-21,10:56:3,cheque,0,57,685,Ebiten maki,10,,685
29be7292-fe80-4caf-b51a-1a5aa02c5211,1987-05-26,11:10:27,cheque,1,174,686,Bruschette with Tomato,4,,686
1785b5db-35aa-4277-b148-be030ad884f3,2021-10-11,11:35:5,espece,1,42,687,Salmon nigiri,9,,687
d0973921-4de1-4ff6-890b-02c288f43a18,1956-12-14,11:50:3,CB,0,11,688,Pork sausage roll,7,,688
05810883-5aef-4372-8610-685b7669f342,1988-09-12,9:56:28,CB,1,115,689,Califlower penne,7,,689
88734c3a-1bf6-4e65-a58e-b59aeff3f59b,1967-12-05,9:17:18,espece,0,198,690,Katsu Curry,5,,690
99d6b9e9-ead9-4047-a284-058d251208bd,1996-04-25,9:11:34,espece,1,196,691,Pasta and Beans,9,,691
d3bc8576-c6aa-4cc2-903f-277d1458a012,2009-12-28,11:35:54,cheque,0,196,692,Souvlaki,6,,692
635518a9-eabb-47f9-bb30-0265f3dd55e2,1988-01-01,11:44:4,cheque,0,104,693,Meatballs with sauce,12,,693
f3270d0a-62cb-461a-a623-4be68ea923c4,2002-10-17,9:3:17,CB,0,14,694,California maki,2,,694
8c3ae3bd-296d-42e2-9e25-e3588e0aa608,2007-02-28,10:8:18,espece,0,125,695,Fettuccine Alfredo,7,,695
f6da8afc-62c7-4117-9659-fe29e1108a9b,2015-08-03,11:37:39,espece,1,165,696,Ebiten maki,5,,696
bb03b74f-7210-4112-9dca-ca59b7503f41,1961-07-26,9:35:16,cheque,0,132,697,Pasta with Tomato and Basil,2,,697
a94197cb-f116-4fe5-aa8c-c3c2bf4be43c,1968-01-10,9:3:46,espece,0,146,698,Chicken wings,5,,698
e43912a3-a2c7-45de-9953-8ef834d0dbf6,1986-12-03,10:58:15,cheque,0,108,699,Pasta with Tomato and Basil,4,,699
49758257-826f-4b41-adf0-12314a3039f9,1994-03-05,11:40:17,CB,0,94,700,Chicken Fajitas,2,,700
13bae3e5-1e1e-4219-8b65-93d47073bde6,1971-05-10,10:7:10,CB,1,150,701,Scotch eggs,7,,701
485d5989-14eb-49ca-bbdc-83ee2b384c06,1970-11-04,10:47:18,espece,1,130,702,Pizza,3,,702
45c6a1f5-99f9-47b9-98ce-5ce9e980d16f,1973-08-02,10:27:20,cheque,1,58,703,Bruschette with Tomato,5,,703
055cb288-e2ed-4729-9e63-85f1911bc121,1961-12-06,10:23:49,espece,0,94,704,French fries with sausages,10,,704
992b9cf9-00f3-4fad-82e7-1c53b29173ff,2005-10-30,9:51:14,cheque,1,142,705,Tuna sashimi,5,,705
33da143f-86ca-4693-90ad-8d457da4d599,1991-05-19,9:41:44,espece,0,100,706,Fettuccine Alfredo,7,,706
7e064309-f361-44f8-a172-81be8fd232c6,1989-09-13,10:59:6,CB,0,41,707,Pork belly buns,7,,707
7b0aa60c-d1be-4c2f-8fbb-cd21ac4fee17,2001-04-16,11:5:35,espece,0,133,708,Chicken Fajitas,8,,708
3d68c3e6-2c2f-4b16-875b-7f57eadde9cc,1976-11-22,11:38:54,CB,0,100,709,Teriyaki Chicken donburi,9,,709
c2edea1c-3f03-4d94-a91b-53f6ba8528b7,2013-06-16,11:31:40,espece,1,177,710,Mushroom Risotto,4,,710
c64ec37b-a518-482b-a231-cb666ee2be45,1962-08-25,10:18:39,CB,0,103,711,Vegetable Soup,7,,711
f04d9eb6-3c96-4c1e-99eb-43efd41fbf24,2008-09-25,10:4:44,espece,1,122,712,Pork sausage roll,7,,712
1299ee4d-ac95-441c-9aae-4f349fede4bf,1965-01-26,10:4:57,CB,0,194,713,Souvlaki,7,,713
e97eefb0-4687-42e3-88df-3c028b6ebd6f,1989-05-20,11:6:15,CB,1,168,714,Salmon nigiri,12,,714
f741fb84-4c00-4649-9b92-b6f87f7335f3,1995-06-07,10:24:49,espece,0,47,715,Chicken milanese,9,,715
6789157e-9ed5-4ba3-a992-40622587928c,1953-10-20,9:26:16,cheque,0,186,716,Lasagne,7,,716
a35d1b74-f07e-4164-a77e-67713df53d4c,1962-04-09,10:46:16,espece,0,13,717,Salmon nigiri,9,,717
ba52b54b-2492-4fb2-b7f5-86e3e509528b,1957-07-12,10:21:17,CB,1,189,718,Califlower penne,4,,718
f1937265-3260-4bd6-81fc-5b07df6d8ecf,2003-04-19,10:18:8,CB,0,59,719,Pasta and Beans,5,,719
1ea31181-32b3-4b2c-a9ab-58cd980d45bf,1961-07-21,9:4:16,CB,0,132,720,Pizza,10,,720
dda5a31b-e2e3-4da0-89c4-95f8f0c3c8cc,1990-12-21,11:18:59,espece,1,94,721,Barbecue Ribs,4,,721
da6b06c2-6033-41e1-9e61-bd8d55d97d91,1957-10-19,10:30:6,CB,0,151,722,Barbecue Ribs,3,,722
1a07f0ee-c020-4009-b98f-c0001f522b32,1984-03-23,10:16:44,CB,1,145,723,Linguine with clams,7,,723
12c1007f-91ec-42cd-8529-8ac20ac37fcd,1983-10-29,9:45:46,cheque,1,44,724,Barbecue Ribs,3,,724
9ef766c7-aa97-405e-8601-ad110944b8e2,1987-06-07,10:2:29,CB,0,138,725,Ricotta stuffed Ravioli,5,,725
a0fabfd6-ca69-4a30-a11b-e03431437e1f,2019-04-22,10:29:48,espece,0,51,726,Caesar Salad,5,,726
b165be09-26fa-4d60-88c6-ef1ea8da95ec,1997-03-26,9:50:29,CB,1,67,727,Pork sausage roll,2,,727
ef846c9b-6eab-4001-9cbf-3193471d3746,1973-11-02,10:54:9,cheque,1,97,728,Ebiten maki,9,,728
62053a97-922a-40d4-bdaa-1bdd8eae6969,1976-04-30,10:50:41,espece,1,77,729,Risotto with seafood,4,,729
0a13891a-e982-46bc-8f36-12093d0cbb31,1975-02-01,11:32:26,espece,0,173,730,Bruschette with Tomato,10,,730
b08a8ced-ab7c-4f9f-b0fa-90acbd4292eb,1996-07-05,9:43:25,cheque,1,110,731,Caprese Salad,7,,731
08f7184b-d423-4806-9bc6-f48ded040c88,1987-10-08,9:33:55,espece,0,39,732,Pork belly buns,7,,732
3328c6b6-7416-47d3-8a73-34e407c30899,1953-04-05,10:43:15,espece,0,73,733,Pork sausage roll,4,,733
566b8926-4c90-4516-a24f-ded1eddf4fc7,2022-06-13,9:0:0,cheque,1,192,734,Pork belly buns,10,,734
0ecf3be8-b8da-4c36-b4f1-3317c84ca883,1968-11-02,11:48:54,cheque,0,164,735,Tuna sashimi,10,,735
14165fb0-82da-4113-8eed-e35004f4845e,2022-03-22,9:56:38,CB,0,27,736,Chilli con carne,9,,736
9e06a360-3940-4703-8684-9b7934596922,1992-11-04,9:7:46,espece,1,168,737,Cheeseburger,8,,737
91b05adf-adf9-4278-8044-cc0e690aadeb,1976-11-01,9:32:26,cheque,0,130,738,Chicken Fajitas,3,,738
6e6ffdb5-b65e-44bb-9783-6e318e4851d7,2015-07-13,9:57:3,cheque,1,158,739,Lasagne,8,,739
8225f3fc-63ce-47be-9c53-c1f8b3727f92,1956-01-29,10:34:21,CB,1,58,740,Pasta with Tomato and Basil,10,,740
a265b8d4-59b2-4871-9bbd-f19bc15c8545,1954-09-15,11:1:25,espece,1,177,741,Pork sausage roll,3,,741
affe8d2e-dced-462e-956e-f5c328e0f5be,1963-10-08,9:55:45,CB,0,147,742,Salmon nigiri,12,,742
fd68434e-f9e1-4a57-8959-c661abfc9733,1987-01-11,11:29:18,cheque,1,199,743,Ebiten maki,12,,743
20f6004a-0d9a-4510-95c8-cc12d683b798,1992-11-19,10:3:17,CB,0,55,744,Katsu Curry,8,,744
e7d5dbc6-34fa-4cdb-a364-be43ab3613fc,1960-10-24,9:42:19,cheque,0,105,745,Bruschette with Tomato,8,,745
28c25dd4-0253-46e5-9345-8817eca4c74c,1963-10-12,10:7:35,CB,0,38,746,California maki,7,,746
4b469b4e-85f2-4838-a33e-d2c5136a4cc1,1979-04-18,9:37:19,cheque,0,160,747,Salmon nigiri,10,,747
e564f643-ca19-4aa5-a1b2-e5366e91e89b,1983-09-26,11:58:40,cheque,0,12,748,Bruschette with Tomato,12,,748
c3de2f3d-e28e-4f8e-8be9-7d0231dee940,1988-10-29,10:11:3,espece,1,26,749,Pasta with Tomato and Basil,5,,749
1cd4df65-4647-44af-a07f-a0b1683d8a2b,1987-06-10,11:5:42,cheque,1,139,750,Tuna sashimi,11,,750
aaa154a1-9bc7-47df-b921-08806d7c4cb5,1953-06-27,10:20:51,CB,1,111,751,Pork belly buns,3,,751
613b8bda-3ab5-4697-b388-5e735c95352b,1953-01-21,10:27:27,espece,0,77,752,Chicken Fajitas,10,,752
1973b350-5183-4b9b-9cb5-ee3e110bd831,2018-10-05,11:40:6,CB,0,43,753,Chilli con carne,6,,753
3f3407f2-8bff-4d27-b137-f23d9a7066ba,1979-02-28,11:11:46,espece,0,42,754,Califlower penne,12,,754
99f271a5-89c9-4989-ae93-7ec5487cb35b,1958-06-13,10:18:6,CB,0,164,755,Scotch eggs,9,,755
34bf2ab2-3605-47a6-91b8-36e39b29e0a7,2003-09-20,11:31:31,cheque,1,118,756,Lasagne,11,,756
d4d1a2b1-ccb9-40ef-8627-1c735e576e39,1963-03-16,11:3:33,cheque,1,192,757,Fettuccine Alfredo,9,,757
edafdff1-2e12-47cd-9733-59686d7fb798,2018-02-06,10:18:19,CB,0,174,758,Califlower penne,11,,758
414fd287-b24a-4038-8947-1fa6b1ef5ee1,1983-01-15,10:5:19,espece,1,151,759,Ricotta stuffed Ravioli,11,,759
c3b9800c-64d8-4c31-9bac-967a8fd6903f,1966-07-09,11:22:18,CB,1,11,760,Fettuccine Alfredo,7,,760
83689953-7df7-45f5-8151-65f1b5b6401b,1998-05-19,10:3:43,cheque,0,59,761,Cheeseburger,7,,761
282b09ff-96e2-4b63-8217-94d7de604447,1953-02-13,10:53:58,cheque,1,195,762,Tuna sashimi,2,,762
7a329698-4132-4a1d-8902-192ead4bb0b5,1966-09-22,9:54:21,cheque,1,6,763,Fettuccine Alfredo,11,,763
5ce756bc-0f60-4319-9e9f-bab4651ecc6b,1959-03-19,11:4:42,CB,0,39,764,Tiramisù,4,,764
a0c45fd7-7125-4ebe-8ce4-3450fad39c00,2019-04-20,11:7:58,espece,0,61,765,Bruschette with Tomato,11,,765
a079db13-443a-4c16-9883-3dfc97a5a912,1982-03-10,10:25:13,espece,1,190,766,Mushroom Risotto,2,,766
af4ac767-05c3-4e93-9549-13c2d3f70046,2003-11-28,10:29:13,cheque,1,50,767,Chicken wings,2,,767
cf696228-b477-48c8-bfc5-0b5117fc1a0b,1980-07-08,9:40:22,cheque,1,17,768,Pasta Carbonara,11,,768
95220344-5731-4a0f-9b68-4a1c981e7d6c,1978-05-14,10:25:17,espece,1,22,769,Bruschette with Tomato,3,,769
fada2fb8-b3e8-486c-97c5-3914f3efb97f,1953-04-02,11:24:30,espece,0,14,770,Linguine with clams,3,,770
0d2fbbeb-889f-45a8-a1dc-938f15ba58ee,2000-11-12,9:48:24,espece,1,89,771,Souvlaki,8,,771
f26c15a4-2ca3-4ca0-be43-aec2507a6a33,1976-12-20,9:27:30,espece,0,134,772,Chicken Fajitas,7,,772
9e12d8ad-61b9-416e-a287-8d7b89c1879b,1965-11-15,9:1:40,espece,0,80,773,Ebiten maki,10,,773
96afa209-0120-4dd2-aecd-528986b9c9c0,1992-09-16,9:49:51,CB,0,104,774,Teriyaki Chicken donburi,10,,774
ff74b554-18ac-439c-9d64-ceb730163fd3,1970-07-25,10:11:24,cheque,0,72,775,Tiramisù,9,,775
e77c4c81-12af-4465-9365-3cc4c8e4130d,1967-05-16,11:26:20,cheque,1,164,776,French fries with sausages,5,,776
22d9c6be-56e4-413b-8792-9fd550dd145d,1963-08-02,11:21:50,cheque,0,49,777,Meatballs with sauce,3,,777
30062be3-3ac3-420a-9912-3e94da7f8449,2006-12-11,9:25:48,espece,1,197,778,Mushroom Risotto,8,,778
1571c083-c2f4-46ab-845f-59b3b60cf74a,1978-06-03,9:9:54,cheque,1,155,779,Mushroom Risotto,4,,779
9069fbb0-0a37-4218-b270-66de93a6cb1d,1972-02-27,9:38:32,CB,0,32,780,French fries with sausages,3,,780
22294135-4705-4466-bac2-ad8f261ea0a5,1985-02-13,9:36:44,cheque,0,48,781,Scotch eggs,10,,781
5d157cb0-1712-414a-990c-9833cfb5d6e4,1975-04-19,10:9:34,cheque,0,170,782,Fish and chips,4,,782
8b5f1785-a136-4c6d-bdda-af829bff18c6,1966-02-06,10:44:49,espece,0,115,783,Califlower penne,11,,783
e4cad7a6-c20e-4b3d-88b6-768dded00042,2012-08-21,10:31:39,espece,1,170,784,California maki,3,,784
7c30c057-32ef-4056-93ce-9c93adbb8ef5,1996-11-13,10:37:36,espece,1,200,785,Pork sausage roll,8,,785
3414aef8-8750-451a-b5a3-5bbf435eaaff,2007-05-09,11:43:53,cheque,1,12,786,Chicken wings,8,,786
35d37f14-cd70-4eee-ba1c-d3341b9adf27,2005-09-24,9:9:32,espece,0,82,787,Chilli con carne,6,,787
cb14164f-41f5-4355-8aa6-dcad2b4c0b90,1953-10-12,9:55:33,cheque,1,19,788,Chilli con carne,8,,788
06a590cc-b231-4473-822e-fb3570c775ab,2002-12-12,9:54:29,espece,1,110,789,Teriyaki Chicken donburi,8,,789
1d02412c-3fc4-460d-8a92-c2bf02ae7115,1982-12-21,9:24:46,espece,1,58,790,Caprese Salad,8,,790
3bf03c3c-c1b4-4271-8f84-107a90a94f98,1993-11-17,9:22:8,cheque,1,161,791,Bruschette with Tomato,7,,791
9603c525-f281-4c8c-9055-3518037371af,1998-11-25,11:17:31,cheque,0,118,792,Scotch eggs,4,,792
fc2079a5-d64c-4d0b-bd0b-f216a0a4b38d,1972-08-12,11:8:42,cheque,1,171,793,Philadelphia maki,6,,793
4ac987fb-da7d-4a20-af43-9fa4b5c734bb,2001-01-02,9:8:20,espece,0,82,794,Meatballs with sauce,9,,794
543abf11-1d0a-448c-9a72-ce7f5a59dbd6,1986-06-25,10:18:43,espece,1,84,795,Lasagne,10,,795
67371793-8d48-4e38-976b-fc829a594269,1979-07-05,9:6:27,CB,1,26,796,Vegetable Soup,2,,796
b88e32ba-71a5-441e-8554-bf160b50aeb0,2013-01-02,11:44:59,cheque,0,166,797,Caesar Salad,9,,797
36542a9e-4a70-43d4-8d1e-ca281e3a7037,1988-12-16,9:16:3,CB,0,190,798,Pasta Carbonara,4,,798
326c6dcf-3afb-43bf-a0e6-8ce3b9c03241,1989-10-30,9:21:42,CB,1,59,799,Fish and chips,9,,799
f5310d91-5c26-4c85-9a33-8c6b030f1375,2006-06-06,11:17:40,cheque,1,10,800,Fettuccine Alfredo,11,,800
6fe9795c-523d-49e1-850c-dc1407b49dde,1989-04-24,11:32:23,cheque,1,51,801,Chicken milanese,6,,801
4c37a63d-4613-4a10-886f-5d6a0b05ec98,1979-12-20,9:11:49,espece,1,97,802,Bruschette with Tomato,6,,802
994a607c-3208-4ac8-9959-8880a90d7930,2015-03-30,10:53:45,cheque,0,7,803,Pizza,6,,803
8eef9a4e-b457-423a-847e-f66f99bce6ad,1996-12-08,9:39:36,espece,1,25,804,Chicken wings,6,,804
6f2a6d36-6bc1-4208-9df1-527f5d215cbe,2012-05-23,11:8:5,cheque,1,138,805,Pork belly buns,2,,805
b0306230-161b-4d33-88de-639ac542d783,1953-10-06,11:33:10,CB,0,28,806,Fish and chips,3,,806
f2a528e3-7f33-4ade-b534-57d5f9865bf7,1996-10-24,10:52:31,cheque,0,42,807,Pork sausage roll,4,,807
0d6554a4-81c6-48ac-acb5-b7a3c8dde3af,2009-08-12,9:27:59,CB,0,136,808,French fries with sausages,5,,808
f51949f8-1968-4f66-bf70-c77494948603,2013-04-09,11:27:59,cheque,0,87,809,Fish and chips,4,,809
f7fc69c0-bb35-4b98-802d-1c5001c5c476,1968-11-15,9:4:59,CB,1,75,810,Scotch eggs,9,,810
3aa87eec-ef41-4178-afe1-0e36aa6ba8e5,1997-08-29,11:44:16,cheque,0,36,811,Philadelphia maki,4,,811
7c2b532e-1c8b-4c7c-ab00-3deaf37b535b,1958-02-08,9:48:45,cheque,0,88,812,Linguine with clams,10,,812
5f033f27-226a-4f01-b5fc-061ca8e3121d,2021-01-06,9:59:25,cheque,1,165,813,Bruschette with Tomato,12,,813
95a722bf-d049-4d83-ae1c-8b4b0bf50eb5,1994-11-12,11:50:46,espece,0,22,814,Bruschette with Tomato,10,,814
c80366bb-1dc4-4e91-b48d-637ed594d6ae,1965-10-20,10:55:47,cheque,0,133,815,Souvlaki,7,,815
953a3042-f06c-4d10-bdcd-ef6d5afccabf,2002-02-26,10:41:42,espece,0,89,816,Lasagne,6,,816
118ff951-e0d9-4534-905b-6a8106420809,1995-12-30,11:54:12,CB,1,176,817,Ricotta stuffed Ravioli,5,,817
928277b0-6f1a-429a-a869-f661c0b54402,1955-12-25,9:39:20,cheque,1,107,818,Bruschette with Tomato,9,,818
5ebff8a1-cd25-46e7-8ccf-acb3f7290613,1975-03-01,9:29:28,espece,1,19,819,Chilli con carne,12,,819
f72497d8-0a42-40b7-8c56-9ecfda7c37c0,1964-05-01,10:33:51,CB,1,150,820,Califlower penne,10,,820
2ce24a06-e656-4b9e-8f2a-8bb87aafd30a,1996-11-23,9:40:20,cheque,1,180,821,Philadelphia maki,8,,821
5df0ab80-a666-4c44-9ff7-9672179a7647,1975-08-06,11:58:1,CB,1,64,822,Meatballs with sauce,10,,822
871aaa07-21cb-45af-aaf9-c1d9c413e025,1990-11-01,10:50:3,espece,1,171,823,Pork belly buns,7,,823
1862dc03-cee6-4aff-b3c1-f71fcea4dc10,1999-03-29,10:5:29,espece,1,26,824,Katsu Curry,6,,824
bc5ebf29-aba0-41d9-b7e4-08b27d30a50d,1964-04-11,11:27:57,espece,1,173,825,Scotch eggs,3,,825
087a1b61-dff4-40f9-a6b0-7c0e34a680e3,2002-04-26,11:6:57,espece,1,37,826,Meatballs with sauce,4,,826
6ed0ec0f-b596-44c7-9518-960ce35710cc,1969-06-09,9:5:16,cheque,0,143,827,Fettuccine Alfredo,8,,827
465fdefb-29e3-4e6b-8f2a-a447b33ec340,1965-01-14,11:35:28,CB,0,171,828,Pork sausage roll,2,,828
2f4f1c96-44b0-49b7-8324-c57f16d634ce,2011-08-17,10:41:47,CB,0,99,829,Chicken wings,12,,829
5d02a4fd-c6f8-4d3f-894a-64105acf3cc2,1979-07-28,10:28:52,espece,0,53,830,Califlower penne,10,,830
d9a470f1-9230-452f-b395-cc01bf886d8e,1960-04-16,9:5:9,CB,0,73,831,Souvlaki,9,,831
03619d84-ce4a-43d4-85b1-75fa2b704732,1999-12-18,11:2:29,espece,0,184,832,Chilli con carne,4,,832
36426f3e-aa95-4ba4-917b-bf5a4fd7baab,1995-09-17,9:56:6,cheque,1,161,833,Risotto with seafood,11,,833
8c6fd794-7d8d-4064-84ea-c0845e4eb4ea,2018-12-20,11:44:57,cheque,0,153,834,Pasta Carbonara,6,,834
8a3b98e9-5cdd-40f4-b98a-3a1ce1a5590e,1971-03-01,11:13:37,espece,1,26,835,Caesar Salad,3,,835
59c2c340-5bb5-4c6b-bd82-cefde7f1245c,1988-07-25,9:8:57,espece,1,21,836,Tiramisù,2,,836
ab895033-a505-4912-b27a-268fa33f1660,2014-03-01,11:4:53,CB,1,42,837,Scotch eggs,11,,837
3063bcea-bf74-4c3d-99c0-f80e76b45cf6,1994-10-04,10:45:35,CB,0,80,838,Cheeseburger,10,,838
644a8cd5-2240-4cab-a3e0-3f85980d676d,1995-02-03,10:47:4,espece,0,76,839,Chilli con carne,11,,839
7c525636-b6e9-43cd-a789-36b2fc753a5b,1973-05-17,10:34:58,cheque,1,144,840,Chilli con carne,10,,840
053a4813-6e32-4cc9-bd22-d1a3883da919,1991-08-26,9:41:24,cheque,0,152,841,Teriyaki Chicken donburi,5,,841
38b5e68d-8fd4-4c45-b48e-ade837143349,1994-10-17,9:58:10,cheque,1,77,842,Souvlaki,6,,842
d1144aed-9f71-469d-8524-b3e7a00e5946,2021-09-08,10:22:45,espece,1,150,843,Tuna sashimi,4,,843
de9e6246-4e0d-48a7-9c36-96ca3ac1749e,1970-10-02,10:33:15,CB,1,184,844,Risotto with seafood,8,,844
75bfc5a5-d492-40cd-ad18-a73b47cf5973,2004-10-14,9:36:0,espece,1,110,845,Katsu Curry,8,,845
733ebfa2-e937-42be-ba23-79c34d4ef3a2,2001-10-28,9:56:12,CB,1,165,846,Bruschette with Tomato,4,,846
42a7ded1-6583-4634-bace-cea92a67792a,1999-08-14,10:18:49,cheque,0,195,847,Linguine with clams,3,,847
3573a04b-7a97-46b2-840c-6c39ecaa1169,1994-04-15,11:39:15,CB,1,28,848,Mushroom Risotto,7,,848
5d059128-9d26-44e2-bda6-91b52e974460,2008-04-22,11:11:21,CB,0,91,849,California maki,12,,849
62be044d-b81c-45ff-8d65-a8a8817112d3,1974-01-17,11:48:10,CB,1,48,850,Lasagne,6,,850
e9d7dde8-367f-4eb8-812a-15f8d3e37ca3,1968-08-05,11:23:41,CB,0,27,851,Pizza,9,,851
5932214c-110d-4cb4-ac23-069a3f01b451,1986-07-24,10:57:55,CB,0,119,852,Chicken wings,7,,852
63b06b13-fdaf-4683-9022-ea15b1a0483a,1953-09-01,10:19:2,CB,0,170,853,Chilli con carne,5,,853
2a352522-2e5e-4e01-a6d2-374f66d0fd34,2007-10-08,11:40:55,CB,0,8,854,Fish and chips,2,,854
5e8ebbe1-426d-416f-9e97-e5134cb94283,2014-05-03,11:37:21,cheque,0,71,855,Pasta with Tomato and Basil,12,,855
7289287d-64cd-4fc4-8d1a-b45f96c843f3,2002-08-16,9:4:20,cheque,0,185,856,Tuna sashimi,11,,856
385ce454-eefc-4292-bb8f-7c508b81d64f,2009-09-30,11:36:33,CB,0,94,857,Ricotta stuffed Ravioli,7,,857
b923d9e6-c593-4ca9-ac09-b1c1933b2513,1968-02-25,9:35:14,espece,1,187,858,Lasagne,12,,858
c1d5814f-c38a-41cc-927d-88cffe22661d,1964-01-17,10:47:47,cheque,1,38,859,Pasta Carbonara,2,,859
f6c3e4a3-6320-414e-947b-84a7621715ab,2015-11-09,11:20:18,cheque,1,105,860,Pasta and Beans,3,,860
308569ba-c3e8-4db6-b0ff-44e1ee62aae8,1990-03-23,10:11:52,CB,1,156,861,Ebiten maki,10,,861
dcc70559-e441-4ee6-8edc-feaafb38bb98,2001-01-11,11:45:19,cheque,1,70,862,Mushroom Risotto,8,,862
68d7e8cc-9779-4c4e-a1cd-bb335f7aebb0,1967-10-13,10:16:1,CB,1,83,863,Mushroom Risotto,5,,863
711db97b-9feb-4ad3-a261-f2da7623e61a,1982-07-11,10:44:42,cheque,0,47,864,Salmon nigiri,8,,864
4b33f3f7-b234-4a1e-a59e-64bf76453944,1966-09-15,10:37:13,CB,0,70,865,Risotto with seafood,11,,865
cc87650f-9911-4e78-ad91-a43d93fb95f2,2007-11-19,9:59:33,espece,1,26,866,Fish and chips,5,,866
7f0dd363-6e1c-42f5-a91b-f3e2cfa4e823,2004-05-18,11:49:42,cheque,1,25,867,Philadelphia maki,9,,867
9f9ac1b3-35eb-4a72-939a-ded537566f25,1997-01-14,9:1:31,cheque,0,70,868,Chicken Fajitas,3,,868
9509e8bf-5b96-4fea-95de-f4a73e9c696f,1991-08-20,10:37:54,CB,1,66,869,Pork belly buns,9,,869
b8b71509-dc0b-4ce6-9ed4-0fdff67de966,2004-04-27,9:3:35,CB,0,124,870,Chicken milanese,9,,870
5a0e7975-f259-41d7-bd1c-d0806812a1da,1986-05-25,11:59:42,cheque,1,113,871,Pork sausage roll,2,,871
ed945e50-f504-47f5-9d11-83cabe09493f,2009-09-19,10:12:54,cheque,1,11,872,Pasta and Beans,7,,872
7afa19cf-1b95-44e6-891f-4bc2bd38ecbf,1975-05-19,11:37:50,CB,1,54,873,Salmon nigiri,11,,873
bd41aa2d-f982-4cc8-a399-59eac7ac8993,1990-05-15,10:36:19,cheque,0,194,874,Vegetable Soup,5,,874
be70637e-b1b5-42fe-99c5-c373c8d11492,1990-04-07,11:23:18,CB,0,164,875,Katsu Curry,7,,875
7a8b789e-2af4-4178-a0c3-ae90bc15e5eb,2015-04-26,9:41:12,CB,1,174,876,Califlower penne,6,,876
b292a486-8da9-41dd-b252-49543249ee69,1984-06-30,9:58:53,cheque,0,199,877,Barbecue Ribs,9,,877
381c6f8a-5885-4392-90a0-4b3221ab1992,2007-08-12,11:59:21,cheque,0,56,878,Califlower penne,2,,878
d09730f1-bb3f-4738-83fb-42117e3e1571,2002-07-17,9:52:48,cheque,0,173,879,Tuna sashimi,9,,879
77a8c0e2-299e-4bd2-802b-abc1220aed72,2014-09-12,11:1:17,espece,1,6,880,Salmon nigiri,3,,880
6460f667-595f-4f97-acc3-6337ec7f7bae,2004-06-24,11:48:47,cheque,1,112,881,Lasagne,10,,881
5ec76077-36b8-495b-a9fe-5484ba13c110,1979-12-23,11:3:4,CB,1,61,882,Bruschette with Tomato,11,,882
c0152770-a412-4e60-9e5d-f5bc7921b53c,1963-12-29,10:52:11,cheque,1,78,883,California maki,3,,883
bc21b5a0-4d93-430c-934f-6c11f016765b,2004-09-28,9:51:6,CB,0,141,884,Califlower penne,6,,884
4aeeb735-3921-45ae-a499-aaef9bb50374,2018-12-26,11:52:44,CB,0,200,885,Lasagne,7,,885
2220d1c3-9ffd-4e00-9fdf-bc19c510f8c1,1957-06-24,10:41:33,espece,0,70,886,French fries with sausages,8,,886
e7544412-9a80-4c0d-a981-9937662ff79f,1963-03-18,9:16:16,cheque,1,157,887,Cheeseburger,2,,887
fa2ce227-45e5-40b6-afab-7f9650b89964,2004-12-08,10:9:29,cheque,1,30,888,Pork belly buns,5,,888
67ea0069-30ce-43e8-9701-e2637a25f30e,1979-04-01,10:11:13,CB,1,151,889,Califlower penne,3,,889
7cffa35c-42b7-4f10-941c-2e885cf06d94,2021-03-27,11:39:14,espece,1,103,890,Bruschette with Tomato,3,,890
677c896c-7c5c-4a54-a3a7-1ab0a51c8545,1955-10-22,9:14:35,espece,1,5,891,Tuna sashimi,12,,891
eb8f262e-bdea-448e-8b2c-10e312555b5d,1962-03-20,11:58:48,cheque,1,149,892,Chicken milanese,11,,892
586a7535-09f2-4fd3-b77f-46ba80046245,2001-10-28,9:11:39,cheque,0,68,893,Chilli con carne,5,,893
48466658-54bd-40be-97ed-1d422c2f6882,1999-04-04,11:4:24,cheque,0,24,894,Tiramisù,10,,894
db9648bd-6465-47d3-8f1c-3bdb52850bd6,1995-03-29,9:33:48,cheque,0,103,895,Souvlaki,3,,895
a98eeae1-915a-41f5-afe6-d6eeadb62162,2011-12-05,10:12:0,cheque,1,26,896,Bruschette with Tomato,12,,896
35a142ce-2e8b-49f2-b424-61130af586b2,2022-02-22,10:13:34,CB,1,69,897,Fish and chips,8,,897
09743168-6332-409d-af8a-55e1e2fd894d,1972-04-26,11:55:9,CB,0,71,898,Pasta Carbonara,3,,898
4eda97c9-a8c2-44ae-a74a-8d459d7a6728,1979-03-07,9:27:59,CB,1,180,899,Tuna sashimi,6,,899
15b5c653-4f1d-4aa9-a367-27a6635e5228,1987-09-26,10:14:36,espece,0,41,900,Chicken Fajitas,12,,900
6e963ff3-27f9-48bd-a063-da92055ba70b,1969-12-26,11:45:16,cheque,0,137,901,Teriyaki Chicken donburi,9,,901
2e3fb191-93f1-4dd5-a684-03f37a8738c8,2021-01-19,11:11:46,CB,0,115,902,Cheeseburger,11,,902
2ce23961-1b3c-404f-b461-ec8dff2f43b9,1955-04-04,10:34:28,cheque,1,103,903,Lasagne,12,,903
5630c990-ab6d-40f4-a255-871d0d493891,1993-06-28,10:26:23,espece,0,162,904,Caesar Salad,5,,904
f1164914-9135-4b36-9487-f55f276ca22a,1997-12-26,10:6:56,espece,1,55,905,Cheeseburger,6,,905
48edeafc-1461-4314-83d2-517ad47a556c,2010-08-04,9:9:42,CB,1,108,906,Pasta with Tomato and Basil,8,,906
e575a823-880c-4033-b271-581ffd7874f5,1983-06-09,10:57:43,espece,1,123,907,Barbecue Ribs,2,,907
29254269-e5f0-4bb3-b1f1-37536b00b48b,2018-07-13,11:28:20,espece,1,91,908,Lasagne,2,,908
895d9a3b-669d-4c87-a6ff-4a7ae0037432,1962-10-13,10:26:22,CB,1,185,909,Fish and chips,3,,909
d4e861a7-96ea-47f3-8884-038437d4ea96,2006-09-17,9:40:28,espece,0,27,910,Philadelphia maki,3,,910
816e3785-80f2-42f4-941f-5f1f81e70d9a,1970-07-13,10:53:27,cheque,1,170,911,Chicken Fajitas,11,,911
3fc86367-5238-454c-bd95-159c48b893c3,1958-04-29,9:8:28,CB,1,85,912,Chicken Fajitas,4,,912
71126e31-ac99-4a46-9a31-6ddff8592380,1998-05-04,9:40:49,espece,0,50,913,Pasta with Tomato and Basil,12,,913
950c3d97-0bf3-457e-a678-eca644ead19e,1954-05-10,10:6:44,espece,0,58,914,Pork belly buns,10,,914
803901f8-5d0b-4728-b410-746e46cb152c,1981-07-05,11:11:55,cheque,1,184,915,Bruschette with Tomato,2,,915
1faa4af6-c2c6-4baf-acb8-76b228e7868c,2013-05-19,9:15:32,CB,0,40,916,Pappardelle alla Bolognese,4,,916
a2b7cf77-a3c0-4a57-b2bc-18c9a8894ca9,1973-03-22,10:52:1,cheque,0,155,917,Pasta Carbonara,9,,917
817b2927-9d2c-496a-9adf-f93b52d11010,2021-08-12,11:2:28,espece,1,87,918,Pork sausage roll,6,,918
6bc5422f-2dc7-4c71-8059-cbf932ae3547,1993-05-11,9:1:58,cheque,1,47,919,Teriyaki Chicken donburi,4,,919
f86df0b0-6221-457d-9796-596c8e610f73,1986-09-15,10:2:36,cheque,0,170,920,Fettuccine Alfredo,9,,920
d63d3d59-9fc5-47e8-b58a-aefa1aaca29c,1989-06-30,10:16:55,cheque,1,107,921,Pappardelle alla Bolognese,6,,921
d6add339-f645-489f-bdb0-cda42bd92e38,1956-12-15,9:36:26,CB,0,143,922,French fries with sausages,3,,922
652b0bf3-53cf-4578-8ab7-144586a1712a,2017-09-27,9:14:39,CB,0,195,923,Teriyaki Chicken donburi,12,,923
e52b88ea-f8f1-4571-b6f6-ce7fc382e137,1961-01-12,9:9:19,espece,0,183,924,Souvlaki,4,,924
7ecb96a4-e3bc-43bb-9bae-7ad60d42a70f,1997-02-01,9:22:43,espece,1,117,925,Pork sausage roll,10,,925
028d92b1-88d5-4a29-bb97-00d12ceb96a9,1976-04-28,10:19:57,cheque,1,172,926,Katsu Curry,7,,926
359e970d-d712-4bc0-8c38-b63be90d1177,1968-09-04,11:13:7,CB,0,47,927,Philadelphia maki,12,,927
e5678764-879c-4f8a-a79b-656b18c0b7db,1971-06-10,10:35:54,CB,0,149,928,Scotch eggs,4,,928
9bfd1590-2b3c-46d6-bed0-7243682a1c9e,1968-12-05,11:19:49,cheque,0,33,929,Pizza,7,,929
76bea158-a2ca-49d2-a42b-5aca3933540b,2019-11-15,9:9:37,CB,1,132,930,Barbecue Ribs,10,,930
a91d8ccf-c98f-4ceb-a4ff-7f25641a6b56,1966-06-06,10:41:53,CB,1,172,931,Tuna sashimi,7,,931
b0106fd8-04b4-4a4c-a9bc-82986735bd4f,1994-06-28,9:28:46,cheque,1,67,932,Chicken wings,5,,932
321e00b1-e7d9-4b2b-acf4-e7ac92e8f806,1968-05-20,11:39:18,cheque,1,25,933,Teriyaki Chicken donburi,11,,933
ed9bd1ef-a780-447f-b0d7-44cda77f19c7,1994-03-23,11:7:32,cheque,0,32,934,Meatballs with sauce,3,,934
7f1a02d0-8e4b-4346-ab5f-be0752a47caf,2022-04-02,11:13:7,CB,0,21,935,Bruschette with Tomato,8,,935
9dee5923-13f1-4d4d-a9b1-c8985395a14f,2021-04-01,11:29:29,cheque,0,106,936,Pappardelle alla Bolognese,2,,936
8f15183c-334c-4c47-b301-b409c804cfe3,1957-07-03,10:9:56,cheque,0,52,937,Salmon nigiri,7,,937
aa625553-6d15-48d6-8db7-cd45417a2ac6,1983-05-26,10:40:46,espece,0,131,938,Salmon nigiri,10,,938
02bd33e4-a1c6-45d6-aada-e8cbaa0b68d8,2014-02-14,9:18:25,espece,1,74,939,Chicken wings,2,,939
89ddd191-351d-479c-94b7-bdc956138898,1997-01-07,11:31:10,cheque,1,8,940,Lasagne,2,,940
781f577e-040a-49fb-8831-51a0a65b501f,1985-10-13,10:35:36,espece,0,66,941,Vegetable Soup,12,,941
71e00ec5-5643-4516-b4bf-d49554f5cc36,2008-12-06,9:44:25,cheque,1,18,942,Lasagne,10,,942
1e74506d-3313-4acd-8c51-8e7d66d8d4dc,1972-01-05,9:44:14,CB,0,31,943,Pasta with Tomato and Basil,10,,943
c3a85747-f509-46a1-918d-4d42b0dc0f85,1995-03-15,10:19:45,CB,1,5,944,Bruschette with Tomato,3,,944
f5f0247a-8c32-4d87-8199-df631fed8064,1992-08-27,10:5:17,espece,1,83,945,Tuna sashimi,11,,945
7edbd987-4ac2-4463-9df5-b4bc11b04c7a,1973-08-08,10:42:42,cheque,0,93,946,Katsu Curry,9,,946
c8536cb1-c268-420d-ac6e-c79a12b3f8d5,1984-12-10,9:45:13,CB,1,23,947,Pizza,11,,947
3d6aed88-857b-406c-b080-07c5b50ed96a,1964-07-20,9:23:46,espece,0,159,948,Cheeseburger,12,,948
66f0d5f8-5e2b-4482-8f7c-e180fbf6a5a0,2020-02-04,9:43:4,cheque,0,49,949,Scotch eggs,11,,949
ab2b71da-abca-47ae-8843-fdc35e5cda99,2011-01-23,9:48:49,CB,0,188,950,Fish and chips,8,,950
99d2d140-3518-4146-b5e7-162a00927efc,1962-02-16,10:7:46,cheque,1,199,951,Salmon nigiri,3,,951
469187ce-4043-4fd6-8c2f-17315bee2be4,1958-04-14,10:26:13,CB,0,196,952,Ebiten maki,2,,952
dbdf9400-696c-44e5-87ff-98894459804f,1955-11-16,9:37:26,CB,0,50,953,Chilli con carne,12,,953
b171cb07-87ad-429c-b78a-9f330e6077e8,1964-01-20,9:15:34,cheque,1,15,954,Mushroom Risotto,4,,954
58df1e5a-9021-4d58-95a5-d312852be53d,1970-10-29,9:1:11,espece,0,92,955,California maki,4,,955
1cb71a25-2cec-459f-bb16-973df3952787,2019-11-14,9:45:51,espece,0,59,956,Philadelphia maki,12,,956
b40c01ee-f1f2-4e84-b98a-cf96bd3dad38,1985-07-11,9:10:41,CB,0,25,957,Meatballs with sauce,9,,957
0381e19a-e15b-4d97-959e-b422fde34af7,1971-08-10,11:33:56,CB,1,188,958,Pappardelle alla Bolognese,5,,958
929a625f-d8e7-49af-b528-54719a004f25,1957-11-13,10:1:8,espece,0,57,959,Souvlaki,9,,959
6e38190d-6250-4c28-ab19-0a1e46195023,1953-02-16,11:59:4,CB,0,122,960,Tiramisù,9,,960
ee39d7fb-60ef-4d33-9456-a62397ba9e0a,1982-02-22,9:44:44,CB,1,131,961,Chicken Fajitas,9,,961
bb15d0cd-d40b-423b-a06f-a6cef78a89c4,2010-01-13,11:49:43,cheque,1,87,962,Pasta Carbonara,9,,962
b4323e47-2102-4d14-9afb-3c44f88e870f,2003-12-26,9:42:27,CB,0,90,963,Salmon nigiri,5,,963
507aaf30-6ddc-4049-8719-80b147d3712f,2007-12-14,10:44:23,CB,1,46,964,California maki,5,,964
101a52af-66b3-411f-b1b0-22456c0e7935,2021-05-10,9:0:35,CB,0,104,965,Risotto with seafood,11,,965
c61dfca2-a469-4469-8b51-fae44d688a7e,1968-08-16,10:27:6,cheque,0,155,966,Mushroom Risotto,5,,966
9da96234-920c-488f-9489-d87ceaa38108,1997-07-29,9:18:35,CB,0,136,967,Ricotta stuffed Ravioli,10,,967
b728462e-c1a2-4a46-956a-82b918e8dc81,1999-12-04,11:3:24,espece,0,73,968,Pork belly buns,7,,968
2bd1035a-a21f-4663-9857-361f03b50266,1959-04-27,9:34:0,cheque,1,14,969,California maki,7,,969
ca75bae1-0f9d-438f-9178-3e14b4580bb9,1992-10-15,9:0:36,CB,0,7,970,Tiramisù,12,,970
c3891e7e-adb3-456a-8dcd-41f6878c2050,1978-06-03,9:57:19,cheque,0,130,971,Pasta and Beans,11,,971
442d5d82-f912-49f7-ac38-2c8e74528c50,2001-07-21,11:23:9,espece,0,95,972,Chicken milanese,3,,972
abc362ac-4cbd-4abf-9109-56f9ce5e0de9,1986-08-20,11:3:19,CB,0,84,973,Philadelphia maki,10,,973
2b46a3e5-b997-487d-a785-0e3d5663d855,2002-11-25,9:0:34,CB,0,185,974,Tuna sashimi,7,,974
afc427fd-c42f-4ced-baf4-5cdd229e0e73,1954-05-17,9:33:4,CB,0,190,975,Mushroom Risotto,5,,975
cc015257-1ed7-4b96-b990-10814bd79444,1967-10-11,10:27:10,cheque,1,168,976,Ricotta stuffed Ravioli,5,,976
5b6c369c-9481-4eea-a029-bbfed8c0b877,1997-03-11,9:45:21,cheque,1,111,977,Caesar Salad,9,,977
fb73fe65-29a4-41f1-b40e-928c5a1f75a6,1992-03-23,10:24:43,espece,0,178,978,Cheeseburger,4,,978
1fa740e2-4d20-47ee-8cef-ae5b271671c3,1997-04-15,9:51:51,cheque,0,189,979,Pasta with Tomato and Basil,12,,979
3e56c2b4-fbf4-4b93-ab35-da6b7ba5d7e5,1973-12-03,10:56:6,CB,0,149,980,Vegetable Soup,7,,980
846e9f7d-8056-4f39-929c-ad99f50ede69,2014-01-12,11:31:17,cheque,0,92,981,Philadelphia maki,5,,981
fbfad210-e4f1-49f3-a860-1033c1e6875d,2005-07-26,10:45:15,cheque,0,119,982,Pork belly buns,3,,982
2b0e1bdb-7134-4892-9707-ed1bcc447106,2001-07-29,9:22:26,espece,1,9,983,Scotch eggs,11,,983
54d1951d-26d7-4239-860d-5bd7c84622af,1971-05-31,11:58:21,CB,0,150,984,Chicken wings,2,,984
4eb56626-a536-451a-bf89-b08ee54abcc2,1998-10-23,11:46:8,espece,0,182,985,Ricotta stuffed Ravioli,3,,985
43fdbb85-d62a-41c6-8dac-348f3f2e8e8b,2005-08-20,9:33:28,cheque,0,200,986,Cheeseburger,12,,986
76338f42-11cc-4ac2-978b-68e127bca40a,1971-07-30,11:1:50,CB,0,16,987,Linguine with clams,12,,987
0991afc5-2d43-4b8f-a726-0a85f4c50a09,2014-12-14,9:4:26,cheque,1,132,988,Chicken wings,10,,988
aba638dd-ee05-4d53-812c-d11e0d937d7e,1975-10-28,10:7:19,cheque,1,148,989,Lasagne,7,,989
91977f54-1bbd-4da3-9d86-7a576bcce40b,2002-10-31,10:54:55,CB,1,151,990,Ebiten maki,12,,990
2f3ae955-b8da-42e8-bc4b-dcf4d2bd0292,2019-03-31,11:0:10,cheque,0,134,991,Cheeseburger,12,,991
1886999a-553f-4c00-979f-9b349f464ced,2012-05-11,11:1:51,cheque,1,125,992,Pasta Carbonara,8,,992
b3d8392f-8d1c-4417-b8f5-4bfc1cae0080,1984-01-16,11:19:39,espece,1,46,993,Pizza,4,,993
b600347c-19b8-4ff5-8ad0-b5ab22f7b7d9,1955-08-03,9:48:54,espece,0,166,994,Chilli con carne,8,,994
12507694-376a-41a1-99f9-72a84e37ab4f,1970-02-26,10:16:11,CB,0,56,995,Chicken wings,2,,995
47372a2a-6538-4c59-a19e-ba13a749a2bb,2005-02-08,10:3:18,cheque,1,33,996,Ricotta stuffed Ravioli,3,,996
500fea72-5538-485c-9afd-fbc7016f3b83,2006-03-19,10:43:8,CB,0,34,997,Katsu Curry,2,,997
5a0226aa-812e-441d-9abb-47d5cb5ea01b,2008-11-30,9:30:23,CB,1,78,998,Fish and chips,11,,998
b00ffb66-9868-473f-b248-202646eb8fe9,1973-03-03,10:35:18,cheque,1,166,999,Pasta Carbonara,3,,999
