id_association_1,id_menu,id_facture
1070b913-a0e5-4ba1-b751-8d9b9b234e82,0.0,e8be54d3-1b0d-4e9b-9480-f0534a68dd46
f97b2b48-217c-4ed6-8888-e659dbc07000,1.0,af6b115d-a85f-49dd-bfa9-738d3de4e188
312c9c3c-6d1a-46be-ac7c-3e5854fa29a5,2.0,30eea6cd-a7cc-4287-94fc-b194e5bba21e
498b2bc1-71d2-4e41-9edf-dd6704ebce29,3.0,d5214478-1289-4e29-afea-baed227196bc
f6e31ad9-3ad3-411b-9027-b3900e49fd0a,4.0,e68fcb11-3af9-4e27-afaf-63ae86add6cd
436868a7-a46f-48fc-9d1e-75cdf8cfc6a0,5.0,016d63c9-c576-4b20-a95b-b86812c9466a
2fa00983-a664-48c3-acfb-d421d31f6ec5,6.0,66dc8d7a-1e7f-4622-b4bf-3f03eb5a07ed
76cad038-3302-4562-8e38-60ff6f2163a7,7.0,0efb1834-3757-4505-a4c2-a484cdd91d2a
c3fc1d1e-93a2-43e7-99ae-aec9a85e81f3,8.0,2bb270b6-f77a-48d5-bdc9-b97140befdd0
9abb5c2f-3e25-4ebf-8f3d-d8743143880f,9.0,529128af-f66e-44e0-8f0b-2c258872fd80
27d3a539-eb8b-4d86-8732-0979f9f63173,10.0,327ffca3-938a-4ccf-a2e5-653bc2386406
20282454-9bff-487e-bd3f-07c4efa8563d,11.0,879f393b-4801-4256-99b5-f038e2a377d6
f3373b91-efb8-454d-900b-1087b48e4728,12.0,c164ead9-2daa-494c-85b0-b632c19eefd2
08dab321-430d-40f8-acf9-3a23910b773b,13.0,56a557d4-3e09-459d-b18f-4e457277ae17
98325ad5-8c9f-4585-9065-ee23a8b83f20,14.0,f55ad9e2-2a28-4053-a4d8-b27a2d82239a
5bc13e21-2de9-4347-bdea-4ef5bbd50207,15.0,e7e19442-fd03-48d1-bc59-6293d78c485b
7d3821b4-8c9e-4125-84bf-10aa8174294e,16.0,63aa87c1-aacc-4692-944f-6595d9974e40
f27ac6a2-0452-4995-ad2e-b55b5a62e9e4,17.0,9c5c647b-363f-435b-9e05-a6da03b3befd
c7e90664-d811-4388-9582-3a29c44dd906,18.0,183434e2-8c84-494e-a7a5-84cc0dab7556
74c0ebad-6876-4dfb-8f03-02df88fe00ab,19.0,fee48ed6-cb11-4eeb-af22-8c2604fd7662
5e5ed3a8-aee1-4407-89fb-1cbfad452e23,20.0,c9a1bb75-8507-4ab3-99e9-2336a2090986
02e0e076-7be5-483e-b8af-04276b45c563,21.0,cc181998-2ac4-4a82-b363-e4105025e5f7
f0ec8d61-f853-4e19-a5da-1f53cc576438,22.0,259742b2-1e2a-4011-ab0b-5b54c1720214
253d7acb-82fc-4b6a-8af0-414befcd0f00,23.0,35fe2af1-70cb-4098-848a-a31ea8f8ba9c
a8d60649-0e1f-4b5d-8e0c-0fb5e5b418c4,24.0,2bb8f740-6ee8-45bb-9310-8dca94305f87
1e8a5ce5-89fe-44ae-8ded-9d0362f085b6,25.0,3cc1bb4d-2c15-46c4-a0dc-2f1d221a87fd
96807a37-58bd-4715-b3fd-11e9a3bb33ef,26.0,a2bb1437-934c-4620-9abf-4ebfca009299
136e79c9-9805-4613-aa6b-a13ef6de4192,27.0,1706a415-8b21-4332-a3f2-f59d34e7430b
c5538610-96a3-45a0-88a1-a1565099636a,28.0,33993044-ca41-404e-be09-6fa3ece30e11
ad420e2c-ae1e-4c7f-8d81-4cab8a528530,29.0,5110c36c-5f77-48c3-a000-32331b447d79
dd0c60df-9be0-4355-8907-6ee766bd8719,30.0,a35be870-bd03-4181-9153-41a3e6712a22
174aa429-b66d-41af-ad70-01865c1b8018,31.0,95f5c538-c867-44f7-b26a-ace1c00252e8
e95576f3-fcc1-4098-a0c2-7d5dc231252f,32.0,aa39988a-6085-4fd2-9ec9-eda4f0983508
c24c99ad-089b-472c-8373-cde8eba64226,33.0,c61f86d8-52db-40af-a82f-b807deba5e16
e2c30211-2219-41b5-8abf-b45b13c5cdf5,34.0,a2cca932-bc8d-47ab-b037-149d53ca5a76
0ca8ae13-06b4-4e66-ba65-d7ceadafb3e8,35.0,9bd1a574-ac71-425f-937e-f5fbe0687f84
fa538498-1ba0-4d78-a0b4-5fa768668e98,36.0,b33775a4-3b23-4a57-8535-b4c5f093ac8e
11b8dff6-b178-488f-a57a-8001634a2898,37.0,2a2b225e-7579-4be1-8d06-aca724db684d
3dea9551-8da6-4e81-b556-1ecd1292a80e,38.0,555cf308-c13d-4c37-b8a3-cad890b4429f
17749fee-05f8-40eb-88a0-a025c8ea4f78,39.0,32c436b9-094d-432b-90dc-977d942bfe6c
c778a49c-0954-45c5-8919-ad3d14f346ff,40.0,8c811393-04a8-4804-9e98-e4942aab6be0
1913d3cd-c2e9-48c6-93f6-6801ddbdd6cf,41.0,9d087f7f-d4c6-4480-8dca-9c1f85465967
5c1cd1f4-83d7-42bf-afb5-afdb12ff04e3,42.0,d8b244d5-040c-4f5b-a94c-a7d047621587
7d18231c-7960-47f2-9bfe-efa4f1ed01e5,43.0,60579bc6-27e4-4368-82dd-f58d323baa9a
c671e8ee-9f69-4f7a-990c-237b57ed2c6a,44.0,9e1a9f1e-bbae-4cf0-b440-4cd570ed4f0b
b317b300-ec46-4a00-9dc9-81a93066a1ee,45.0,5fc4d281-d59d-4721-b442-6b5c9de62282
70e810f1-e6f4-4722-9958-7b6f3874ea78,46.0,101a13b6-3b2c-4218-9641-84613bb3faa5
1c14fec1-61e7-4298-a81a-95576c08e780,47.0,c3bdd39f-fb92-4383-acff-7ec66f309272
6b13b303-2bc5-41d4-9df8-87b5e05a8ebf,48.0,7f2a5290-a360-4d32-ab49-4498e17a6062
a32fbd4c-c354-4f3c-99ee-3b76d92aa545,49.0,a1ceb7ec-3827-40c6-8c45-efd0f9fa4653
2fda2979-72aa-48d3-a61a-678788ca2473,50.0,16813d08-42aa-4fd3-9caf-7de3e82c41d5
4165d825-7af5-4886-8970-7e035f8cf2de,51.0,e0d13395-863c-41f2-8f75-244fac07601b
21579e61-5cdd-4908-a117-2c7c726c2625,52.0,641c11ae-ce26-4d16-b903-aa33371d98fb
2896202e-1410-4811-9d9f-04f6389cf6d6,53.0,dba37259-4990-455a-bab2-aa7106f08e1e
dc38fb43-d337-4a97-9ed3-0233e10063a5,54.0,7b8a9613-36e4-4c7a-a89b-923eab258470
717a9f44-7996-446d-a5c9-7655800dcd7a,55.0,e54c720b-8008-4065-9b65-a17724b8330c
0a8efd9d-b1ec-4dce-8d0e-fcac77cf05ea,56.0,667577f2-8556-4b79-8a13-10921e898493
c81f2c4d-a3fb-4a93-8523-e37b35c9e020,57.0,0576b433-0a4d-4a3e-8828-e3a52c35bc1e
3a555e81-98b9-49d5-aa4e-a214a9572d35,58.0,58eb8110-66f0-4d94-8bf8-6343acc691e4
0b9bfa47-9a11-4231-b907-6c416cb8794e,59.0,2cc0d7ce-e54b-4534-87d1-12bebc4127a4
abe88fc2-c466-4848-8280-931f9454a2ea,60.0,efbd49d3-2880-41e3-8ee5-2ac7b7784093
8ccb655f-0a2f-4497-9027-97038e57edc7,61.0,aa199b7f-645f-40c9-91c7-ffbf6108e9a6
bbc96195-3c0c-42ad-98a0-c46376ec1e2f,62.0,4ef00280-1c09-4f73-8100-a6c14a2da153
b04e7503-8a54-4b3a-9e50-4fe1f95afcca,63.0,77b4f9dc-8abc-4f79-a185-8bd16c9854f6
ce20267f-692c-41db-be7c-b418a6a6bc75,64.0,98039825-1283-4b67-adc8-fd4f234c4ae8
5d47e296-87f7-4c2f-8ca1-25c92eb61156,65.0,8257435a-a23a-446a-abbf-7108b7d757e6
d20d798e-5689-4cb9-8fdd-a27a30d30b11,66.0,a448509b-92db-4bf1-afa8-d7c9eb3dbfee
1ed6f69c-75c6-4154-a1bc-fc7d16051941,67.0,dc30c1f3-155d-4dd4-91c3-d14716bad7b9
791cb7ba-a8a0-4439-b278-23b3b259abe7,68.0,04fccde9-70d7-4930-9b7b-6fb933d581d0
85606c7d-b2de-4bb4-bfdd-e506e53098da,69.0,ea3d55db-fe37-4381-9a4c-13fa0c6478a3
5c06ab15-220f-47b2-aa35-95d7198518c6,70.0,e5af4f30-f2c6-433f-8435-31a3eada052c
48a8527b-0fb0-4d09-9ed8-a1490747ea64,71.0,dbb74d99-0b87-40c9-b61d-1c2c6af27bd0
2f01d730-524a-4358-898d-b4a0c2e47555,72.0,0bfd5a53-de0e-4f1d-91b4-28c5abc8306c
78ba9fcb-a9e5-48e0-93ea-efa8d57acf0f,73.0,97778e95-a4d3-4fdf-8409-67ebd7082411
04ccf1a5-3c15-4e3e-95bd-cdcc83967c22,74.0,35f18b1e-d053-4927-b6e3-4d0a18e796b9
13735bc3-71fe-42d0-ae37-282875ea817d,75.0,5fbcb5bf-5ce0-4f96-a3e3-50733e22e467
2d8fbdd2-f671-4aee-9ef6-712616445fa6,76.0,a0dc80b4-1203-4c00-bd85-7361bdaf4929
351992b7-61da-467c-97bb-cdc5bc59acd5,77.0,97b34eb1-ac9a-4f78-b341-d2c79f23d193
443e59b5-730f-45a7-9e41-72ad465ccd69,78.0,2a180547-1c99-473c-958c-67f9d9dfa282
2ca08ead-7997-40ac-9f7c-b9c8bb05cf65,79.0,690084bf-b612-4610-8a2c-99b2db29b72f
58ece163-a0a5-4d77-9d6b-ff1308f1ed26,80.0,6f712a43-991d-4df3-a111-4aaa868c7073
65f23682-889f-474f-8517-68f1c38f40ae,81.0,0f3f1186-658d-476f-a33b-f909c88adf4d
474c3187-5e27-49fa-a732-a8192f26d7fa,82.0,31e941c5-c032-42e2-8f69-008c0ac4a43c
7f9e348d-7598-4a30-a658-0c7c5fc055af,83.0,5b14a40f-b858-4c43-8491-3493c4b0c5a4
ea3843aa-72ca-432c-804c-6773cefe8112,84.0,70aea5a4-ab37-4955-8d57-f1a66902de77
d892b80c-5525-4916-abca-78a5ab3f6650,85.0,042993c9-617a-417c-9bb4-ca64a5fe99b8
30ffd617-05c9-4966-864b-16c665161e4f,86.0,67b60ca5-d724-4a1f-a4b7-915d3bb3dc13
c7b0373f-dba6-4fbd-9544-99ee549ba54b,87.0,1d75b774-ff37-45a2-8ed4-be5b32d2c611
e2f70c74-8b20-4f66-b765-119e079bb33e,88.0,3b600202-fa68-4dae-8996-e74a98f88f24
8dcae5a9-85c0-40a2-8bfc-f7c02e8ddf6a,89.0,c0619f6f-4d12-479c-b6b2-4ce196679f83
fe61d3c1-a2ae-4e02-89e4-f8f2a81cebed,90.0,545dd589-048b-4339-84f0-b0a2fb5f11a9
ecf23803-0e49-4253-860e-63f670aeec6b,91.0,0722b8b9-a328-4bc0-9043-d0c5e5fbc7aa
dba29f67-33fe-45b9-9874-c6cca02437ae,92.0,dd664b5c-9ef6-4ac7-8824-a96a1a411c7e
3748256f-e3ca-4b7f-b228-859a437d7f5d,93.0,b9238b34-3e40-4ffb-a2e1-4ce2ac3af72d
c9e40f49-5d9b-4782-a549-98107ba6f4fd,94.0,21b78369-f31f-4cae-9aca-13fb8c520553
c299a333-0be3-4df6-9594-7ec499878fdb,95.0,e62e8b75-3a4f-437e-9da9-73ae52a3511b
4a0e3b76-d612-4a0f-9bab-8c1d17b87402,96.0,4adb2809-4421-4cdc-8b73-73c50c08c681
cae87911-7e59-4263-bd79-ccb5c1222d43,97.0,ef223e99-ade8-41e3-a363-42ffe5a44e6e
0b55d336-3e14-4578-9377-146d5051b43b,98.0,3a0191f8-c34e-40a5-853b-7e1767238ccb
13e48a28-b0e8-4c9e-b5b7-185b53474208,99.0,356a31a3-cefc-4bab-af36-91fc64f1966b
8283d671-84f8-4efb-98c4-c3bdff318263,,3f8c1a3a-8a7d-4c05-a83b-f90ad9bd1b13
60002213-4b35-4d21-b842-1e41a298a451,,3d8bd543-8802-46f3-9108-7b0b26104086
cb3116c5-78b6-427b-a359-7ff8ffef49aa,,e357d1b2-a037-4c89-a630-90c0cf22e02a
3c757326-3645-453c-8a9c-143c1b4636b8,,1d6adb94-a203-4b0d-bd62-658f020fccc6
60efb16a-0198-4644-bca3-e7b69668e022,,26ffa437-4fd4-43eb-93e8-85544928b360
8f3edee7-ffae-405d-98e8-ff4aa966c717,,8d231443-585a-488c-8ef5-46e767c4a292
264c9a95-d4ba-4212-bf33-3432cd721311,,45810f53-9f14-4d89-94d2-2044d20ff624
70a393a9-2fcd-4c11-9f14-78bc67faf401,,5013fc3d-9f1f-4ff5-81d0-2a4e974a4603
a22b64ad-9ce0-4f23-ba67-cbdc65f83559,,44233460-b8e1-4f73-ad0c-dc66e7116960
0e70ab33-9e1c-4274-9d3c-9752c49a36a1,,3b32560a-1fd8-42dc-9bf1-ed86a4ddd5a5
51d3d002-6512-48be-8abd-3bcd9a5ab027,,8be52bc7-b06f-45fd-af03-990d4a835700
5e9f1c20-357c-4fa7-9b7e-ccd421e719d7,,1c7d948b-0642-4cd2-90cb-4b319430b87d
1e2f6d43-4d5f-436d-b81b-0caae56cff8e,,dafe6386-9e7e-4b0a-93e4-59b3f2616308
fb245512-b535-4cf0-89a1-53a1089d63ef,,83851ef3-d642-47d3-8e56-80033949d4e6
765a7892-e528-4b90-946f-331c69b750b0,,3265d75e-7008-4b5b-82e1-c44f98795752
e1780102-ced4-48c7-bcd1-9c134fca4b13,,bc90bb23-62b2-45af-99b0-f0d0e92aad47
bf037351-1014-43c6-b95a-a1d290b36381,,4e44fbfd-4638-45e2-a293-7e2e89cf6dea
88c55883-c6a4-4359-9b8e-7ac7160140d3,,a211486b-0843-4a3b-89e5-38087c8f1d86
15d6cf5e-71c5-43ab-b54a-1a7cadec78c7,,303b696c-fcd8-43ba-99f6-9bfd3707f2a7
a8a92d50-e438-41c4-a099-3b6ec96c1ce8,,3e3271c2-5f70-48c0-b1fe-429f6b2f0d6a
7b8e17e9-6851-425d-b535-0082dbf71948,,9c8bba20-67bd-4c08-8cb3-cf4cb7507909
d59e6504-89e4-4e64-bcc1-3e2214be8e1b,,ea382b8c-841d-4b5d-9315-2de61a18dbeb
3456c741-fd0b-4a15-8d6a-c03325aec68c,,07c93b39-d61d-4f76-9a65-9f48b382374d
969a68b4-8ebf-45ef-89e8-ffde5f702e72,,bae3aa10-d6b8-4873-8914-045ada63a616
c21d3450-aee9-4550-9772-0a23ca4f2e7f,,6e72cb12-1f34-4a71-abc1-37c127a65292
c7acbe3b-aad1-4eef-ab65-43300cc56d87,,54bcc965-5157-4a9d-a1f3-f4e8d19ae35b
29010388-2e33-4f41-820c-7fc21c9fce99,,d32379d7-8904-4edb-a91e-c5a948d2c2d6
854a4b89-64ef-416a-ab52-e7003c59b604,,c4d63626-ba4a-4ee9-81ba-d6525908ea0d
356fa89c-807c-40e3-a1d1-94c85392eec4,,d4990408-f312-4021-b29b-2afa07dd946a
2540aea3-d0b8-41c9-8c63-80e346f31350,,a12d2215-eb9b-439c-a79c-32ca6b92bbf5
63029222-2d06-406f-8eb0-97a36fe56422,,c13fa68d-bed4-4942-9b9b-89076e36b18c
116a7a84-4bd8-499d-8dc0-9b461fdb29c5,,b9b83790-adb2-4d06-bdbe-7b7463d31eb9
ec63c6be-7f72-4bec-a3af-44402623b27c,,e53b6024-b9c4-4026-82a1-c86b90484768
4f0bf949-78e2-43e4-9db8-60595b26806a,,d6123886-17d3-4e30-9d9b-f275ba0c4b77
eff61b6c-c0a6-485f-9bbf-dfeda6cf9480,,baa5cb73-dba9-4fbd-8be7-3784c8bde1dc
41132239-7cee-4999-867f-92ad241fcf47,,db2654d0-7dd7-43cd-99e5-b18115bf3ffb
48ea8015-325c-45fa-92ca-88c93beaabe5,,89ba7925-7e67-411d-b1e5-6a541b29f8fc
b364504f-9156-4d6b-9d7d-573b96ee8cfa,,8dc62125-ce70-4074-8751-b6dae7168eb8
6bada841-0dee-46c5-8a72-ae2218942d03,,b269fb0e-70ee-447a-89b6-55af92f9069e
e7c285fe-8608-4c5b-948a-394daa397922,,63d4c2c5-d2a9-4c15-ab65-93e494d40fca
961ac189-f08c-4250-ab30-6cb4397af1be,,b4809d4c-950e-40af-bf1c-27040ddd5b0a
65d010bf-1f8a-4384-8e9d-33e9ac7d888b,,be4790a8-5345-434f-8f88-67c2c3ca0666
111ef6cd-de60-4e04-ace9-d1908ef5e0d9,,5dcb968c-f892-42eb-9905-3d8b3b3dc37b
bcd9b471-6be5-457f-9262-b9b0db9dcd8f,,f6986d50-5f2a-4135-93d0-19afae87cc34
19ce57c1-85f2-45e4-ae66-660cbd36fbcf,,dd229b9c-7f64-4185-994a-b6d96c2a6248
1f715d90-85ec-456a-bc9e-6b1e8eedb3c6,,ae2ea53f-bfd7-4ec1-b787-288e8feaae05
a8546d38-3b28-4437-9ea1-31f267455c37,,67c95d48-425c-4fcf-8824-2fd09df8de7b
4f539290-5eac-4778-b23e-7286711bb62c,,2511f626-1405-4644-aceb-84e7fb1fae82
34b79b06-07ad-4181-bfdd-34a48a4e16f8,,c9ae1269-887e-4172-b0d8-dcad25bdc21e
77f6fc09-6bb3-4260-b57a-3b2f33577e2c,,fc7a5177-0357-4808-b118-65b6b873b573
9ee41a86-4bdc-4b0a-8b10-f1abbebd38b2,,ef844616-4494-470c-a2da-e5d7d24b0b6b
7c192741-16c5-4987-9a01-effeed900e31,,b2de00cf-9554-48da-8b23-355c53bcd90c
7abada6c-2ba1-4046-b535-62f908fb8330,,84d97978-f59a-45a0-9870-f471030ebe13
11656b87-7fbf-45e8-904a-8589eb631acb,,00390bee-93d8-43ff-bc8f-01ea83c6cd5d
ad1671f8-ed22-490a-b784-f5a919e1b298,,b2fe1bb1-ffcd-4c0f-9442-6913378ed06c
03cc60c3-5c09-4f62-9eb0-ad104bc8b8a4,,d864dbb9-fd3b-403b-a7a9-6b2610233283
f17e8863-5630-4378-a3ff-47c9bee79721,,81bbff87-909b-4f00-92bd-8875ecabb3b8
a5f963ce-f591-4aef-881a-9c1e73decee3,,b56c99df-3c5c-4749-ac42-f8787675311f
6e9a10d7-c8a8-4879-ac7d-913863b26d6f,,730c4f66-a5fd-4c49-ae7e-dc1ca78041c3
7241fc1a-c462-425d-bdda-ac84431418db,,5c845635-a90f-409b-8833-c4b2842ba626
ac19e27d-c1b0-41ff-b467-65b66fc78383,,f6c50c2b-2891-471c-9067-d618e01978a0
51cd8131-4c3a-42aa-9d80-3392fe728549,,4b557d45-db72-469f-a44f-9bb88ca8601b
746ddc59-53ed-4720-b02d-ac4216301f97,,8ffcb49c-4324-4237-9889-743e24460c8d
45977874-bf7f-4ce8-9a6e-1981f5a03823,,65605ea9-6378-45d2-a2e6-bb2b73b1cb42
4ddd78f7-82a7-408e-b2fc-6ce443286fd7,,2e7e7e9c-03bd-49d4-9159-192f352a152a
6b31f2f0-8efa-494e-be5a-a6b80fc8b867,,9fae6773-88f3-4fa8-a1db-8d95ffe61e38
e6d383a4-133a-4a7b-821c-3d3bb6413453,,41bffb20-23bc-49d7-b533-628fd8669c35
b1c66354-64d8-499c-be29-7c1b46f6dc19,,6357c691-8492-48e9-aacd-7b61cc915346
85fd26df-7c2e-46b3-afce-63928a79b277,,b3765992-1b36-46c0-8c13-e9bd7556f43b
cacea222-a05f-484d-81f8-7a19d1e1da3c,,8c6d4bae-ac09-48a3-80cf-3381c5b2a58c
5e617c38-c45e-4715-a5ac-81b931e7e0d0,,9c315e3c-a022-4bcc-98f8-34e4cd4a05fd
aea59dcd-2f39-45c1-9ec5-5e5aa9e897b6,,f6b84314-f3d0-496e-a6af-5df632eb4510
2031af10-43e6-4176-82c4-27a863f63ba4,,8bd2f8ef-f91b-409e-9567-0ad3cb1da436
4ffece37-64c6-4ce8-a9c1-564b47b900aa,,340c8665-4d24-49d9-b17c-d358395b71e9
dc461621-c799-4886-96f8-a59509a23473,,ad2d9910-3c60-4cab-a074-0ac15f834ade
76fb3f70-2274-48df-a6a1-c8af0f3911b0,,aec6ce79-b1ee-49f9-b3f9-5b96871a3782
5a8a1455-c4a6-40cd-96da-559360fc4f8c,,4df222ef-3274-45f2-9daf-c9650e970f5d
8431b5b9-d4a4-466e-a90e-0032fdab396f,,f27847c3-2447-4503-b90d-c8fabfe354d5
2773b606-cbe6-4443-97c1-32506bf3c7ed,,f9611c27-37ba-4fe0-b1a7-708150249cd2
f60df1f6-f49c-447e-b81b-9bb57bcf0946,,af03ff5a-afdb-4715-b193-6854eeb2644e
95703e87-7c49-4ec8-a333-ee70c4fc87f6,,7fc2c66c-fbb7-42e7-a040-a53c3f400ff1
5dac64eb-daad-4866-8e68-c241c1d28c5d,,9e003ff4-1975-46f8-994d-df855acb19d4
421bd8c9-85a2-4429-8af7-19738cde754e,,a47e7801-7ffe-49d8-ba73-779e29e24646
1ae06723-279d-4512-b0fb-222fb835f421,,f10b50d3-f109-4a0b-9d21-70913006fdb2
a55afc8f-88f4-43df-ac2d-174aa9a029ab,,856d5b3d-987a-4275-ab4a-f2db0b375626
ce55bd1f-0db4-45e6-876c-6f328a20c937,,ad752df4-484f-4255-97ec-cf9d6c4a7cf9
967ab386-54a4-4f0d-81d2-068f7cef4497,,312a6133-4f6e-4b78-a032-dc17ee1ec1ff
331fb230-52a6-49d4-a278-57dd047d57b2,,b6c46b82-2b04-4dd2-aa9b-ae9b02c0b7d4
24321605-318c-46bb-a334-986d5337545e,,4aac49c2-f47f-4d40-8ef0-f93830be78b9
844f7aba-4127-473d-80b1-4949d084b56e,,b958c5c9-f0a9-4bf6-abb4-14902d44130b
0c58ddfc-002e-4d14-bb12-c762f90924a0,,acd92ee7-f4c9-4124-a039-be3d74e31ca6
3c1b536d-53e4-46f1-93f6-1b152726395a,,1bb71c0f-213b-44fb-8b8a-a7892edd0099
fcc91d51-83aa-4d47-b80a-cbab58218c94,,58623725-bf00-4240-b31b-c8f2305685fd
9843870a-e54e-4c0f-98eb-5e3a93124422,,03f8ef3b-6993-4343-a9d5-252bb0db4796
3a262b80-d815-4b6d-9eb8-3c556d92f956,,34c906df-13f0-4c4b-ad7f-6b29f46fbf27
4b013813-fa91-4507-a77d-49e5c05c92d4,,fa09b681-5826-4d84-9914-f9734a44c987
afbb74e6-27a4-484d-a58e-4e5d34e47e5a,,21503471-fae9-4c8e-bc1f-cab6dbaa506e
25b531ae-dc7b-451e-a120-7ac2a4897fe5,,7a0cd373-b353-4f0b-baa7-364b85e9e80a
a7eb7266-2cad-40c8-9c0f-0daf466d2f73,,e6dab2e8-49ee-4bd0-a9d6-f4218c938f87
5aaa44d7-9b9e-4a4e-851e-482d78adf381,,e71feeb9-d62e-470b-baa1-138625e167b0
6c7454b3-8e50-41d4-aa71-8515fd38a499,,7b819056-31c7-4cd5-9398-1fb020136703
cd03d024-23c6-4e8e-8899-5723cae01c7d,,ef37a2dc-ab8b-4487-833a-a9964932cf4f
f3923787-340a-4090-92ce-8c69b31e6cc0,,24954cd5-0abf-4b9b-a333-7d3ede61d3c8
11b37e1b-af8d-4420-a4d0-2dd54d6617cb,,da22ca3c-4855-4357-9593-a17b3ca15c9f
f4cb42cd-023e-4712-9bb0-c1f0d37afe74,,0914fdfe-1f3d-449c-a08d-a49fb4044180
c0fe947f-8bb8-46e7-b180-32c236ec99d3,,b55d7071-f2b6-4653-a70e-2d5bf8de2839
b6a97c46-5785-429a-acdf-ff4f33936af3,,3229a87f-7e86-46c9-ae6d-7eb7537df299
e3c90190-79c7-4e74-9603-6d9c943e1dfd,,7f25f370-0024-4d67-941b-fc75221c2f66
76dee541-e26b-4906-ae2a-b1835a013a87,,78756a72-dd69-464e-8e67-db332fd5cda4
2f0e38f2-0c01-4b40-a556-1b0691b20c0a,,5905890b-a356-4937-8485-97dc95c16960
ddd2fb1a-15fd-433a-8b51-2c3fd56e56e7,,290e9741-b78e-4f46-a765-c7f0770d4e67
ee17b0ad-9808-4dfd-8745-6feb206cd4f7,,eeadbe1a-f085-450a-bd31-3eaf98e861af
fa369fb7-e792-40bc-897c-1a514fde26bb,,747a375d-b8c9-4719-b417-2cb8669eb982
fbb8da9c-6103-4fa5-aa0f-d80ab02d9ca5,,9c1452ea-7c5a-4600-8da7-2d0aaeaf6e04
9954a46d-415a-4465-849c-590414aefeec,,bdac4fde-8b5f-4eee-ac0b-56b19bc3a95a
7a409a89-d99c-4ca1-8fb7-b1654e437789,,17d4e14a-cba7-47a4-8417-542ca16df8d7
6c98f04d-1acb-4855-a803-1049c0af6f0a,,be3815c1-9e98-495c-86c2-cbb64a3f0a4c
e8d73b3e-104b-49ab-8942-873c5ed13d22,,85c7cb3d-c619-493c-a81a-9416a5d0ea3a
de0fee2a-d382-475e-b2bc-4bb862e10a0a,,e4543567-4765-41cd-a607-7b0cd2dca82e
3ba3260a-5455-4e5b-a68e-f2db42a2aced,,115b75e9-c0bc-4ef5-887d-3968934b6381
747ddc8f-9224-4b5f-b06f-074798967b28,,526a23f1-3767-48b0-96b8-ca2e99879dcb
2f908c53-9dc6-402f-9e31-dde0b9aba67a,,ad83d824-f9ec-42e1-b8f5-d6f515c568f4
2264c314-05a1-4a43-bc78-feff924f7805,,69842325-3e5a-49e1-977a-c1ef8e363256
e2862af0-aaf8-4a1e-9416-8fe898a94442,,bda04295-f090-48fb-b672-b6caf9612e5d
eb70b7a2-33a4-4a79-b7be-e6b9c4180f06,,db3efffe-fc4a-4002-b3e1-2962d3bd3cb2
9ad61489-f34c-419b-885e-154f5ee94d36,,ee2431de-bb29-47b9-8b05-e7066e51ee14
1cf2f33e-c19a-4e63-bac5-1943fab67447,,527d5778-6bf2-4486-ba87-97ce3352196b
c6d0ded9-bf67-4b8f-8636-0206e72c6295,,947fe6ec-dbbb-44fe-9e7a-269dc11e7bbf
6925b803-b5dc-4cce-b521-bf98775c2efd,,28089b37-fdc4-4994-8ba0-f0751438032a
d167f822-5bab-46b7-8e01-9cb6f6ef0a7b,,be1b3c20-c839-438d-8fc0-54c284ce4aaa
bc892c62-cc99-4909-b07a-96a6a93903c2,,5d52eeec-a6cb-4bb0-9aea-395e4a3fdb44
d9706746-bbaf-4379-b687-afd9f4b6ec86,,2903d718-a096-4ca2-ad27-5bbc4175fa75
c927ab9f-894c-442b-9854-df18a4f1506d,,4bad1035-ff54-4aaa-be50-5c82f185f69b
e9473c50-5ab6-4ffe-9bad-3d8250047f4d,,c2ff7fb9-087d-4b43-8abc-e1d728077333
18998ab5-ad9f-4497-8ac9-1461f26c8539,,b4f9758d-6ead-44b8-8183-8831b2d5cfe4
e74f8679-731c-445a-8467-a45e3c765201,,cf15aa63-c8c8-404b-a3a9-5e098abeba49
59dbad13-6807-4490-bb10-7cd32e984385,,7c5e6fee-19f6-430c-8fd1-534caecbe05d
c6b0110a-807c-4062-a5c0-efe683f4f491,,814a97fd-1a89-44f8-aa61-5763686b8c56
bbf7baa6-a3d9-4daf-bb1c-c4a1f4b4bad9,,a4b27871-0c5e-4728-b649-bcf99e5d3162
47fa34c4-38c2-419f-83ea-eaf0a6e59f22,,c7860884-8a6e-4c14-b310-0dec2d2fb350
5d902108-655e-4ec5-acf3-3cfeaba2cd35,,8bd237ce-b79d-4dd7-a4a8-f9f40bf01504
ad41ed9f-05bc-46cf-ab79-5298bd17b7a6,,4a52874c-fbf3-4386-860d-9ce85ddb233b
b0b6f2ab-b3b5-40b7-8a6f-91484f813848,,4af4e152-2901-46dd-b7cd-bd942426e91b
21a764b9-5b46-4ee4-a93d-bf2a8a99af6c,,2c9024bd-6342-4dc9-b0b9-31a55e904639
842d64a4-44f8-447f-9172-77dc8193488b,,102fd261-0f0c-46a9-9d3d-bfb56c0b2863
7d65e35f-551b-430d-9765-b55061e76dce,,c2c0132e-cc15-45d7-abc8-6cd8ca1ff219
4b4a2163-253b-4520-86d0-eea58f68681a,,c2bb807d-9d7d-417d-9410-be0923e921b9
99cabaa4-581a-434a-8dd4-0984ff45275a,,0a9f008a-db69-4ab3-80ec-56112050423b
b9eaba1a-6eb1-4876-bd7b-e22caf494753,,73730b4f-3c92-42ec-b7fd-ffefc9b01f66
0a089e1e-9110-45a8-ae8d-8b58958cfb8c,,1c01c284-0e59-427b-8a68-c0a4e5d6cba1
0e7f6d68-2aa6-4702-82af-a149990c479d,,cb3f5a1d-f36c-4c2c-9445-ffe54de3ac3b
d8a851ea-91ce-41fc-bed9-5dd88574d4a8,,0c22888b-f85f-4e03-b0ba-bb43197fc4bf
0c7db384-8724-411e-bce8-fe0dd4e2aca2,,45428229-c314-4f6a-80c6-c9425f9c6b9e
e79332dd-3a68-4442-b5f3-54ee058ccab6,,8eb2e1d4-7103-4757-bdac-276ba975ac42
f84679f4-3045-4a20-b7ac-f2e5df88a6ee,,89cbb10a-a239-4a3f-8357-6601a930bd80
70adb20d-c239-4fef-912f-72b03d8e8cda,,c2488d9b-91c9-4d71-9b5a-2aa221f975c2
4b123225-8d13-47c1-aad2-c4f8193379f8,,7e1f3198-f757-4416-8d24-9620f6d6dba0
889266fa-2b59-4817-ba56-107cd1341f01,,4900bb41-e8c0-48fe-88e1-38cfed8e7d31
0c5f1b4e-9906-4e2a-84e1-133a1c096d71,,60359812-8cbf-4875-8749-20968456ce32
41a4584d-6c4c-4943-9be9-8d76992428de,,a8d87a5a-9c09-40df-bec4-4bb106d72a9b
6bc5b9ef-cdb8-431e-88ea-e686d9e19420,,0ac2e30f-1515-47e4-924b-f5fbeb03f69f
5fea89f7-85eb-4a6e-a649-4644d9a756bb,,73dc9d4a-dd6d-4e20-9c21-0b47305eeb3d
8d51d628-6864-467c-8e65-90fff67893fa,,e443d079-ab79-45f5-8560-77d7a76574e0
cba08289-c339-4d3f-b0b1-663bd3acdc0c,,c698d032-8fba-4d95-be94-de0b6bb8fd29
6cc3b3bd-582d-42e3-ad61-ca66e507f2b6,,2d5ba914-a56e-44e9-ad64-1572b5debd3e
46573d59-2485-490f-8b6e-e220e1633c37,,19663f2d-efc8-472b-9bf8-9ab72a6c4dca
75bded19-faee-4b0e-97d8-7b3fb977b8b2,,2ac39bf9-cec4-450c-991d-f11ab0ab4425
f092e329-3673-495b-9b75-719a89df5af9,,7d1d62ed-a7d7-4dd6-99cd-a1d08ce529fb
2f65f9fa-bc1f-4d50-9ca0-fdc6d066d628,,24777471-bf7c-4cfe-bc11-aeaa1c8756d8
4566a602-7d8a-4e69-9d4f-c16a3fe03216,,b4f31c44-74aa-4fb0-bbd9-b300660211a8
4120bbaa-3025-4853-b761-ab42e457f87c,,785d23d6-8d7f-422f-a969-77b19dcd1d02
e0396bad-3f1b-4864-bada-b10daf5a5684,,4c72c189-9f8a-498e-95f1-4ab01719af3b
992b9f47-bed8-464e-affd-f22e2d3156c2,,3103849e-2fe0-4167-891b-7ea06a717a6e
913c9659-d857-4359-83e0-463e8cd7b2c2,,0c6aaf01-2f47-42c5-8d45-d80829982e9e
0d217863-4fa0-460e-b1dd-97c7cdb94076,,1530c5bd-bf3c-4ded-8b50-35d3edf4fd31
7caea971-4084-4e64-8703-8c2ee3d36101,,ab74c656-713f-472b-ac65-d6329b18a35b
dac34f60-41c2-4f7a-9e4e-633733b52b8c,,0b0c7fbd-1b53-45f2-b59d-fdbcc9ae3949
e469ef40-8db4-4bba-8b2d-947e51238de6,,060ab249-4053-4168-8713-1f87bdc94a97
ad1e2977-0fbf-44ab-8db9-9fe4d6737b0d,,e26056e3-2f65-428a-ae0e-8e25e9266c7e
f1f7ccdc-3db9-406d-8529-fdda9691e9da,,7ac73da1-16a4-4cdf-b718-6e3e7a63b81d
ff24840f-b1ee-4557-baf9-82b7f68ca184,,525f6702-9f6c-4c11-a82e-b129b20b1981
98668892-2bb3-4163-9b70-7fe532bfd097,,97c5ae01-e9ba-40b5-a4d1-cc26549109b8
7c0f2721-e1de-458b-8588-2b0068e6a05d,,d9c52324-3aab-49ea-8595-1b31b8e4c0fe
72e89bcd-581d-4a44-82ef-77351a46865b,,d4be9151-4d40-4e29-a74c-f23c1dfab348
5dec4b0b-1aa5-4e15-a62e-c7b13f7badf7,,9711c13a-23d5-4b2e-b2aa-855c9b262803
32c9e3ae-3cf6-473e-9b51-cd466986718c,,d76ac5aa-d011-4065-a959-fc7b1eea9143
590a4d49-6818-4fe9-8305-b23e9b291adc,,327bef98-dde7-4e9e-b137-7614a13aba6e
618f7c7e-605b-40cc-9477-183917fb47e6,,2e1a0bd5-16f9-41e2-90a9-ef2a7c42d57d
ec8f18a1-adc0-4677-b319-f8a4313d864e,,e822a64a-404f-4048-a659-5ded472207ff
6b784c31-be26-48c2-9eae-09d596823b48,,6244b772-9e44-4a15-a8bf-9054e122dde7
a928309b-7104-48f7-a409-9e7e191e34cd,,ac2cd033-520f-4092-928c-67f6b69117e7
8cf4ff98-3fdc-44d9-91c4-4a05138f434e,,3bf92ad9-f219-4309-85bb-fa1094072445
e6c5e2ab-d1ca-45a7-9037-1f4e14e5e37f,,45b87e77-b5e5-4a6a-838a-912c454cdb79
cac2500f-54e6-4809-8013-6b74af9db324,,7c7f6245-d552-47dd-9ceb-037cf7d18bfa
29739bde-b1a3-45c1-a959-3ab09516ba97,,ce83ada4-998e-4444-a75d-f1d0ef2b8584
0b57abaf-17c2-4351-8236-2584076ab2cf,,1276a411-760b-40ea-a055-66c22fc74edd
5901815a-4855-4942-9f8a-f09ebc2de41d,,35aa9aff-df5f-453f-9f9a-5db2f6c2e0cd
bf5bc63b-c292-4f1b-9a34-3226af6f3e79,,2461aec3-3f1b-4163-882d-0bf4d307c05d
e749b340-9984-4660-8708-e6ccdb14cf28,,fc544f23-a831-46de-a1d5-3e6395ba29f9
b43e6aee-4487-46e4-ab39-029d8dfd6246,,52eb2017-2b9f-4d71-b4df-f702c9a8d6fd
a5ac78e2-f7eb-4c31-821e-797ae0cc000a,,692f8caa-f082-4252-a185-2ac970716309
782c679b-e66a-4bb7-abae-3a8596a5c646,,86616538-de04-4997-b65a-a94102261fbe
bbe341b4-df8f-40f2-8f29-b62ff54c544f,,2e72e651-6b1d-4d09-ae93-6cecd7dfa46c
d67c0719-c49d-45ee-9cd8-c73dc9e9f409,,541efe87-d758-40f3-89d2-1d87d7b7882a
8d1e8612-32ec-447b-acb0-258de8ce0c38,,3f0e655d-ed74-4b90-8ac2-c051865114bf
2301a875-77b5-4c1e-8d5a-2205affb9f94,,072ced5e-d902-4ddd-89b5-f852eb3cb1cf
6c0f8c3f-4427-4226-bf51-89071776696d,,e05bfddb-ff46-4a8d-a49c-8e776a188c30
ba762b46-dc07-4ea2-b9d7-518fa99f2a55,,a6a25719-3cba-42d4-9ac3-d6960a4454f8
9ff73f91-8758-4b6f-acb1-39b236f483ae,,9697413a-d4c4-4194-b4c7-1adf1ccb28b0
efe64ace-c011-4b4f-a43a-763fb45ec536,,a8e4f41c-7456-4d9c-b482-e3e3fe19212f
90db2955-29ea-4f02-97d1-b84dccaa1013,,b1271d5b-ed02-4e41-a19e-114d1376146e
d189561a-0cf1-468a-9342-f4ccb624f2f6,,9d41cdf6-00a0-4390-a1f6-933854e91b28
d31cada1-99b6-48de-bf32-833af70bb9a1,,af09b688-4555-4df9-818d-ca5c3d7bc59e
728ba647-be71-4406-a418-259ee41dce65,,e0c06f84-591c-4d38-a4d8-d4ee3d4a6058
9c34040f-ae97-44e8-b910-64e33963fc87,,54c1c543-c8e1-4ef1-9c44-65365db248bc
d8145717-28da-4c13-b019-2433e121cb4b,,54cf74e4-0836-4e58-b8e0-cc69aa890cca
7854bfef-d7d7-4d79-b519-22462546be46,,ece88a25-9ad9-4126-98d8-0e623df3d629
292b551b-3543-49be-9e82-d9dcd87db04c,,bf2df33e-3312-4b96-9cf1-ae67174a708e
60972486-6190-4aa8-9ffa-b1c788e732e2,,90201cdc-226f-42fb-9726-6934d4a93672
d96715d8-714c-4ee7-8804-91565c735f2e,,803c050e-dc62-416f-83ec-d7c260c3d632
1cbd7f14-27fa-4a37-8492-9dc94e845eec,,e277d64c-93d1-4daa-8589-767528389da1
220b4219-2042-42c9-a097-c0cf543332c1,,3aa834c4-53e2-4c9c-be53-f018fc3add5b
2a06d4c4-81b8-441f-9e8b-eefe9a33fa19,,aae56f21-1a25-4151-85b3-a778db15c4ca
94bf3436-e480-4df2-b0d7-84e90926ab56,,c0492d76-7352-4dc9-a761-4a97ef22cc2e
5dbdbf56-76d0-4897-b532-1f39b3331dd5,,09dc73ec-bdbd-4af3-95ce-17afc6b92cff
72006f25-22bc-40f8-b386-3bb0948bfdda,,039da06a-d0cf-4104-aa14-6119a128b555
2ef0dd88-5636-415e-b7e7-09c1fa1c488b,,28044021-5d7c-4622-9fda-3ec724cabcb0
08b1a6e2-9bd9-4972-97c8-66024b8e79ff,,5c739657-71ec-4d92-9e50-576095194ba5
e17609dc-93df-44e7-8223-b95b350f00d4,,c91e7649-bcac-4058-96e4-e32efef4fc19
a53ed720-b94d-4877-9d76-c05504b0bd50,,aa53aefb-6fc8-4c9f-9021-4ffb2de8049d
00cacd5a-6e37-4fe1-8728-8f016f4ab9ed,,4071fbd5-5c9e-4913-a0bf-e413166a33be
ed2e4f32-cf7c-4b4a-9a5f-d1a3141e39b9,,ee5ddaf3-8404-4445-94d8-4a93e9736f39
0c6816be-de59-4618-8e41-40422dfc2195,,588ad654-5081-4b11-8831-0f1e26f4b84d
5bedffa2-fb1c-4890-896d-1f9892871a8f,,750e63fb-de8d-4ffa-bcb7-ef8010e1f794
cb60baad-ea6e-48aa-8a97-321aa81af031,,10119c50-0b81-444e-b087-2917b64ea3b3
808f85a1-5851-429a-a56d-845c43e3f396,,01f3825f-d89a-4dad-a910-f1cb567a2f43
ff7d74b2-f80a-4db3-9537-19186ce16a32,,1286e014-ef8a-44d8-9160-d17d427fac13
fe1f4ded-a6b3-4109-bfc0-3c14196b8eea,,f319e0fa-a615-49fe-afa8-086603f3508f
321ef04e-3cc1-4226-b71b-8ea24884b391,,7f9bbfea-1196-4832-aa27-4e1fbc89bf6d
ef26d1c0-9e7d-44da-afbc-fd8f59e867d2,,3f4a6e58-e688-41b7-8178-d6d5e202677f
dc1e62b4-fdc0-4088-9e59-4af948c76860,,dc776ac4-8c1b-4b7d-8b8a-42d2d00f5950
4c084589-ce9b-4708-ba2f-ec1541d19003,,b6f1028a-1221-4966-afa2-9e44a80bf96b
4eb440f9-8623-4f53-bbb9-a99af3971391,,b4f289f2-7540-44fb-9eda-8aebe2a6dd70
d467f0a4-4bd0-4b1e-8f0c-d208426c8bc8,,97663683-24ee-4957-9985-d283bae06671
f6d42837-222c-4d4b-baea-d8cda10d3de6,,720ca9ce-3f75-4e69-b8db-0916eff20a6a
0f6693c8-e262-4188-9493-44949e2d0d14,,04ee9cdb-01cb-455d-ade4-7dfff800a6f3
98437fe7-185b-44e2-af2f-7dfa566bead8,,e2a5f001-1338-46fa-b409-f382d87b37f1
2b421321-217b-4066-a4f4-b6231d5910e2,,c5225686-e679-4f49-a258-3ac338325276
c8fcf2d6-0e39-4e92-89cc-be87690687a0,,d3697b97-7778-46fe-b83c-3ea9d18f2dfb
8413e6a0-167a-4dc7-9f38-29ab00cd878c,,fdd85daa-cdff-4435-ab52-fd0a903661f5
c6667ef9-3cef-40ce-9a83-52debf33b270,,498e1997-4c6e-406e-bfc0-57bd2312c343
f0c35e02-2670-45dc-b0d6-df73715b9885,,25d8d45f-2daf-41c4-ab5e-f7d109bdea6e
366dc985-1188-420f-9916-b1641fd8354a,,5fa89987-ebc8-4773-b2ce-cde9de1a2dc2
290693a9-eb96-465c-baa4-3c6bc59f34da,,e853233d-7bce-47e1-9098-5534d7c762fb
e2c78d41-320c-477c-b6a8-1cc5185142a6,,8ec22d6e-7c71-4714-a11d-b31bb9e75134
82d0bd4a-1b5c-47f5-8107-aa445e3943d7,,7b5b48c4-a867-4cde-808d-52b0c4a41e42
bb2a805e-aac2-4234-af27-2cd1e60244fd,,990f647c-b244-4909-87f2-554a979964a0
dd937374-f9cf-4b12-bd92-5ef33066d3dd,,59072ece-99ef-4df7-b0d5-e4696003fec1
f027298c-77da-46a7-91c1-ac8b5b3520df,,e6ceb4dd-3ea0-4af3-936d-018fcfd9acbe
f30c825d-c897-4e4d-8b42-ad5defa2a715,,5fe0195d-6621-476f-9932-73387918f99c
10b992a2-ae99-49fd-8949-f181d391fc8c,,52ee9304-efe2-47ce-ae27-785b92266dd5
093a143c-a9a1-45db-b670-549c52e1316a,,947f0e85-5bdf-411f-8c94-b83860d5de35
79e51b5e-ff25-474a-8f28-1b49ee11132c,,fda7b274-e611-4f29-a83f-d138f2678ae6
f60404ca-a83d-47bc-b230-b161544813f2,,a00bdfbf-4ee9-4d5e-aae9-8a2bb3b0bd91
95867778-0abb-4d12-8e0d-63b2475f36dc,,d4529254-a5ac-4d2e-bff9-583d1ba60f47
f6e614d6-f5ae-45fb-a9de-e4c8bd10cce7,,b5e4028c-7b60-4046-8d3a-caa89eb37d12
dde1b401-79f0-4949-a5f9-8bc4753cdc6f,,2654984e-0ba8-4012-9fbd-92246d02a324
d5516c56-b0cb-4171-bcc5-f1ec14f25bc3,,fec139f5-c6c9-4447-bd6c-e6ca21a6b164
9732eb2b-b883-412f-8fc2-1d809eb12d1c,,950c9571-05a6-4129-adc2-353b56196912
06117b6a-ac9f-47c5-ac97-91a140710bcd,,d63f5a35-b0c9-4da5-a668-2507367a5c00
459338fc-4f68-4fc9-987d-8ca00a667758,,6da99c79-f1f2-4e92-bb4b-f1c3922ebe7a
ac5c20d9-62a9-4a17-8992-f4faff809c43,,dc60d19d-4bbc-48cf-aeab-c327a5fb1f16
b6a742f0-68f8-4e4b-b99b-25b6c3306d3b,,c13728da-5e72-438a-822b-8be0b158064a
99e1efd6-6d0e-4d99-b5bf-230ede9e84ab,,9defe137-8de1-4cb0-a4f4-336f01293bd8
b37efaa4-aaa8-45ca-95f4-2130cc0a64ad,,8a293b81-f373-4df4-9da3-44358d3985ac
16c3da2f-a008-4268-beda-552d9871ca1d,,1b860345-fa9a-4458-b4ef-a36a8b19d660
4ad10345-aa9c-4faa-b5c6-4ebc8ca1c645,,d7716ed8-12ed-4046-9f2f-3d6358fb28b1
582cb364-34e7-4899-8bf3-d8faffe3cf23,,d8091037-0823-4ed9-be34-2340d4a87030
32a12eeb-0dc3-4ed8-87fe-916ef3578e31,,902103ba-08c4-4323-8ee9-e84aeaee4e71
885853e4-6019-4312-8ecf-c858f1f166b7,,b85a0fb0-02ae-42c5-a866-926ac3678d60
7dfa76c0-fce2-4423-85e0-4073870532f9,,88365532-cc46-44d8-a3f4-b6ceeeb103ea
ae1a2df7-65dd-41bb-9047-df99443961e0,,6a171ca3-9834-444f-ac92-8708a9c11a7b
baf25ed1-a6aa-4876-8238-14dc8036cedd,,64f9a473-24c8-49a8-86c5-dcaa407f03ae
3eab9eb0-fddd-4d01-9328-c32d49c30bd5,,5d99eb8f-8eec-410e-9a43-7ac6ffc8ba88
948c3afe-216b-45ff-90cf-43fb2cb6f0ad,,c2195107-19e9-4b9a-8aff-f0a766d1739a
9c8b4df5-79fd-47d6-af9c-febe98c1af0a,,6fc87f49-f6d2-4a88-978a-d0dbd2d027d6
33270847-8b07-4d87-8b0a-1bef486ef261,,5df75f02-9c9a-4da6-903f-393012e28c1f
3ce4ad5f-7350-460b-9dfa-bed0cfa10853,,53f1f89d-34c3-4aba-a33c-859159eb6463
ace9d511-ee82-4cd5-aa66-1f1b7fbf13db,,4b9a7e9f-20ad-4c40-a719-99af1be724d6
59c120bb-66b1-4233-b10e-2d58b24eca6a,,776d0d8f-b277-428b-bfc8-28824e955778
63ab1cee-6f7a-413b-939b-265d2aec0e07,,02616b78-554f-4e58-a50e-007ce6d0e5ae
d256bbc6-5d61-4fe7-9813-453cf7ed6607,,82d9c5ea-e364-4f7e-a830-0df7b752583e
6882bcc6-ded9-4075-9b9d-9062fdd49dd5,,fa91e35e-e27f-4296-9143-65b49945b3fd
c09c5f43-95dc-42c8-a20d-f540bc0084aa,,d6d79c43-e308-4619-af1d-c140372c4374
f6317b45-e857-4183-b3f0-c2f3bec73df3,,4526cf00-37aa-4a7c-b83e-a9d4298118f3
8aae1372-70f8-466b-b18b-f65266aad260,,558f8ba1-4cac-4b97-8cb2-3b3086e2ede5
be0f219f-dc29-41bc-b833-3b7e8213ba2c,,6b8ee789-fb18-433c-916c-c0d47859833c
b4d5eb75-8089-4416-9887-be48697490c7,,012fd175-2019-41e6-be9c-58b4976b47bd
3f4c8784-227a-4c9d-b568-58e384fbbeed,,91a85da7-be41-4709-a450-165d19df7ed4
293efcd4-8ca8-4c18-8b9d-8a70b9553d2b,,81ea7b06-4d27-4aa6-bd06-99a9c1e978da
6367fd53-5364-4d5b-ba78-7952b4d2ac50,,92e0ee13-6903-42f8-8b6a-23b85021a7af
881f07e2-ce19-4029-be4d-51100f0079fe,,26dba03a-1549-42c6-961a-0eff6a9e2390
d5f9da2b-3fc8-44a2-b661-70e9aba3327d,,759179ae-f5b7-44d4-a4be-747e72aaa5c2
c53d83d6-8a33-4249-a46e-31579fe41e78,,16e7b7ca-c621-40fe-841e-4363b581a3ec
4ec1e0a9-acda-4337-9ed5-22dd19a4312a,,f0904bbd-7116-4bf4-893c-01bbacd714c1
4f6253aa-adc7-46f5-8c29-9cec083445df,,227d3968-639a-461a-96ef-b070e01c4335
c6bd042d-ab2f-40d4-be11-6d08dabf5c3d,,d89687a4-6cf7-4d6e-b265-548c44a992fc
09ae501b-e9fa-4196-8314-392ea291eea1,,58cf3492-2aad-4af1-9f31-bb2f08cf55d7
9cf0651c-e96a-40c1-9dfa-cb8c95d57172,,abaeaf33-bcdf-441b-bbf8-ddc3fa6f72c2
ad70bdb1-2c58-46f4-abf3-b24f726cbf74,,2cd5a994-0983-4300-826f-4966f9945b78
7da355f0-7c0f-4f51-805d-45d844a5f408,,4b158a1e-a55a-4765-9cdf-c56c54a97755
d0c02a43-f1bc-4f6f-bd5f-ff511f633653,,78c4cd25-ded9-4134-bec8-1df4b2c32955
226408d7-7e28-483d-b6de-802a60795119,,ee3668e4-df9a-4a68-ab78-62826aa8faae
ab417f0b-8b0a-4d88-93c0-43dc6113ce24,,15c74a90-c602-4b15-8767-86bb37a18fb7
7aaae27b-abbe-42e3-acb6-c3381fe5ebd7,,89dd3c1d-45d2-4541-b542-2a392f51dbf1
4b723d75-ad5d-4d24-88ac-51895916c3f7,,8c500bf8-59b8-49be-8001-722717d2fbfd
b93e452d-942c-460b-9d6f-03d8c1a05f88,,dabce77b-0d89-45e5-8e79-f2476089de78
949cdb90-63b8-4847-9aa7-ed39956cc1cf,,ff5e9f69-d039-4c76-8df7-e531dc8c34b0
e150baf9-c09b-4efc-a2a3-45179d70b87f,,1da91886-6260-4ae0-ac7b-074d372981b7
ac53dbf6-461c-4b4e-99e6-6bb35ffd2cd5,,c7062316-7c00-481a-bac2-aacb3963b258
05740ffb-7ae6-44ee-abbf-021ef8bf981d,,5d0872f4-a2c4-4db1-9882-2160d9bd68a6
ad1819e7-bdb3-44b2-bea5-442694ab1b71,,2174f10e-695a-4df4-bd06-9b9c163a3419
5da93052-3bba-44a4-833c-6bfe5b6a46ec,,451908e0-9b8a-4187-a3ad-9347b98f3bb9
76f52e56-28b8-4c9f-90b3-a49d8586dc54,,1534f90a-248d-4fe8-8e3d-5e9611a15bbf
5812d4b2-0fcb-452c-a065-09eead6dce7e,,04a28121-7ddf-4eae-9a96-5852f7a89de9
fd0c80cd-9c3b-4155-8017-c7310cbe185f,,f053417f-56ee-48f5-b9cc-da310f8ffee8
6edbdc33-96ba-461c-97a8-e938883d0fbd,,d0781759-4eee-4a59-97bf-d2b7ef35577c
04506d85-c721-486a-a3e4-d4b5835f03a4,,e1b6f7c8-bd5f-4a62-8507-f8cc4a528e83
609f8138-3224-45fc-a4e0-f02e7ddd74a4,,c421a36c-1e6d-46c5-93eb-6ef2d46554e3
ef8fdfb2-57f0-4cb2-86fe-4365cc7d05e9,,4416890d-6d41-4770-8c10-32e984f5818b
fb6db1d5-0cde-4e45-bb31-f48510b7f516,,fadefe16-6048-4d4a-a2b0-b89429baf687
a33a35b2-3e56-41c0-96a3-dbc1dcb485e4,,523f5edc-bcdc-4ab8-8818-66e33d506092
2392d91d-7157-453b-8b8a-c88f21039508,,4bc80f24-a331-45ef-b5e4-45194083075c
00adfaa5-08e1-45af-9b12-412392e39ce6,,ad8be1f1-20e1-409a-881f-d65d97b62050
884766f4-dc15-4be3-a46b-8c751a9642cd,,28725ea6-717a-45ab-b060-957e238a1ae4
021766e4-f675-4074-8ace-682c2ff1d8d4,,6bdb77e4-6d9e-4e5b-839d-3996c3887298
59316d1d-9e3e-4eae-b592-e5e5b87a30f1,,96ddbf15-fb4b-46cb-90e5-9c6a5a717a7d
ef4d8d83-f3c1-4bc5-b70c-eb53dbd62b43,,cdfbdb75-7e8d-41e7-a06e-b38223756e8e
7795aa8a-4475-4fd3-a813-53678a54fb9c,,44d13413-91db-4a88-8036-d4239f6a4e7d
712be44e-c536-4579-a971-47d80de8a813,,77a3bd2b-a052-4b46-9df7-0337d6044a3f
5f55ce33-d6ea-4337-9019-c996702c8d36,,0805a052-6c0f-482c-b918-a18de3bad5ec
0e745ae0-7659-4a30-b9a8-84f598c8acb5,,be8dcbea-c074-446e-a42e-df3c35e38f3a
b901b086-854e-46fb-905d-adbfb359530f,,7e79d19a-6349-42bb-b041-f26609a8a6b3
69f768b4-2fec-4852-aca9-601b94f5dbca,,95e8fb4a-9566-4c7c-85df-87b9d2adf837
47619439-7610-4e8e-be40-d0e8ddf16c26,,6057a3be-7aaf-4907-a7cc-d536865e6404
18d0dfbe-2144-4ebf-bd1e-23e504940d7e,,8dfe1e7a-9875-4298-b633-fb683fa8cf1a
ed8010f6-90f0-4d99-b01c-96e41264c91e,,0ac8af8a-e7a1-4fff-9aba-4dc5e81bd70e
3924a8d6-2a12-418f-8ab3-4e7f89239a7c,,5f3aaa84-c0a9-4c0d-b5b2-06382a33b43f
3a1cc91b-2702-402c-9252-c1488151ead3,,5c745167-1077-42be-8daf-160254f2f17e
a2d0a204-d8f1-4d6b-8a1c-9da8a3f436d4,,c050ecc7-40da-4005-ad8c-3a246680b1fb
efa62738-9921-43e6-b915-16d8a1daea6f,,cc0c50db-f3c2-44f8-ab0a-cc835b26e945
16274784-0369-4f59-bf29-9d15670885cf,,5592453e-c803-4cc4-a412-fdfcd123e98a
d2229aa5-6835-484a-b94e-70d818995115,,a79fe9fa-907b-4fe6-9ce6-273e61869434
d58e7bed-c8aa-4d46-aed8-5f199ef93ca9,,b1f269b4-53ff-42d7-b1f8-854a72ee7f8d
ed617c85-0dda-4c1c-b43c-8072f5e9651d,,ca50d311-17fb-4968-ae86-57955718c2a4
74f249ff-a352-420b-a252-9ee5d40c4010,,cf04d8f7-ecd5-4fbc-ae90-06e3163ee12a
c664b140-ea7e-4a7d-a64f-a7b985aa137d,,99070be2-4311-473f-a941-e20e780bac8c
a3dcf0a2-cb34-405e-be58-073356c7c0fb,,f30a9734-4194-4213-a34b-5365646b9cf4
16bd8506-cddd-4a07-bdb0-367e7735ddc4,,e0dd1589-7e93-47e7-b406-cc7c870a610b
c91568a3-e1a4-48c4-bcba-165e1ebc48ed,,b1b53364-9f4a-4f5e-bc5a-cbad478bb484
5289f0c1-56d6-472b-9d42-bb9e3baa01da,,395e6410-e1d0-43d9-8ae7-621370e70e0f
8b81194c-b971-46cc-bed8-26b335a5fc86,,51f41699-430c-445e-bd46-e73c63050d73
60fe275d-acbf-4581-b724-b1d1f43ca921,,86bfd44d-6bfd-483c-a486-fe3a3f26dfcf
d4b39d93-4b06-4223-b51f-98863e589ffb,,5212cf19-798d-413a-a1e6-6c1ef09c8e0c
c3a6d201-fe6a-4742-b8ab-c0f3c7792420,,10d10dde-6568-4b74-82fd-30b65fdd6a40
2bda7162-8820-4f47-8ccf-1eceb98955cb,,e60fc3b5-684c-4dd9-a071-3337d9f07c83
342e2b4f-fa62-45be-bf6a-216099247e34,,481ec2d8-6da5-4c86-a7e8-63a6158835e3
22cefcd3-db31-4c3e-83da-47d62f871ee6,,b324018f-c032-409e-982c-bb47d8d6309d
a859243f-7328-4351-bb4e-b5732bb861e8,,eabfaaae-9867-49d2-b4e8-e65220a05cd3
1ee92ea7-8ee6-4791-87e8-7d8e72479c9a,,9e2a1c37-72ce-4b24-97d9-a875fdcf5eb3
5663b5d4-b7ea-4f80-b8ec-a8300c54dc5e,,ff0f3e43-6cb8-4840-b309-8b2fd1d63719
daf6993c-f20c-4353-97a9-461f1e869f60,,19cc2d59-03ad-4eeb-a307-b740e0add546
ce7b0416-3fa2-4ffc-9564-ee2f7cf755e0,,3243b253-b99d-4f04-b32d-859fc7216732
4a59cf18-7f91-45fd-970a-559885d77b26,,806ec5d5-dcb5-4d9d-95ae-7e3855f77b1a
6032e356-2e10-401b-a7c5-37a23235bd76,,a78d759d-df47-4dd8-b935-c3dd91c6c1cd
890d3127-ae39-4f1d-90d2-7cda792fe748,,f2acaf59-9e33-472d-9acc-a3ad92ddc1f5
0930bdf4-f19a-4620-9aa9-912fc92d45cb,,179d16d3-cfc2-44c0-98b7-24ca7598a2eb
7cacdd17-ea55-46fe-b384-0c1811816665,,b083d6ab-cedb-4c06-86bc-e557c21dd16f
78ebe8f5-7b24-4b13-a8b9-e9603550bd72,,8046ffd9-5d8c-4978-b4ed-7445936ee7ef
811b8d21-c0d3-422b-bd02-9625f73bc61e,,f7d8719e-8e13-4236-bf14-7faaf641d9b7
33ba594d-c02b-42be-a3ae-3665a891ee84,,b11c4adf-e7cc-4b51-bfd9-66e45634d553
d958e464-0473-4508-bd74-3c2794d0ccf4,,4adaf60e-6940-4a01-b409-df2d1969444d
313fb0ea-234d-4058-9f41-89bf3ea2efdd,,f7385c8c-e689-43df-bde0-f797ff216d00
37ecc991-58c7-4b62-8992-7ead2cab629d,,fa3c8803-2fca-473e-8224-a18c2fc0fa88
7a632e95-ac26-4fe4-a108-29fa18a37eff,,9ebdfb48-c0d7-4a5a-8503-29bd3d10adc9
4cbb5148-e97d-4fa6-b661-ef44faab2f1c,,59801d6f-f708-4ebc-b5d4-553c28784a5c
6806e88e-061f-49c9-b394-f63e67f68c9d,,cc9591a2-0973-405d-92f3-1cad48fc4dcd
2e405c15-da6e-46e0-a152-76a57b04eafa,,e66be87f-252d-4947-82d1-da8719e47acd
f279769b-c150-454a-a22b-fcafd9449f4f,,de42b215-d202-491c-ade3-f8a5d5bfcfa2
ece460be-dcd5-433c-a57d-1e0627dd3ef4,,1c3930f0-1c6d-40d1-9411-9c107fd51417
3a924211-91a1-40b8-8d72-010ea52ee9d0,,0f12d07a-461f-462d-96af-a49b6d330a35
6397cb8b-3f16-4054-95e2-b90c53466f83,,0ecad4c6-f981-471a-975e-2ce0cca9f950
8b717464-5127-4c19-84dd-c56faef96e32,,0eedce9b-f59b-4d6a-9c8b-8f3d4021205a
c41b3631-1ecf-448a-aa48-5fe7ee9fb7d5,,8bd012be-63f9-46e6-a883-938ba5f6d0cb
41f25d28-66f5-4364-a0d5-f35d3bc089cf,,f85cc1c6-3448-40ec-a762-4880b8db0eed
d827c40b-87f2-4236-ba87-7db292e5e5d1,,5ab77dfa-f337-4449-ba57-b58675fc270d
24c19e85-8f88-4546-b931-852ca6a51498,,de25bba3-cb29-4efe-9f14-a4891575d18c
463d748b-fce7-4665-90ac-269a2a0c63ac,,467104db-e09c-4f28-8ac9-9c546c55c1a5
401a4153-b40d-4a69-91bc-58480335a96f,,4a42373f-743a-4fca-b02e-221817094de2
fade6b68-d1b8-4264-995e-f7ad825869f6,,5dde9d2b-3a36-45d0-8929-c55c18679b95
33d1e842-d84b-47d5-9b3e-0a5bd548f73d,,7d58d157-26ea-46bc-bd22-ebe8c7c6f60e
b7854b98-391a-4e67-9f28-ed25bba15a0a,,28298d8f-5b3d-4f6e-b21e-cb26b99229d7
779474dd-8da7-43a7-bf41-2b20f420c9c9,,9725362b-a4ec-4526-8bd1-4ba5f44b73c9
c2d7897b-efd2-4938-bcfb-1841427eb8cc,,902c20df-3638-4130-8647-754c45575d7e
ee1b52b5-4aac-416d-952a-22e1d4367f19,,714d51e8-98af-43e1-8c98-afa730832380
c836f4a4-bfde-4f8a-b590-37fdd0570f1c,,50556bf8-c8b1-48cd-9194-b8c9cfb9beb9
09e2e3b9-e788-4130-8df9-b3eb260beecf,,71f2a0e6-4f30-471d-9b56-162a9b2c96c0
7cfaf4c1-058a-4e5d-be93-028bc3478020,,40689912-55ff-4025-bf46-3f926a5e5d69
0088ad7f-02df-495d-b265-160a096ddd35,,6d7cc874-f612-40f3-85bc-013b1bd34a81
4fbbad29-251c-49bc-9bd3-5cbfd2315ad6,,79fb020f-c18e-400f-afab-ead0ecb4de12
429ee05e-9108-426e-9c71-113fd8a01dee,,67010fe1-0b22-4cbd-bcba-f5739320ce9e
41a91984-13c1-4bf6-9fa5-7b234fc53e8f,,8ecb3912-b547-4207-9cd8-f17003be3b04
269b771f-958d-4adf-bcb8-4048ac6a4f65,,a308aec5-a457-4374-8ed3-8c96f0b35a37
fa270c13-5925-4256-9251-0825b324d6cb,,c26cf697-1c8c-43fb-b768-60fe617e5743
97221df6-7223-41b5-9aea-857b40af8fd4,,6313b9b1-ef68-4a88-8196-ead15d11a441
926b792c-c088-48d6-b1ef-389cb75a7031,,5fe87782-4af2-4eba-abe4-292137da44d4
0517356f-801d-4f62-b3b2-f168c1a5ba1a,,783f18ab-9cb0-4787-993a-b47f61c86a56
94987a41-04dc-451a-a38a-6f46e6f95cac,,b6befc36-e354-4c14-8868-206bb3319ae6
b1346cc1-a08e-4456-be93-fafd0681b844,,fc5b6d36-f41c-46a8-a39c-22aa9ba0d235
1e27ff97-a99a-4152-8c81-f5a554dbca62,,d66ab97d-ea54-4224-a4e3-af5cbef790eb
56556fcb-541a-46b3-b157-aebf5b694b49,,5b4fc2f4-9fd1-484a-a7a8-78073a276d4e
fd03865c-2c0b-4d6e-8417-dad49346598c,,436a258a-7875-48b9-9887-473d01d1a933
c4b12170-9674-4618-b0d7-847bb6370284,,a912f14b-b6ce-428f-acd8-d3f901833e87
0786dc7e-07af-4381-8bea-afea8f73f944,,a069c269-3315-452b-ba3d-ac86413c6034
af55ca62-2130-4926-a73c-a74f03d17398,,c3c6b0aa-da72-4e1e-91f7-23af1ec40afe
ce476485-b839-4917-9394-c92425c0d111,,3e8a58b5-f637-4c80-83a5-06848ed963a6
f1a0f364-ac0e-4355-810f-321f36653461,,42b45b3a-3e2c-43d9-9e64-0ec93c8c79f9
e489f924-7ba7-4ceb-9a18-545f0a5dc670,,7a5da3ba-08b4-4ecf-8b0a-4a1863e119c2
fbf9e371-c322-4a15-9813-042fb3aa26a7,,2b5ff97a-d466-45b2-a528-77c7ece2c0ea
44f30944-25e7-4917-8e3f-42aa83b03351,,d0b4bbaa-2a07-4a28-bbc9-baf9320643b3
31980899-ede0-402e-80a5-d78a41930bc8,,5bdb5db8-f1b2-4959-a199-199ef0ed3c32
667ee2e2-03c8-44e8-b162-dfb37ed4e314,,2c78ab1a-821a-4428-ac78-4c9111bcb96a
8a96f6ab-7657-406f-a77c-54ec12cec029,,09246e7b-b79d-49b0-9307-948506b92eca
a8f79491-3da7-4460-8c68-7c0c5bb56603,,77ec8825-0114-409c-a1f9-12c76b4f614b
9f5c7cb3-9275-4e7c-a7dd-f8ac231e04c0,,bf57b8d7-014b-4d72-9760-16fe8a59042f
0a4ff555-4819-4006-b2d9-dcb65d426704,,efe155bd-ad15-47bc-9dbc-2176542ed9ea
a30959a8-8bcb-4afd-a4a4-f7509824e8cd,,79c633e0-7035-4253-8e66-e511036b4cf7
53c964c6-1098-4e30-8d27-9c520cc75b7f,,5e3cbae9-67ee-4f8c-b705-18692e41c43f
5755905a-3a67-498e-8a9c-d3d2bda14166,,d92bb8b8-a9f9-4419-9b4e-fbf3e4369cc5
ea85cdb8-0c39-4581-9562-1d76391c3d63,,e72d1a13-539d-4ed2-830f-f591dd00bf8f
278a6922-5615-49c8-b11a-319c75c4bcc2,,233ac4a0-722e-49ca-bbb8-486692dc823f
7d2c9e5c-0398-4b9e-851d-8c3a409f6c44,,fc30ad10-c398-4fb2-915e-ccbe669daa92
ff9cfb9a-d18b-459f-98bf-035c021cd7d7,,3226bc25-9c05-4ede-9317-e19d95766233
34aa2877-8926-4955-91c1-0cfe6ba3e141,,0356ab3e-5389-44b0-a257-28c28a87b59b
90f87e1c-abe0-4f2b-a5b6-e504e3700ec3,,9b42e8d6-067f-456a-9a77-5596dc17b726
db705971-6b13-4bc6-bb21-f51bcaec618e,,d62a6666-2036-4030-b515-0b4c22ada6fb
32b24015-3287-4b0a-98a5-314c447299fb,,6d27b8db-1d34-4195-97b5-643d4198e054
7de4a272-8740-4281-ac05-f2b3e0e22e9c,,5bd1d39c-9e9f-4748-92fa-39b105a111c3
dd499592-6915-4adf-b7fd-d4aefe1c7133,,2c4e52b9-5dc1-4bcb-a349-10f24ac987bb
c30173a5-e5fe-4dba-bcf4-e96cbea0da7f,,fb06c8b4-425d-4f16-90bd-e4081b233b74
938833aa-7308-469d-8492-9a83076c5015,,880222c0-4391-44a5-82ac-4e58e47ddc98
cf8584c3-b83f-4a5d-a4db-98d8d7da4990,,9597ffa0-5d50-4275-bad0-ff326846326d
5b92d680-9d76-4bec-80b3-5741cc6d732b,,b1f778a0-f389-4047-baa5-7c5ec5c8c2c4
631e7827-fcfa-46b2-88cc-c0dd6bd2d68d,,c1a663b6-7edf-4ed0-aa7f-360aadf3aceb
62b34ab5-c9c7-4e85-9811-995adff0136e,,527f7829-da6e-4c6e-a1b1-34b1c50ce0e8
38135c64-52df-4580-9ea0-2bd4f2c95826,,0138be6c-6d34-4d52-ba6e-94fa87d6ddcb
f2fe60de-7bc9-4b2c-bd47-bcd0ebba3fce,,e56b6963-1133-42c3-b956-9079250bf2a5
d79de5bd-530f-42a1-ab39-53128a5ad611,,910d65aa-977d-4d3c-b99c-f1154d59846d
350ba9d0-28f9-4f49-b651-78d3451fecf4,,4ff93614-5ea4-4af8-9b13-e901ad0fc87d
a1cd57b6-765b-474c-bdb8-6c8476b9cfdb,,6ccd736f-9ed1-4660-9d6d-4bfecb9ce18c
6d688868-1f59-4d01-8eac-68fe5c2a85fc,,2a7bf807-149e-4b29-90c3-a6ef3822937a
0ebb087c-4911-4fff-9816-18207e24be75,,dc03a600-7ebe-4e50-a80e-931832c0136b
840be2db-7cb3-4231-a421-30491ba3a986,,0ea554da-b480-4969-bb0d-08d309478111
a7e9363b-a372-499d-a998-1307ffdc2075,,9532e0af-743f-40f4-bc1d-f2f3239c5028
7a65a371-e8a8-4210-a730-57e24634b25c,,8a0ae80f-6b4a-44fc-9d5b-55d1d3666afc
e4161136-4095-4108-8485-cdf7ebba4119,,7a0fdfd1-26d5-4430-b8b8-21faa5a5441a
b93857db-9f1c-4304-aa74-82036b6b35ff,,91b2c1b8-e452-4637-bdf1-911b8b08b99a
c453badc-639d-418c-b3ee-8f953973f926,,f02480b0-f82e-481f-aaec-4c759912cdfe
530eb65e-b5f6-4839-8359-ad00656304a5,,3c3cb749-1003-456e-ae43-ca48baa08900
2b0ef69e-d87c-40ee-8306-4bb86cd3b8dd,,d7483c66-f812-41b1-bfbb-cfb23cd3fc34
51d7ec99-1e31-417e-9cc5-a22bc20097a3,,4cbced3c-f79f-4951-b513-ca6e771e17b1
ddb2fdc7-2471-4044-8a1c-934702f139f0,,4e5985bb-02df-4326-a493-19a3932d7d9d
cabbc8eb-4092-4930-9b1f-9b2e3c3ae4a9,,6fd06caf-d645-443a-9f68-17e1e655d874
f9632e46-a94b-4abf-a850-ac9a1bb24c9a,,6254fa61-0a48-4cc1-b899-8523869745d3
cdf2ff5e-5178-4bb6-8dde-4293bdc8fcfe,,2ce883d8-ccd6-4d88-a490-67730fc2472a
d3680fe0-582a-4b5f-a2eb-8d11fbd7ddc7,,e486bb1c-11dd-4527-9c1d-ca0b7226359e
d1447902-b516-4182-94cd-c2dad9a82ef5,,23a41b69-655a-4237-841f-be799a6601d5
03aa5aa6-baf1-4f24-b32b-836090d3a9ac,,4df5326a-38f4-4661-8456-0517bf9a7f6b
41346113-3895-473e-b0a8-e8311107d532,,d92cdb85-cb9e-40e0-9ef8-7972caccecf7
81973769-1e56-461a-8bf7-ac21baca3a95,,36a47abb-95d5-4486-ae2f-16e9ff158788
8f95212a-25a6-44e7-b028-66dc4273b5b1,,cf5de323-4604-484f-9329-764ee3ef2b92
9072295c-02f4-4a4e-8e6f-1976b86a9714,,858d6111-1cc6-454b-b523-c7bc5180780c
95fdb3ec-04be-4259-9e92-e9b35510e3d7,,f01d15f0-0790-4a26-be65-9078b2207f17
dfd4e80d-9d6c-4940-b4e3-57c815537d98,,04b00d9f-67be-48b5-a207-974dac5fcec2
7e92243f-aa89-44b5-852a-7c0ec0c991e9,,c2261782-6d96-4e23-9373-5e284ddaeae8
a4132e37-5b01-44c9-a414-7d95fc787a51,,2b562d2e-0bb5-4b9b-be88-363de385f50d
5de58e6c-b557-4812-b511-3db1660353b2,,3d161961-273a-4bb8-b825-1a139a2680a4
81fa5e66-7311-4282-8219-8e50cfe629e6,,1cd3aa54-3901-43c1-8fd8-018b97b5557d
8c104a72-8652-421f-a349-812c468e6364,,e0013bd7-6c87-4d65-89b6-630a0efa10a1
e1aae5fa-8c7a-4085-a1dd-bcc422cd3d39,,66a0b668-3f7d-4d31-be02-017cc7fbde8c
cfdb4c9f-45f4-4f48-a60c-4d8e5a66e4f7,,c9a04fd7-e80d-4249-8ce0-2c6f65832d29
4fab8190-86ee-473e-a554-86b2a56cf5f6,,ea098430-e6f3-4e21-bfa1-76fc26d94fec
cb8e1185-2043-4c0d-bb50-464cec7b3bae,,1065ea61-53d1-43cd-a66a-14327f4f7ee5
fa9ffc58-8c4e-428c-96e6-c6b58520caef,,7efedaa5-2455-4b0b-bd71-4971f3e26ba9
ee9be663-26f3-4628-8be1-4c5edb0d1788,,6fcda8a6-b4e0-4822-9832-68027df309d6
a9a25bc4-dc47-4e6c-9552-196de4ce9bbd,,a586013d-0639-4463-ac97-fb3e7fcaf6c2
5d12470a-3e44-4809-b27a-30a8fc437ec9,,7d2445be-f4cf-4584-910b-db877cc0cde2
695a5dc2-7be5-4c4d-ac69-10ae80d11a3e,,385c7d1d-8077-4f0e-91b5-cbef219db602
51714e5b-7079-4efd-ba70-8090796a625a,,339237f9-870c-469f-bcfb-ce924481b49e
3b6e8c69-2cc7-4cb6-83f9-c5350862eae1,,dbae6d3e-b634-480d-b165-d7cc13d1acf1
89459bd4-6a49-4693-a4ed-7e8b37736299,,54c06c41-3fa5-49fd-a457-622deab292ef
26be9f5e-05b1-4e7e-9056-fdb443793997,,69e84387-1415-42d8-8bfa-b4810633ad4a
ea5b905b-a51f-4a8f-b5c5-f910ae1b8442,,ff14ba87-fe61-4ea2-818e-586ad43d65e7
7c37e0fc-5961-408c-b786-0c125407a5ac,,bac67e7f-98f1-47a1-ba8c-6b4810e276ac
492c2a2d-4737-4d2b-bc5a-4bde8fdfdd00,,ef981952-3770-49fa-9777-e2a21e58e518
72bb2a3b-7a70-4f4f-934a-62b0c6425e91,,d5120c57-3929-44fb-9429-9ad0d890d9fd
f66355a2-890f-475b-b6f7-b866ecccf172,,775b9440-1550-4873-abeb-58c1e57f8e2a
3c80418d-7d0b-493b-814e-1c896eab74ad,,41790fdb-e7ae-4b12-b795-10deb4832bfb
f3caed1c-db9a-4f00-94e6-ed1bce9c351c,,679e7f2d-7796-47ff-a06c-e45e48ff70b1
9485e3d8-516d-480e-a8a0-fb7ca5960ca5,,4be26270-6cd9-4b98-b8d7-89d089129d92
3e0b8ade-c392-4b94-b6c3-44656c5fd626,,b7e5d1d8-e62d-4ffc-ba5f-afb31fe8b0ea
3b3f9fe9-8f65-464f-bffd-78ca75d30011,,dac3356b-f2c2-4c48-9ffd-91cc23448fc3
0a8e6bb2-db33-4e5d-b37c-793191529ffb,,4dbf9f88-91d1-4f5d-bd7a-4edf7820799c
daf8f812-b6f3-4845-82d8-d5b91be3b317,,face4166-086c-4c8c-a08b-0cf450615ec7
dacda304-9256-45a7-98a5-8f2bcff1b048,,7c63fb63-4fbf-416d-8373-964021a0fabe
1ac73e84-96b8-489a-9e77-e7d1ad9b00f9,,d93f3d10-6707-4417-8dee-6c5a6a6bca68
abedf452-0df3-4044-988f-6d11ff145971,,3f0df8fa-a3b1-4a24-80a6-65a0d06ed69c
e1e015d6-296b-4128-943a-c6bbd46a16e3,,6fa3b85d-9345-46a6-8b67-0812542cd41c
c8cef43b-09c0-4095-b64e-03d54e139e9d,,73d6142e-1286-4a78-a3d6-56ec6b8c0187
c5b435d6-d066-46f3-901a-05fc0eec020a,,38337613-4966-4e0c-96c1-bf2afd941817
e8ca0c17-2696-4a5f-a335-7d35c176d3af,,0aee9803-4308-4218-81fe-40a5077a4b8f
60107bef-6927-446a-94ae-20b6da6e1523,,39fa68ba-1a0e-42b3-9197-74a2b0762dc9
95c96479-11a6-42af-b2dc-001d68edf4c4,,2dd0fd3b-88ef-46b9-b762-08a565a2416d
3a41edf5-35b6-4a53-a14f-17f6d92b131f,,4918893c-20d0-4b40-81e7-e983ff768e60
7f2426f1-bf7a-4892-b8c2-48862e8267dd,,0c08a083-51cc-4389-bad7-b1d64893abb8
a722908d-14e5-43cc-add2-1cdf577d22b0,,3dcb30ae-8e64-471a-9161-647c80917b19
afc3e39d-29ac-4f26-a564-101247130145,,14090b66-c7c1-43d1-ac99-0b7283d19a45
c8edfd0d-a561-4b0d-9cf1-a01ecc29c59f,,c627325e-22e3-4a17-b390-04872aa45acf
a3f5ad48-47d8-403a-8db8-450ae26c376d,,3cd1d296-58bf-41bd-a29d-48ec0dd0ba34
851f0d7f-d6d5-4a14-841c-410fc0c965d2,,2885c076-ac35-4858-a553-2057a0b5f292
2cc689f7-4c37-4e60-834c-cfcd6948a041,,dcc1a3ef-ea83-4c0d-a5af-1f148ff50621
7aa8813b-e716-4a8f-afd4-6db337ddb280,,dac3d560-7013-43f5-91c0-985fb5d637ec
ee8abb97-45a3-4da8-8283-7915b4b0192a,,66701582-5fc6-4cc4-926c-2df05688da8f
83f8ad8b-4588-46f1-bc76-d5a9421fcb02,,ad5e742b-eeb9-458a-8fed-596a5537259f
87901c03-1c97-45ab-aa9c-85bcdcee752d,,20f08173-98ef-4f38-ade1-8e9af744338f
74566cbe-bcbc-437e-aa11-009a70223909,,a8a15314-a7fb-454a-a994-4630d0918bd9
d4e0f35d-1373-4244-a204-f102eace82d0,,d1350185-7b32-4a7b-881b-7a23830c6042
0a89c960-3b97-44b2-bef0-b57125cf79d8,,02a88e56-cabc-4130-ac57-4d3841e226bc
0d5a3dd8-7f4d-45b3-93ed-9307e66c3ac1,,34da53a6-2c4b-4b7f-bc2a-f54f99f71dc9
e6e90879-153c-4c87-9623-c687cd084290,,9e98b429-de70-4fb5-a08f-bf8cb589f46a
15a0d9d3-e2d4-43ed-b5ec-9d46675b7bc5,,44e0d1df-1712-4f5e-aff0-e14ad9d82b02
8358cfcb-b326-4727-a575-b221dbee3080,,80d6bce9-4c9a-4d11-950f-336567fad3d9
c4faa7e9-aefd-4d94-bf9a-6476eb6d5ca4,,d2e06f69-4444-4593-bbb6-2d01ce6fcc5f
054e2db4-47e7-4d49-921d-adebfdf01246,,c06e51bc-e4a9-4b67-abaa-208e8906da66
ee249c04-bd19-4b0f-bc14-66e95b760d27,,59f823c0-4935-4ffa-b522-8e94b964be8a
9727ce3b-1201-4e17-a860-98ab60e09282,,94f3e04f-6d05-4481-bada-1bea8db499f6
fffea546-11ab-48de-859f-87d1a7444a71,,de4b0925-cd74-40a2-b5f6-5b795386b2cc
a9c37cca-876e-4712-9811-3fed8661ca51,,c6fae41d-43f5-4582-9287-ed56921a2d62
87a5d6b6-5132-4dd7-be26-90b6b63c1e1b,,b70fd4c1-c74e-4809-9bb6-043ef7d07713
4e99c895-70d5-4466-bfe1-c0360496ed56,,f4b115eb-7ead-40a5-9bc4-337851975706
f8fa8097-a21f-4d6a-90fc-9df9f4f96c60,,4ce48a52-2b71-4468-88d6-733451267176
6696c41b-e396-4522-9f05-cc718d66f144,,9c4dfaf9-c692-4ff2-9b40-d3810024bb53
dae8f47b-7e5b-458f-b4c7-801d9befdc30,,4cdc63f0-e8b2-459a-adf5-27bf081adc3d
c86aeb16-4786-42e0-85a4-fec6c7cf4c8e,,dce88ba6-c9ff-4f1e-9c77-4dbf3e71bc57
aa5a7af0-a530-4667-92c3-cbafe8fef5c9,,144b9a74-74ca-4fb5-a301-52d7cf94229c
3ea7c187-7b3a-4409-bb8f-4915d185e450,,232983a1-ecb3-41af-8647-2ba70391ea73
345d0a46-881e-4b0f-8e6a-26f994929c33,,6d0e2a60-4754-4ce2-92fe-3ac7ba9040da
d0e034ef-7389-4463-99f1-e86cd5b98464,,696fddf6-5354-4c0e-a14a-37f92f762094
04cf3cb9-5a3c-4294-a604-d29510a2e929,,bf7a97e2-93c4-49e9-ab14-fab19aece202
fc69e809-81a3-4fc9-9b6b-67ed265d3e91,,75a146ae-2d33-4fe7-b003-0f407347e879
b5e76a41-7676-47aa-a616-cacdc982476e,,7a7901bb-5e68-4957-98a0-34dfe2efd508
6182453f-280b-4881-a544-e9fa623ccbae,,17fe3688-dc7e-4af0-a1e6-0282e5f18191
55994056-c470-4420-bb36-cef4d76ce066,,e3bae972-4696-4d4f-b3e2-75fb256617a2
8fe90ddd-7e0d-44c6-9a5a-b136c9411c5c,,48e090e3-79e1-4861-9cb8-94d3f0fd3a5c
36e971c0-1a85-4909-a368-ca6724aa1796,,d0cf4200-db2a-4c1f-b539-45407c2b03b3
9b1a0a24-7480-4558-adc8-6a34209867ec,,04f5d15a-894b-4012-8156-419291593972
a9c5d66a-e0a2-4ea8-baad-68ae73329158,,c147408d-71c2-4554-b768-0a13e910a99d
6d8ded15-f329-496b-a156-355461c85e51,,af388e6d-9d6e-41ab-b8cf-ba5313d7cd3b
f20f98d6-210c-4c12-aac8-20c5394acb37,,5a71371f-2934-48eb-b1fb-adb0f9a96164
bf31f16a-524e-4839-af1c-050299b96718,,6594af45-4998-453b-b1c6-b840a95492ab
a5ea9f38-fce8-4b8b-a904-6c71613ef559,,f9ecd221-5d20-4146-adc2-e56a0fc48549
6eb9c481-2e95-4584-8c28-c69b670907e2,,24c2b05e-97dd-46ce-8d69-1d625a827dd5
25b6d37e-2ebd-4ead-9a5b-56005863838d,,eb54d94c-2b19-4f4c-a009-2242c1e9ec56
4d37d58c-2eb9-4482-a16d-e11e3d92c4bc,,27b796ef-e845-4cff-b7e6-267dff2e5b99
209bfbbc-625a-4202-b017-d3d5a6d719cd,,2e5fb01d-7275-406f-8527-3b779bc68b01
789588e2-1a6d-48da-9fa7-8d6dad642c2e,,ae96b013-3593-4671-a4b2-b0de55422de6
2cf3e858-0f68-4354-a335-615e312472c8,,792c2a65-0268-4174-a9f2-46932ed80f57
8b93ebfb-51d2-47c2-8425-6867f7c8eb64,,223ca9e4-1964-4546-b0cf-40eda0fd6590
22e2e38a-0b2b-4f82-abc0-6732f07bc194,,0be24eec-f5ba-4ee7-8683-6393650728ce
c65f352d-f78f-48a5-9a2d-dd353c83d6b9,,2e0888aa-f665-4d08-b72d-083dd1711e49
c7ce5681-d051-4525-b7f9-04d6cafa09f2,,c93ce88c-873b-4dcc-9302-e4f8816d7a1e
79eb8af4-787c-49fd-adab-81b02b70afde,,33dc9f83-2778-42e1-b9e7-d7e9e1694290
c8e94e54-9efd-49a6-9b5e-e63dbfb617cd,,5461f73c-108e-4cfe-b806-d68436b0fa6c
a24f8519-cff6-4488-9717-d5eff278694a,,a0228dd8-8647-4359-9739-78d71711abce
63edaa80-2535-442c-b92b-3039533d49a2,,73a01497-aa2b-463d-97c0-8ff7f96ed710
505a9e25-94c0-4d83-a721-ed18c8111cc4,,b9399e8d-fa3a-40d0-8ca5-3d6dd06603b2
a3f38ce3-b4b4-4761-9435-d88f99d9b7a6,,e491fbf0-3ea3-4dda-8563-a76aa4d6543e
188ad538-4693-462b-8034-d7cb5bd505c4,,6fecf759-f352-4d58-a2d5-ec8eef50a129
48fdc44a-6e07-43f7-aa3e-7a21b33f381d,,7fe71b41-36a2-4530-8eff-5b411824cfbf
f82ecc8e-a456-4286-a87c-ff530c5ddbdd,,0cb02dbe-3ce4-483c-95aa-e978e457e64e
1c2ede3f-21f7-4834-a1a9-bd06ca590868,,b6b8da4c-e18c-4f91-8d76-4946a8eb9394
f595047c-1094-4bb2-8568-5a2aff4cdd72,,a9d11ab1-39dd-4956-92bc-2480ae42ba6e
4f747aac-e17d-459e-98c5-95ff47079090,,ee02d0ba-2810-4ab6-9833-2784de7f4617
de2ce505-6a81-4747-b29a-abb73838f18f,,0d80170b-eaa6-4ef0-8b6d-2209b78e854b
816ca9ec-7ec9-4fcc-8355-b705319736fc,,ef42b241-fd51-420e-aaf3-32b271c0d5dc
08148c86-c948-4e15-af8f-795a1308bae0,,96b43221-708b-46e9-abc7-9ed0b3fabff6
b956afc3-fae2-49de-bd1c-5587e9d2248f,,b087c8a5-2242-4659-ae41-e3a1a3de6916
d38eb3f6-7364-4d24-a162-320e34e45852,,6c6ac229-7eb4-4d82-8fd1-a72760ced940
9b2367e7-4643-4d9d-893f-a85a86b247ff,,3599f601-a947-4356-8630-9d31aa4ea95f
183c5ec9-d6cb-4614-87dc-83650fd3950b,,7850d826-1e75-45a8-823c-f153c1c4dd4f
bd529bb6-858b-4e9e-b52e-6812e1fe92ef,,b130ab40-782e-45fe-9cf8-bf8e263e226b
01a9dbbc-ffaf-4641-914a-8755bae683f8,,b2c14c8e-5489-4171-9a2e-ec08313bf588
162bab37-117d-45c9-8513-89163f5dca38,,ea9b4e61-ee7a-4349-8305-5ecc0d2fe9bb
392f374c-04e1-411c-b10a-eb0f8eb0dbf4,,4d9b8bee-22c6-4221-9431-09ce61daa357
b4e64f98-80fc-4f52-a9b5-597d438727f0,,734b9f0f-81f2-45f4-9f8f-bb11845ff935
b00c979d-0e6c-435c-95eb-25f432143aba,,6be1bf94-5ab7-4711-b2f2-b46bc482c0d1
84e28d9c-5e91-48f4-b9cf-d29c5d7b76a6,,2d7a426e-1edf-4827-80ef-3436de603c6d
7467a09a-611b-465a-9714-9e8d455bfb92,,27bc80ac-6525-4f72-af41-e3d680e98903
995ec698-e2bd-4cb6-82f9-f33e5577c692,,c91e4864-a1a2-4b65-be0b-510c98c42ab0
fe7f1079-b29e-4537-a869-dd97ee4c07dd,,ee7005cc-2d63-466d-b9c6-31330da648ff
4a0c46e2-121f-48ef-91f2-722dac18be02,,05da2d16-08ce-4285-9b8c-5c4fac267249
f8fe59a5-fe1c-41db-ad5c-b79b3d67a82c,,5656b961-274b-4e52-b9cf-00f5732b35d3
8b4353ea-e9fa-4734-a613-dc4e846a7369,,ed887840-d198-4d90-aaf7-7f3063a2a2e8
d23742d5-1827-4b7c-9572-6953b1ca9dad,,248c61aa-5f03-430d-995a-c531dbee7c15
f52c0427-06db-4cc4-85ee-020e6c7879c6,,8be55533-3c44-4683-945d-9ad4ed4df1c4
36595695-b63c-4c6f-8476-f32761dd010d,,6746cb6d-34c1-4a85-89ee-aade37f1c9b5
dd866e54-326d-491d-ae39-c837e8aa3f4e,,fab1f98b-8063-4c6d-880a-6531d959ab84
4ecb7916-7eff-4996-8462-ddaea92148c3,,17fae277-f759-4c05-ad32-316729fa9757
acf4d5da-6aa0-4c35-810b-64120b8eac70,,8d7faed4-615b-4340-b955-c65d3a859191
2343bd1c-7350-415e-b36d-836bb856271e,,ef0b0f6d-f1b0-4d45-a707-6d792eddc7bc
bccc6684-60e2-4779-8f5b-da78dd1f4785,,288c9176-4654-4dad-9604-e872503c9eeb
feef0644-1cee-4268-9ce5-6849de91893a,,375e8090-0bd4-4a3b-a8ee-64e4ed79663c
94a9f5c8-a66f-4705-8ddc-c332d84f1fff,,c94e5721-125f-4100-8da6-6a026450bd21
0cc760b6-ce4b-4d8f-90dc-560788f4e25a,,0b005418-ec62-466c-9a56-a4d321f3dd5e
dba56464-8606-42ef-81fd-30be1a525937,,321177da-a36f-4b3c-866a-c0caf7257c00
90776162-73f6-4bae-9753-4415faf28291,,a023ac8e-3f14-4b1c-9fd8-09bc908ee4d1
aa064fe7-90f3-4240-ae78-447d1439f480,,5194495b-3d75-460a-b0a7-a71a0db0b52b
68118117-b8d4-4ca5-a0ac-7359eb62769a,,7983501e-abd6-47f7-bb7b-f7ae0e380fc1
bfa3d1d1-6e01-4b06-a08b-6f4b0c851811,,f6fb4095-a782-4199-9b90-5fda269e3f3c
71a854f4-f266-4f64-a34a-68bcf8acf887,,d6fe254e-7154-43cb-9f0e-8297b7f4e6e7
2295bdf4-3583-4564-bd71-4371ce07455c,,7ae38b34-2b32-4c54-81b8-41fc66aba49a
17ff8c1a-86a0-4aa6-b1f7-c15bf4fb4681,,6e7355cd-f2e7-4210-9662-406d03d42805
ea38068e-b4c1-4e42-b9fd-31240c834e16,,59ad3076-d101-4e88-a7c2-5bb10ddfeb64
b06a7868-0ed8-414a-990a-270aea5d8e12,,464f9696-ba9d-43d9-9ece-be4c59efe1f3
2d1ea265-58b2-4944-8890-76df8292e1d3,,301e298f-4604-46a5-a1d1-33fe32fdd544
cb74d08a-de3b-49c2-9826-4d89f149de42,,b4bbe1ed-d1f4-4f28-9bfd-7b229bffcd0a
5b05bdf3-f72b-4950-b957-01c247b47d8c,,3f823032-e86b-449e-811c-ce60cc0adc47
6b56e434-3003-4de0-a1b2-7c98c654574e,,7654aa81-8b68-487b-b902-69672ef8feaa
72602dd8-e03c-496d-b1ce-1b0857515f78,,bc743b5f-cd52-4762-a4f2-8e4533216618
14c6c8a4-b5ec-4844-960e-48addbc0aef0,,7206ad67-2f69-4fa3-bfb3-bf55050a61d1
7a969590-9fd3-4180-8bfb-ad60f6cf093b,,5de8e5cb-7268-4d34-b6fa-8935318826b0
ac5568c9-3832-4c8b-934c-9d0d929834e2,,512f37fd-1632-4b35-abef-0e71162bce5d
fa442ca6-f22f-4438-af40-a91d61019039,,396ba298-d6de-4085-8e9b-185b0b7031c8
c758fa84-291a-4783-bdfb-a62e344c54a4,,1fdac259-e6cd-499f-92fa-8875ef7f39de
8be1dfc6-f5ac-47c7-9bc6-baf9a99e4907,,b64e8212-57b4-4445-9ace-361c9609870f
6fec5faa-1053-4dd1-82ff-ca773ea41462,,0ce75ccc-abf0-460f-b840-e1ce4675bae2
d8078dc1-97ae-44bc-953a-251223b03658,,7058dc9c-f02f-4c26-ad7b-2b8251e68657
d39a406b-465d-4437-9704-2cae1b3755ca,,d6efaac5-0da2-4f28-9b69-2fb879a79021
dcf4c24a-b728-4a7a-89b8-923b37b54fe4,,cb4a519f-457c-47d3-a4f9-251fcd3870e7
8302d50d-48af-4fc1-8330-c1357e4d6c55,,bbc5a6d3-a27d-4bea-a647-6fabafd691aa
0ad8d88a-0483-41d9-86d7-209ab4ff564d,,c78a9078-e596-42c0-9c0f-d2750a415751
87da25fd-d66c-47ea-bba4-3510c599623d,,a6d9d942-15c8-4f8a-9041-5051a1886a25
cf2c7a44-817e-4eb6-8ac0-97dbccf25d6e,,67cbc7ad-a396-4df5-ba36-9248596af33f
718875a8-20bd-4dcc-9c6a-18789499f9d3,,bc2a71ec-159a-4d80-9259-13a5be659a38
017deffd-c237-428f-ac63-9bd97d6469dc,,00739419-9b6c-424c-9bc8-08de5bb2dd15
89dd1f70-418d-459e-a24e-6c6eebc036d7,,fb2b746c-9073-4972-a01e-6f71a72ac48d
0eda4440-5fdd-4243-9027-3ff6c17afd61,,fbc9ad01-b32d-4fbb-97ac-70d8dfcc63b0
402dc76b-f936-486c-8d07-c5209101a7e4,,972217b7-dabb-4d3b-878e-d628109068ca
901664d7-014e-4455-98f8-260acab4ff3e,,be270ba1-d7e4-404b-83ac-4522e75604aa
371d5a9d-a61e-4ec0-a1e4-4c0766171e67,,9d6d9b77-87f9-4124-a2ee-1e4a1c295b13
c470c877-5c21-45ca-9207-20c036197337,,cc2c7521-7625-41e9-b97a-905c0efd3566
3058cc45-d682-41ac-81a4-5849cde4844b,,59a6fa48-cf99-4b34-a1f4-2fdd07e6bd9b
c1c03c0d-a5dd-4ec3-bbec-eeabd849daac,,56cf2b00-5640-4776-a011-bceb694841f0
340eaae4-63ca-456d-aa34-d321eee2a4ab,,70995c69-d033-4c08-91bc-c657ee184191
00ec080e-36f9-48f3-a424-b51911e49747,,0d28b341-0812-4f3f-a259-ee90ff313df3
c8ed5c28-6bd1-448c-87f2-1248777cdbac,,99fe9053-fbdf-4775-b005-96b0dbd25138
b115b744-2369-4bd4-8b1b-44034806908f,,306f66f8-9cc0-49da-96b4-d6a75f894a90
546a493a-a730-428a-a48d-12db81d0094f,,877050ae-5fb2-44aa-9a81-d9e9bf7c66a0
f28d1b06-3909-4623-a8ca-b3ad7ae3883c,,904f33bd-5d5d-41ba-9942-224634fea79e
f4201d9c-f5d4-4124-83e0-68dc13311aea,,732e47e7-d865-4655-ab79-418d64b3f651
940bcfb7-6127-4d54-a798-17ceae842864,,4712fcea-1dfb-4ff1-a289-777929443209
4429b697-b171-4e25-8923-bcd3fbf797e6,,fcb06ee8-9bcf-4ede-81a1-68ea8467767f
68fc8e67-23e3-4850-beaa-f96b905454d6,,b2fd801d-bb37-4559-b5f6-90f14ca9f9f2
d2fa4093-26fc-463f-802f-f9c9d536fc86,,7a4b3e80-a73b-467b-8884-17baa7220159
1b32fb86-eb48-4ef4-9308-3691114ee72f,,dc428531-9d19-4451-ab29-6bf745925b4e
9eab4b7e-b308-4fa3-afff-2178caaf9fa3,,a933ab6f-6165-49a4-b0c6-038194ffd415
dd9ea4a8-b7d4-420f-8c77-e61d5bc18e9c,,56638287-69c5-4b60-869e-b7caefad3337
159b225b-a038-42b5-b501-cbfe02e87919,,e4589282-6306-45e4-99e8-8d5374f070bd
5f9ccf51-31bf-4587-b12a-ee20f84a7e22,,3e2ebca3-a5b2-4ce7-a88a-d9a086fbad27
7d2b09b0-d04d-4823-b291-25d8a60d9865,,b636c880-c8cf-4168-bc7f-8bfd87425508
a0718d2b-aa22-4432-a322-e9abd6aecacb,,1a1df97a-1da9-4a83-9e98-42116a9638a3
6f93c904-2047-4026-ba3d-de2bbe977700,,b5b75a7c-729a-4449-870f-7986dc64c743
847adcd4-7f13-4856-b3ca-256db0017fc8,,3012f7e2-9f12-4c08-841d-db0bbce21abe
0f6e6126-65a2-4487-a497-8ac9930d4138,,9a17fc45-48fc-4dec-b90c-c4f09907ffa7
81f633b6-c299-4a23-bb6d-a28741b292da,,c47ad878-5b61-401f-a36a-42e374791f8e
4b48d346-dc85-411b-b2e8-9aed589048e6,,235ceb1d-a7ee-416d-8b69-bab1cf16d726
2cf75c19-5ac8-4590-9a10-0e2b5aabe1d1,,c3044c73-c7e6-4aa7-8893-a5a3bb942407
e0dcf3cb-faa1-4695-b100-323d8e1a26ba,,81d91e7a-74b6-4624-91fe-d5ef298667be
5cf79947-a0b9-4fe2-a066-67fb5226ba02,,67649224-8feb-40d3-9102-5e10c73e00ce
dc1a14a1-a8d1-43ab-aa94-01888a9ebd9d,,2a989f30-33cc-4da4-b1ad-0662a0fdf823
dec7ae85-24c4-4fcd-8214-505f4d22913b,,b9a3af28-8028-4ea5-825d-394f9722482f
044a5355-a200-4e4f-8ec1-c7fce55d7745,,ef25ca5f-73ab-4b86-acc6-b90216a20696
7ac3c4c7-23d9-4d97-9c6a-fbecce0ab115,,0874edf0-2e0d-4f36-9b68-1a5b87672fae
f73a2590-3177-4993-a142-c652251b8e76,,d71718a6-64f4-4267-9665-2afc9f799986
e962bc78-6c06-49bc-a8e9-0ee9fb08d295,,eeda1fe3-3c41-4766-9029-7d583efe44d5
b1c37452-395a-4bea-adec-336675775ec3,,d49600b7-7051-414e-a0c6-96742a39e55e
b49df369-ae38-40ca-9552-083eeb133e6f,,679ffb55-6715-44ed-abc3-bd8255df5edc
3d81d8ed-ee32-4d12-ba82-d4c76324bb9a,,b8a119f8-4e9e-42e6-b4fd-512b0dfde175
3d3ca96c-3604-432e-90bf-4ca75dcda7bb,,bf2e3139-9fc2-408e-8215-dc84db08be78
3fa89386-3c1d-4f74-84b0-d90d82ccd99b,,eec75eba-d187-44ad-907a-6a5f98ac5e51
7e3b2b13-efec-423b-914e-0557d67b5c9b,,aa0857ce-92ea-44ab-986d-b38279d3f688
5b083ae3-5677-45c1-b46c-7651b3ee1a96,,78aad60d-4583-4398-9031-d9f26551e7f6
8755d155-83a9-46b3-9fb5-ea8e96ff9bdb,,3ef59a24-499f-430f-beaf-19aa3f812baf
c6b021fa-3e06-42f1-ac22-6c8a5a3c2f98,,4de04a68-9cc4-4390-bba1-76cc36c98046
2c5f7e0f-f49e-466a-a987-6878bc1015b8,,f8f831fc-f43f-4007-b315-c144aead8589
60ff6f12-e102-4da7-8684-aa24ad2dde9f,,5168ce59-2b7f-432f-8441-668e68e68790
c9760ab0-e3f7-4279-81b1-78210da7dfd2,,e09eb618-1bae-4912-8d1f-c777f76113dd
232fbf65-5a8c-4edd-a86b-1b1203ba3065,,e4c32b0d-714d-4b92-801d-e7fee0cc3201
64cc57e5-b6ca-44d2-8609-a06dc25c7b25,,dcdfb662-7209-4309-9843-b2184ca24491
7a57888a-fe03-4d8d-a13c-a2494010a1f1,,bda0450c-81ad-468b-aa55-9fd65453735d
5e6636d1-52a6-4373-83d9-9e682f490b79,,7b0d5e67-29a1-4811-8be6-a764be1c9855
ca032522-632d-4703-b673-a54ebe016500,,5e6ed61e-22d4-4ee1-91ec-fad2771cc517
12eb6314-040c-4f71-978f-e88c24593c9e,,0659640a-96a8-44b5-8048-d1ef50bd9589
00337320-cb43-465b-8b49-e460c3b7471c,,99d025e0-a6c9-4134-82a5-61d135b26c99
1ea341a1-a236-4a23-8551-d765680c07ff,,e02d7617-6554-4f43-885f-105397f9f511
b5fdb0ab-104e-4e98-9b70-daeb7a502e01,,eef4fedb-548e-41c0-92db-a751d42729f5
05f9fd38-1691-42bd-8ae0-18f5fc4d8a35,,8e57553b-feb0-428a-b045-db3be00f8fa7
0d11970d-2264-4105-83b8-e5d782054dd6,,7761630e-6b66-4163-a766-61f5b0981458
a5b98262-c41c-438f-9a25-7b8103f475d9,,9ad63210-ad82-4945-8320-1a5968418370
591a8625-e54d-4fc2-99be-34a0293e1631,,34424fae-4466-4984-a096-efab1fe241db
3804dcc3-2564-4ad8-a4a6-e1e71b2a6dbc,,596033b5-f5b8-48a0-9f86-c30457348d14
d2534664-14fb-40c2-bc82-a9fba1f5d06d,,6f6696c3-4c70-4568-a9e4-412aef54d288
68d16691-7417-4e55-bac4-d6d433577d32,,d09c1d17-1253-413c-8484-4c978d818e4b
7cda57c9-46ce-4e37-9e49-dc1fb7ee43cb,,028b11ae-f749-4d53-80bd-9996afb4cafa
801ac2db-9cbf-4c4c-abb4-ddc38a1ce007,,ef7b9480-bfac-4e2e-99f5-ff0e38ec1860
c489fd31-ba5b-451c-b7a7-bb3684f12386,,898f14e1-b9d2-46ae-89eb-37c619f00359
2ab70ab7-b3a8-4498-93de-9053c69e0316,,03feeddf-8626-401d-b94f-987bd672babb
42f8abc5-c644-47fc-afec-19cc9fd5926b,,fd9d2cde-df26-4785-8bc7-369be05d7851
786f3771-7be2-48fe-8dbf-256d9b31f917,,b96e65b0-eb8d-4167-820e-2c510eff9382
f6b8cf8e-4c59-4f33-8ace-e9069e8239cf,,22c02a6a-2de0-4790-812e-c16f79fc4474
002b44b2-c6e4-4d15-b722-e0d4f971352c,,77f2c3ca-a7ab-45a2-8003-d1bb7cf2ca9a
1f0388dd-248b-453c-a2bb-4cdaa528f5a5,,78c22c61-a4cc-4692-b499-cac79cfe1edd
a81b122b-3aa3-469f-b6fa-a3a864ddc5f9,,ed975217-2d07-433f-9eb0-ad90e4ef7a7d
2fd7fe39-7c09-47b2-a206-8420245e6da4,,2020dfc6-3f8d-4ee8-9584-c750f2f7020b
c39a9d7c-9d56-46b2-8ef2-3eca75f4f8e5,,ed661eb8-afb0-42f8-ade3-da53c3264da9
82b936a7-9e26-4838-997d-fb71fd735218,,be202165-d0a3-4c5a-a3cf-cdd5e2e621af
c580482d-98c0-43b0-98b0-f30393900888,,d66de188-8a03-4d7e-9811-d2e16c21f3c3
2261eda1-d23a-4234-b65a-34fa6ab1774d,,2e6ce003-d669-4c6f-87f1-fb5d1707d317
fc25865b-b632-4af7-9899-97294d47b970,,c94d400b-8181-4718-9aaf-60eb8dd02f92
7bfb9acd-e278-4c45-bd90-7aae32ec17a7,,85a26038-c4a9-4339-9078-0272544b2b99
98c2787a-8408-426d-bc60-f10ab565b1ba,,bfa3105c-c1ca-42fd-bf03-865fe15ec439
b98eb155-1ee0-47dc-87af-9ae7bc9a8a95,,85863c89-7cc8-4827-b63d-d871a4f1d2d7
4a539a59-740d-4f01-ba48-60b0deedbb3d,,0934337a-99d3-4314-9298-7f989fb1eb4e
3c2d2ae8-61da-4162-932e-7d4718a8bb9c,,6d49a40d-56a3-44a9-925d-98f8593097fd
70d6f6b1-b974-4cff-9d28-94b498fe2fcb,,c92ca070-2ecb-450b-9c62-6b0f0c95a96d
eadc11b9-06bf-4667-8ecc-73f78c5d908d,,50694736-9d8b-4ae6-869d-9a9d2c51bd34
8a8c5ad8-3471-4038-bd57-297ccbd9dd2f,,c74337fd-7581-402a-a93d-55f741279f17
9b20fe7c-fb50-48d5-b327-3e683615bec0,,1325af3f-2cbf-4e29-af0b-15aa7080ee6c
64c04aae-005c-4515-8342-b2e0fe826efe,,a2e6f141-4520-40a9-8a0d-4ac55a367b03
66afa5b9-1806-4fda-8749-ec96767d88d1,,119167c6-4342-4877-98a0-1da3c29b533f
4fd0d5bf-c219-48fc-abd3-51bd667dfc4e,,b8fd88ae-b566-4c9d-a58d-ce269b47e177
01481adb-b960-48fa-a429-fb5755c22196,,b7a52408-00b5-4cd7-83c0-5a07c3ee467d
d318d784-1550-4a47-a0a0-c57b13e02704,,1b8ef555-5f54-4d65-ab1b-968157dc5325
b4152435-ecec-4f51-b449-bc230fe6575a,,11896637-cdbf-44a1-8625-ba1cbbb4bfd3
cda65c73-0499-41ad-9321-2acff87e5faf,,357aabc7-b5d7-49a1-8f98-50b6884be57d
62f643ce-e706-4d49-8d63-b489d1ef916b,,0a0b10ad-64c8-4abb-b940-42d5e113a750
264f68ab-85bd-4763-bda5-e4ed5a8d0ae3,,9e999400-39c1-4f50-85a0-6798c098efdf
889d07d9-25d3-42f5-b9f3-ffc2c67b1be6,,926dd04d-3c4f-4f83-82ea-4be4bf6ed2bc
92e50ecb-73e1-4965-be47-5b7c705c8d78,,29ed5bb7-b031-475f-981f-da39abac19cb
6cdf23b5-68bb-4f75-a11c-3532cf8b1ce5,,76251425-89cb-4acd-9e45-b17ecfbe8864
020ad975-286c-4153-903b-2195d9b9a075,,09182ab0-e1a9-4e37-b680-d8b1d470ba9d
b85ca4ee-748e-4106-a6a6-083f7514f498,,bd9d4247-e0d1-43dc-a1cf-5d10aa17ac20
9de04c72-f7ca-49b8-8c6f-fd71367579b7,,0af2a883-7efb-4067-a1ed-760baace0d00
ac330ed0-07b3-4919-9858-ffc5efb01778,,621ef6a0-72eb-4944-9908-b89177c04411
9f5e4cbe-554a-4734-acdc-5c18a4d5d62d,,b28948b3-f655-4e9d-afd7-9dfd8d2bf2f6
6c1cbe21-bcac-4084-ad44-599deee23b8c,,21636688-5ab7-4e41-a961-b9955d9c698a
61032f03-ee76-4e65-9ca7-6fe768c4c4b4,,c0e0b889-9ebb-4625-ad78-969cb345e2b6
80739fcb-dd6e-4d5b-abda-f0932d2712e6,,07c326f0-7c04-43f9-9caa-dc808a2b2a9e
82497f81-c6cc-46b2-9dce-78e502281b7e,,7d8c988a-68f9-485e-9b7f-ee213d4160d7
4261d0fc-0a78-4ac4-bb9b-3e6d0fa560f4,,0ad8ef4d-367a-4670-8374-b34da9b965b3
789c3cca-8c94-4c86-bc64-6f7d2069d468,,822f2634-5e6f-4e1b-a0f3-f7ec3be223a7
7248d530-97db-4c52-8f13-71a2c319846b,,59b5ba47-79e3-439a-871d-882433897e5a
88da220c-ebc1-45a7-9320-8a131e7b7948,,f8e3ca5a-c37b-45f8-85c2-3092e19f1fa6
da77eebb-4215-41a9-96df-29ffc0d050e8,,e4ef5318-6526-44da-b515-3224dd9eb025
a0d6414a-c3cf-4ec1-92d5-ac0f9e9dbfd2,,65073318-4a7b-47f7-bd6d-941a9a96a8d6
889fe7ec-aee6-41ce-b08b-bf841dd3f216,,893026a9-74d7-4048-858a-917735dc4491
a0b1d4b1-aab1-410a-b2c8-6fe4f66bb238,,56637f76-a671-438d-be98-80391ae3b69e
86cd816a-861c-4ec4-b8d5-4f3516fd5d26,,b6d1fe7b-a53f-476a-93a0-067dde3bc668
df35337e-541a-4614-9a03-cdf331f5da47,,3daa784a-cc46-4469-a3de-51990be5d998
27a6f4df-0025-4b3d-b0e6-5930fc1ff768,,dd23b6d2-d86a-4876-97e1-924a53434a63
7c044fe9-65ce-4462-8414-9d2e6ab01f07,,4ea66682-3fa8-4e1c-b3c2-31523b5bbedf
726a11fd-5669-426d-906a-68e2b6857140,,101a9414-246b-4327-b055-5416e093604f
9c9f2b03-d885-4a99-a96f-c9d2494147c4,,00b366dc-7f83-4302-b448-5ee2c4e2d1b9
852b382c-8de8-45d3-a0fa-5bfabb6cbdf2,,8ecf77d0-2dea-432c-a928-0fa4ba47e8ab
ef70b5b5-b0bf-440d-853d-37d3171f01e4,,e2cdcffc-c8c6-4de5-bd04-168a91ee81e4
ad42a980-6d92-458b-8eae-fe2a7f478a41,,723e119a-7940-473b-9aca-eadaab3ad241
a81712bd-7b77-4900-be5c-0f0664869d85,,ad37d7cb-2e55-48e2-bafe-7565febb8316
56e08322-4825-4d8c-a1d5-c25bcc52e7df,,bb5b6810-dbbd-4d92-8506-a2b9dd25b257
b9d9fceb-160e-4488-b1aa-ae06e2c8988f,,3571933f-70c3-42cc-a5c7-d8fd37ac5ca4
cc83efeb-9b3a-42b0-a0f6-4aa0bae17e3a,,31e0f3c3-c418-4bd3-b9c8-5fcfeb0b27e5
ba8d24b7-fac9-4763-baed-c3d823d03d43,,70db249d-189f-4a55-93f5-18b480a9440d
6af0aac1-1da1-4266-8a57-fa3996e7165b,,acc8d638-fec8-41fa-afd7-21b4b89c13bf
7b636a65-bdff-40f2-a35e-4fddbe2fd4f8,,5b41e394-1574-452c-98ae-c930bc6ae0ed
ca877254-cf0c-4723-926c-40db0159f6e2,,b5fec18a-cbe6-4ba2-a111-4788affbe90a
937eb7bf-e3a8-4a14-b5ea-7fd40572f5fa,,6cd08bf5-8c05-42db-b836-a3d640e35c94
4063b625-46ee-4591-9fcc-a24e11a7df68,,187f4093-c571-46a8-82a1-c9ef4def21ba
04b59123-ad79-44c5-a79e-de28a9645882,,f7a852a6-aca5-408e-a815-65be5f0bbd82
1713f1a3-8848-44c5-afc2-e03921d17a04,,7180fac1-c2dc-464e-8384-75e7154b9062
9701a3be-17c7-4575-a128-88fe0ad9b2fa,,d2504569-9ebd-45cf-b6a5-6e0911fe01b9
817939cb-04f9-4388-bd52-152fb5a3b69c,,00912f03-81b3-4595-8d08-f9022904f9e6
a7fcefb8-d099-49dd-8610-415f2a10011e,,326044da-2c07-429f-bfb0-1a16ad11dce6
9b484d42-89a1-482e-a3e0-b02699c169b0,,9a86b049-86e1-4905-9bbb-ff404542e28c
78b0d212-3571-46a0-8e28-6a28836a6d9b,,e299b9f0-b6e2-4516-8aa5-a95f1a30c61b
eafddcd5-9a98-4d87-a703-c351da3effc4,,db3a5c88-7f94-4730-bb61-c1de33e1627d
16b917d8-3eff-4608-a722-d12753b2bbef,,47827a41-0d06-4a24-b7d2-1ecf3e4f1027
98fb06e0-ee2d-4f34-81a9-3ba3c0503e6f,,11b90d7d-63c6-452e-b583-3cc0875d6aeb
85b3c10c-fb7b-4f41-acc6-ca4977607703,,7b5a58ae-f12b-42b5-a214-6ef476c695e1
9583788a-0519-49b9-93f9-fc60282104b5,,50cd3151-afe7-4f35-9947-eef29948db20
8edd743c-d2fb-464a-a4bc-fa3ca71cf53b,,bd6afc3a-7e85-450a-ac24-6be305d14c08
191e265a-9d3a-49e1-809e-ec6e318509b3,,cbe671c1-bb58-49fd-ba93-e0f5baed33a3
07609d13-f9db-420b-8332-e837b1b92e7b,,09cb20cf-ac57-4348-b40a-1ad7a8f5f214
d83c3c2b-1272-4365-94b6-4ffcf9d010f6,,0b510be5-6f6f-49a1-a0f4-1b1794dcb21e
5e0844ab-52ae-4c2f-a073-67ee9a4601c7,,9f67648c-7152-4251-9eaa-28997d441713
fd49804d-4bd6-47b3-a377-e41e6d4df215,,ee5eab11-1bb6-4ae8-b5f5-76e0498c572b
508a62f5-8301-4742-a862-25f5dc367e29,,7fbde87e-1da4-474f-a5b0-d20d4e5a779e
6c883ab4-4a0a-41e6-ae04-a30ca58d73e8,,e8d8ae26-a721-45ac-b5f1-31d74056f30e
80312a0f-8d7e-4794-be07-a9126bc66b4b,,273b1df2-190d-4614-b4ac-de3db700ed4b
3245e563-9dc1-4262-bf13-bda7511a9c4e,,6c5af5e1-fb4b-45bf-9460-7ed2fcf23ab3
911c300a-5c21-4bce-965b-35b787de353e,,c8b7e541-4cbf-4b42-b1b1-65ca94461341
b895e1bf-9d2d-4601-bdf3-b8a3a63cec01,,7ef4294e-5d0e-4e72-882a-fc0651f326de
f1b31722-282c-415a-8d87-33570a93eace,,9775564f-724f-46ea-b7a4-febb55f7fcb9
d169398b-a26c-48ea-b261-b5be9ea99e69,,eb46735b-cde8-4162-b5ba-fecf601e4323
3a58aa0b-f403-43a5-bc32-d97963226021,,be3365b7-2358-49f7-98be-09384869dba3
65e18236-4206-49ed-82c5-8278f8162360,,6faf10e6-9ce2-42db-906a-e067b6301f46
2044c16a-482f-4b94-8d2c-2e4055811d58,,53e4532f-1e5e-4c73-9fca-771a15ed5943
860c075a-04d5-43fb-a19b-26ac51c9c9d2,,b5c8262d-c7a2-4347-9691-950f505bc1f2
a83bbab4-0417-4f10-ac35-8a1207a0b44a,,f4040f16-5e4e-427a-92b2-5d684aac07c0
66be6410-2f0b-4a13-a5de-70b96de2f4b3,,58437212-4d90-4c20-a1b6-9545ddeda59d
800f84bf-21cf-481f-b6c4-94e38bab6e5f,,c6d08398-e1c6-4edc-a8dc-8374d30d1e16
8e9070d4-4671-410d-b646-a5a60edbccb9,,5f3aedbc-270c-49f0-8ad6-8c435d267a53
80a7a8ad-8724-44b3-b51b-243dcf4534a7,,46c7a3d5-7905-4a8a-bad5-1506808a75f0
099350a5-e397-464a-9adc-7d654a9f5053,,ea0db530-3ef6-41fe-b048-fd854d0cec66
24580734-bcfc-40da-9cff-f8a3a7ef5805,,30c07c2f-6c05-41cd-b5a3-b6a3888a30f9
5a8485e4-20ba-49f3-a9b3-5f44f5b141a7,,cdaa391b-8cf8-426a-84de-258ea23804af
611caac8-66df-4868-a284-352600c85f1b,,8b9c7f6d-c5b4-4664-9870-52655c5bff7a
a8737029-c645-48b3-ab63-a53a2bd1a52e,,820c994f-40e1-46b5-880c-bf7f516c66bb
78ff4859-c791-4245-b3bb-99da9e5cab6b,,57121781-f804-45fa-bf9a-4dca461a2746
e54e9c5f-1865-4b79-8ae5-a0b8bdecd4af,,7ffa8f19-e639-4592-8bb6-4ec8dd218131
b76beeaa-5ba7-487b-9e0d-c425281a1231,,bf303680-2dbf-4643-a04d-d927c241ea3b
aa7c34ae-4dc9-4e91-ac9b-d9bea32cc1bf,,bb63be34-35a5-496b-819a-ceae1f37b89e
ade757b3-e941-45be-80ee-f507ae7614dc,,286f5f2e-384e-479b-aafa-3515c010f038
7fcac2c6-92d0-4d28-957e-abf0cbeaf0bd,,1918a400-2954-4db4-9a71-79029c6ffa6c
1c55b381-a3d3-43d4-a832-01745b7797de,,817f81e6-3ab2-4fa4-8a42-a901a0d3c8f6
8bf97dc5-6b64-451a-beb2-1367d4e79820,,5eda8aba-1c1b-418e-a326-488810543c8c
b93b7e1f-19ae-4e40-8bc9-f4ca5c3b132d,,9e756a63-bc85-4fa5-9049-0aea9bc55c96
c21f40f0-179d-41eb-88a1-d2aafdd47131,,841fc1fb-c862-482b-84aa-95ff215d97a3
bf672c17-8539-4072-b8e3-3346b52286f2,,33415c73-1bb8-42c4-9818-f6e830ac8e15
2c85b3d8-94ca-4c31-bc14-6a2adfcf0c9b,,f5904b98-bb18-4918-b049-540adc14dd1a
ac9e3115-c3b1-4a2d-a0ab-957d52930719,,70e4e80d-89ea-48ed-ac1e-fcca92dd5b91
950f6cee-6ec6-4ad3-8897-83ff5bb622ea,,beed4e57-457d-4621-82ed-2837e8073e77
6207d325-eaa6-4d32-8e2f-4b1230526889,,06ffbadd-8fa9-4ff2-9768-ee6f5094fe92
3619a5a9-3492-4bfa-b2ad-8c2f490b938a,,83b95f6e-aa18-40c3-b63f-fb93300948d2
f47285b0-7413-456a-801f-af346b0d78ce,,b81e210c-a218-4f4b-a88d-ca97d6200136
d724839c-dc8f-4ac7-99cb-bfa5bfbfb996,,560c3424-1d1d-4c7b-9e7b-00e2c52da14e
052fb420-d530-4270-a595-03ae733c1f3d,,ecb97c53-6c20-45da-8b63-35a4ac1d0c70
0dfbb26b-8efa-47d4-bc85-1944c8ea8e2d,,f8cfa5ec-a59f-4ff1-8a80-5212e61985ee
6501d8d1-d42c-45d2-9271-fa6783110228,,fec72bfc-1e86-4c69-a2d4-951cad57427b
3da51b90-7381-4a44-9709-fc46a162f6ec,,8ebcf0d3-c615-4e98-b621-7b7bae09f94b
d9736763-b64c-4e60-abb6-11413c4d8e01,,c20ede05-9bac-4dc3-a9bf-846a85de840b
e246064c-bb31-4b22-a2c4-ee7cba371f06,,4568c02a-5313-41ff-b51f-c129d236ba15
ff6583ca-cab5-4b2b-9efa-96c09e574bc7,,616d7878-fe34-469c-b2bd-e93d12986e05
fbacbf31-9eeb-4745-a544-1ebbaea61f11,,03b1b3e6-0990-4699-807e-f4fafb38c6fe
891c23d0-0019-4eff-9def-90c394f3f916,,729c6ccc-35fd-483b-8585-766e23336c18
6730b40b-050b-4468-8a3d-be5baf37de17,,60316d27-d5c9-46e4-8820-da1ecf0fdf06
19a1093f-2f8a-4bc2-b75c-ad5e660dea14,,8d2e817b-82c9-46cd-b8b0-bc2363bba9e2
0ebbac71-55ff-4d3e-a784-73befcc9af23,,9ea0a04e-8323-4ab4-bb14-d1cd59c3cfac
4f231929-81bb-4c6b-9441-11c3458709ba,,ef844aec-2791-4ba8-81de-6c7c23a85526
32a8a980-b4fd-4f63-a9a9-34e64d8f3759,,f9bf3234-66e0-4af2-b681-97202a8be9c4
386acd9d-923b-4115-8bf3-c7613d5e4db5,,26541f1a-e6bd-417d-a3cc-1c93f87ad456
ed0a4b4c-dca9-4992-9411-438311411568,,6d1e7f32-da74-4395-ad36-7ea9a6082397
5fa0abcc-c24d-4a4d-a3b6-618cf569efec,,78417dba-5ae9-4bca-bb5f-387696417d33
db52ae87-da2b-4a6e-a37e-92e5e7d9c830,,17104d02-0f5e-4c4f-a0da-583ab6a82919
b7366318-bcfd-45de-a2e3-ac95bb374cec,,6423b02f-17b6-4a01-9a6e-b75c37a96d9f
06e3aec4-b07f-49ec-aa26-50c6a941f807,,a1d3984d-5e74-4006-b247-f7764e6ff8de
09e5753e-b243-4105-b468-e5d70f757c25,,f49e32b8-1870-4241-b800-85b28a3f1b27
d633de60-5a8f-4a77-9b43-664e1c525398,,2a706984-f5a6-4a41-b2a9-c2598f10ebba
57726124-9bf4-4e9f-8e77-3c426a5a6e01,,71f826ce-5eb8-4a75-8c4a-c3de94a24a33
9ad4d8a0-a2ec-410a-99ab-8fcabfeda37c,,0588b2f3-416d-4de4-bda7-6675b60edd31
4c7f8ed0-f5f6-4a78-92b0-62cdb96bfba3,,a4829753-9183-4452-9092-8621acc1452a
dc0ea15e-35d0-4539-a871-be3226929df0,,fb686b96-327a-43cd-ae3c-51af59476755
360332ca-2d66-436c-bc8a-74c2dde852ad,,302aea46-af9c-4a91-8848-fa2a4cb907c5
65ef2f9d-2cd5-4e83-90a4-cd34e88e435c,,0e56197e-eb57-4103-bb5b-124e7bb1150b
a1843cb3-5136-4e51-88fa-16f4ec7bbd1e,,1676beac-4fa4-42bd-8112-02abc83bd346
b61037dc-0075-41a9-86a5-f6e47ba41241,,e979a80a-0979-45df-a3a1-b5901519aa01
ec27c55c-a0ff-4d4e-a0dc-018dfb77f5a0,,bcae6b7e-b344-4010-94bc-d0c9005d6d19
d70b28ef-2db1-49e9-9b92-c598b9534d5d,,89a936f1-c924-477e-9f71-885700be658b
1725a32c-ee49-4172-b2b4-da459f3d3a6c,,b8e18c0e-2ae1-4d76-b8c0-81751fd36c62
1491dd4d-8f74-497b-bd49-007fe0d4c0ce,,b9e01edb-d716-4a9d-8bd1-d015e7a68b54
a99ddf3c-62d5-4670-af5a-114c4b082782,,785a0dbe-d305-4c32-9a6f-c71691b0a2b8
6c75aa94-a145-4a5f-8ee5-c06d99f5472b,,73afb738-67f8-4f23-b044-5ee53f410cb8
23971347-b445-4e57-8dd0-ef7eda722a5b,,3630a9cd-11c2-4909-a24a-c5f960db3143
8fa16170-1fa3-4029-8c24-b48c938c247e,,45b87658-3606-47cb-81ff-f32cd34d9619
00979519-0450-4ad9-862b-f5efa97fe542,,9def9093-f480-4f7d-8018-35ffba71719f
5d8f6879-fc14-45ab-9ecb-213d4f2e79b8,,7bbb60dd-eff2-4f3e-a7d2-c78b1e870d67
60e4a461-fd9f-4f22-8418-740ccfa0ee09,,13ec9a3c-915d-473a-abb8-87dde8828e15
01c1ac66-220d-4ba5-8512-93db923fa93a,,cac19eba-5572-4184-a9fe-9cf927b95caa
d119aad7-7e17-4539-9764-c704a46ca2d1,,64282ca7-5918-4553-a395-c681c87b589b
597815e4-d97a-446f-a6e6-ba1c322d6f53,,b44419d4-c8d7-4a5f-8403-f252ff585276
fd86d42a-5821-4fda-8dba-3b2aa610189a,,ec62dc67-f7b9-4e14-8743-8c505ed206a4
4b537ecf-970f-400f-ac7c-9f813f69931a,,33949ea4-e719-454e-92b1-5ced0eab7a1b
