id_association,id_facture,id_item,id_menu
b5da8019-0673-4d42-aa30-64b1e1e5b843,4e3e9402-7c58-40f2-9ea4-f27b86c97ebf,0,0.0
be8bb21d-4884-464c-8c0d-aab6bafa4161,61616156-8ec8-40f4-8573-81d09013d756,1,1.0
5b641069-5b8b-4704-8be3-b7a615362317,e6840208-07bf-4b3f-94c6-f64a9dee3faf,2,2.0
c6737fdf-3791-4819-8518-5a090c8bae63,8b6c7f02-3b57-4498-a34e-83a0dff5f2fc,3,3.0
6f86fd70-11e4-436a-b11a-eea7134a18fa,a4062a1b-cf85-4c9d-92d7-464b8dd7070a,4,4.0
227e68dc-b4e2-4d33-81a0-831e451e60f6,55b0f375-398c-4508-b24a-8377ff3931cf,5,5.0
c01d61a8-21d6-4f09-ab36-81e037868554,c7830bf4-8f4f-447f-8cc4-3fc2be5e8749,6,6.0
007250ad-75be-47a2-b680-ec75d95f6a65,8ad80b87-bddb-4fd3-a743-97272625ec32,7,7.0
13cfdcbd-56b3-4a23-bde5-15a1d860d822,eef18205-e20f-4015-b52e-9b4d26600cab,8,8.0
104419cc-a937-45f8-a5d0-43cd71673837,d39f606c-9e8d-4bc0-9bf5-7a8a8dc3c59a,9,9.0
ab12f0df-ccf0-4641-a409-0882a61ded9f,4f273c21-ca90-4b33-8eb2-043dc6838a1a,10,10.0
7c912fbb-a799-47b8-b263-62589d08d718,b17b8579-05e8-4dfa-997c-b5c4ce27906d,11,11.0
a14fc60a-8ce9-4608-928f-c0cf869df6ca,c3684aca-0072-401f-b93f-bc757eb607e9,12,12.0
b3445693-4527-4d8a-87e0-29f13b00a8c7,552b830b-5cad-49a6-aba5-e74c0aa814aa,13,13.0
a1d8d099-3d8c-4531-a2a0-ce6c088a1678,9deee96e-676d-42eb-8929-5b0f3bb41274,14,14.0
1cff9036-b85a-4b3b-ae80-a8722d1c8ec1,997dccbe-a0cb-47f7-a25a-09d18155774f,15,15.0
29c57dcb-80b3-4981-b3c5-c815feaf19a2,a5598297-0487-4481-b28d-02c02016da1f,16,16.0
6c7515ca-38bd-496f-8340-eac4a5aa17c6,a7084e24-9903-4da4-bc00-03c8644ffb0a,17,17.0
a53b64b8-aa42-4e31-8c31-825925fe6226,6fcfe26a-f6fb-4d65-9ad7-e1893f305b02,18,18.0
789206b8-d445-4d88-90fb-2893eb866eaf,f3733c6c-b17e-477c-8b88-192b7dbe3ca3,19,19.0
6af64800-6a99-4a87-a723-ec84f6cfbd9c,b5ed9fd8-88de-4aec-b8e5-369131230aea,20,20.0
2ff4fd31-76b4-4287-98be-f31b0d06a7a2,c6331e78-4924-4fc9-a674-cb0fe603b52f,21,21.0
102dc9ee-1c5f-43fb-bc6d-acb740937053,00684cfe-5cfa-4483-9e98-b84a68fd4492,22,22.0
303de7db-12fd-46f6-9b22-b0f2e9f217b6,f1316d0c-fc8d-4627-b2fb-ed9282cb809e,23,23.0
16aac32b-59ef-472e-8a2d-1a2619cbf020,586ddafc-eca9-494c-b532-33682a496bb6,24,24.0
b990651e-71f3-4eea-b519-2ad2e40cae4f,920a93e5-b806-4015-8391-5f9f7f07677e,25,25.0
3dffb292-c57d-4696-9bdb-909b5b70207d,018da9be-0a14-4776-a793-da773cc6ff1c,26,26.0
156ca69d-baf6-4ea3-afd7-e2b019b1365c,b754325a-81da-45e0-8e1e-25476a0ba6fa,27,27.0
8c36a324-bb34-4f60-94bc-b849a84aff47,e2091c2a-bb84-4ef4-92cf-df5b3772f506,28,28.0
38ca3c2a-a138-40f5-a3dc-2c1623ca8eb1,58834838-d764-452d-b232-b477285e960a,29,29.0
93a62e45-de05-4f4c-aa7c-4c7c74418dc0,45a406c2-b04f-4099-98df-91bb34b78c92,30,30.0
fe9ff0e7-7358-4524-8725-29f0c71a627f,ccdae6f1-605f-48bb-ac50-a3e4b4d6b1d8,31,31.0
b1121e15-b289-468c-b0b9-5d8e1b3fa328,ff2dd752-1ab3-4213-af04-5bd487c8a506,32,32.0
a943116e-2d71-4f6b-a4d2-f6882b458c42,3205dac8-78ab-463b-96a3-87cb3ffd8d6c,33,33.0
d1f1e7b8-479c-4172-b15f-572123d45adc,c25e4c1b-d841-42ef-87e2-da2ab83c7475,34,34.0
a32dcbd0-21c7-45e2-992d-eefb147777d7,500a76f1-3cdb-44af-ae16-89dda8cf3aa0,35,35.0
eef2276f-2e8d-4268-a336-2ba07baa15b4,b592de50-a388-42be-b4c4-ff10ea5635df,36,36.0
1001a555-74d1-4297-823e-dc431290d865,5cdd76a9-ee8e-4aeb-83c3-232612a2aff2,37,37.0
e92990ef-a64a-4db6-8f12-ffa39f926197,df1f39ef-755d-4ded-9ed6-a445cbb0dabd,38,38.0
ed040f34-8940-4dbf-8a67-604bd72ba7cc,141faf55-aa39-457c-b3cc-7a540c7ac651,39,39.0
f6170bd9-40fb-4bc8-ba60-a43c9f950317,fb600e42-aafa-40da-8eef-48cda60b33d0,40,40.0
9d887553-476a-40d1-966b-837675de5586,a4e4f994-ee3d-4064-ad77-834ac65e3f80,41,41.0
764e1b5d-4260-4e36-a2fc-92a974195e4d,77245bfa-c4ed-42ec-89c6-6219dd856673,42,42.0
f9b0b747-1ba2-4b08-b8c6-fd106ccfd917,c13168d1-5400-4018-9eca-8034e95c7615,43,43.0
ae66b110-ea94-48dd-9899-ca187cf9a7d1,5d322657-4d41-4f59-b1d5-d90e3d950400,44,44.0
8dfce98c-a47f-47e1-ae73-123c409e5eb3,a5741a5d-54da-4703-afe0-6578129cc5b3,45,45.0
e7bca958-8ab2-440f-906f-0abfb84816c2,83df9aef-fa0a-4de3-8e5c-ada7bf8b1444,46,46.0
80a935ad-de5e-44e2-9045-d70dc27b89bf,49a8e5ea-c605-4e3e-9b72-964457954dc8,47,47.0
704a516f-f025-4304-bd80-cffa90de1ba3,0de5d5f0-c578-42d9-a05e-07630321696f,48,48.0
2e713ba6-794e-4350-b88f-4328fc981297,5f2cfe79-c67a-46cc-89c3-0fa348adfb33,49,49.0
769fd395-8419-434d-9984-6cd436f9aa19,917d5bf4-63f4-4761-a892-3ba98ce1117f,50,50.0
a83a3a2a-0782-484c-aee6-fdaea5cfa302,5c256532-0580-4eeb-9cd4-753292fd0e81,51,51.0
aaed7a44-d130-4376-bc10-2c4d10852537,cc97d004-c388-4ccb-9777-d09f2fe60bd1,52,52.0
e99f1039-fb89-42bf-9407-cddf5e796b6b,3efc49be-c088-4418-8413-980a070e11a5,53,53.0
5f0486b9-d1fa-4cb5-ae14-880f28277689,8ba212c0-765f-40f4-8a02-23bd2eaf1e23,54,54.0
981e522d-3b01-41bc-91b8-bdc153bc452f,c66d7a8d-8ff5-4ead-ab19-00e7525ec044,55,55.0
ff2f5a08-dd24-4ff5-b533-b23988276acd,eb12f1c8-d54c-4b29-a715-5d452cfbf6b4,56,56.0
a29d0f07-31fb-410c-af45-00f9ef065a1a,b38578d6-ec5c-4b6b-981c-b88f20d260d6,57,57.0
df28c3d0-f30b-4890-a966-71d3803e2b34,95d53024-27df-4b2d-9d45-f026cd570543,58,58.0
d1765cff-a94b-4275-a929-27dbccc18d2b,07b6a24e-4579-45be-8a1e-0252f744237a,59,59.0
3363354c-a271-4fe4-b27f-c8707d143075,8deeed86-9ca1-4800-b44d-d96ad14f6857,60,60.0
390647e6-c554-47d9-910d-33bd44ea9fd7,59e4ba23-4977-4ee7-9477-2f76e661f23c,61,61.0
c2cfeb92-472b-4d9a-8822-c17228ee8c7f,5cd68680-53b8-4bec-b5e0-16893f818b54,62,62.0
d6f969e3-d975-4e35-8f5a-951c40d03f38,a7d0523a-107f-4e6f-888e-0088d98a0749,63,63.0
22bd6458-f2eb-41e5-a12d-4668ae3e9789,5aff7c06-f681-44ef-9395-c77e8df696da,64,64.0
9bf3b592-b470-4226-a72b-8274f86f6a92,3d71cafa-962e-4f18-a3a9-a64f4d36c656,65,65.0
400812c6-6a29-40e3-b265-a43a24a10dc0,e7656d2e-7e04-4149-9cb9-4a8bf892f341,66,66.0
0e32eddd-a4f9-449c-b842-1b6678ad6da0,de23fab3-4c2a-4838-973f-087383b6ac75,67,67.0
2babb015-9d3f-46da-b202-0b1e86c0ca22,bacb1749-ba01-4926-bbdd-b91ec2217114,68,68.0
027c4af8-7220-4095-b075-709f22a6c6fb,dbbf6593-bed0-49f4-8cb2-007cb04ed90b,69,69.0
636b55ce-da51-4f22-bdb9-1df1baea2c69,21e4aa08-d2d5-4867-8197-2f0069d84cb9,70,70.0
6738b513-639b-492c-983c-13a12f3f2384,c5386f27-6160-4e2b-a9f2-8d3a1a8443fe,71,71.0
538b7a3d-50f1-47b6-ae90-629c32c4fc8b,5df2df0f-8427-4364-8ada-671b21bdadf7,72,72.0
0bb53ed6-a9aa-4eb8-a4b6-b7b504f672c7,d5d10ea9-7f50-49c9-8507-4baa383145ae,73,73.0
8163ea16-dabc-4b14-8f08-d88ed955e902,ba9f27fc-67de-4c01-8e1a-5b947ed21174,74,74.0
6d2a0790-a78c-48ec-a517-75a76feb93ac,5d09c73f-b526-4a32-b559-1e15c858b483,75,75.0
750aaf52-225f-4269-8b2e-293ae3f3881a,07ddde9e-98bc-4ce9-af02-2370f12b33d4,76,76.0
4f8b23bc-4202-4171-9803-df0d03fbe76d,cc33ace0-4334-472a-affa-30e42fcd2dce,77,77.0
ee014ae5-a45d-41b2-a375-ff943c8f9627,76a7ffa6-5f38-4913-b55e-8084e0eb0d71,78,78.0
8592ac66-55fb-46aa-9e45-ec358ddbe224,b6b285dc-713e-464c-afae-d5bc4430938d,79,79.0
ab54dba5-1e1e-4a5e-8147-90112ec5ef5c,dbd94c1b-4c30-46db-b691-801262ba7036,80,80.0
3e9413ea-c659-480e-8312-5d001060458a,65928a81-90ba-4ec6-8841-f22a7753686b,81,81.0
a3a04495-eef6-4026-bdc3-922c86b2b1e5,e92a8535-18a2-41d5-8cde-e1a128810ea0,82,82.0
446f02f7-6be8-407c-8540-f601f41d229e,da54039c-b9af-4bb1-a577-0680930695b5,83,83.0
f44bf4c3-675f-49d2-85f5-b24954ae512c,f9deaa9d-85e3-4857-ab50-29c5898cd63d,84,84.0
083c82c9-e62a-45ae-9043-658c954e1c3d,2ca53f2e-4d90-4e92-b60b-0bd2e88f5033,85,85.0
22f0ac63-c339-4fe5-88fc-fa0894d365fd,b3a76bce-0cba-472c-975c-85d3599093aa,86,86.0
7be5089b-05e3-4e55-8795-2233e766fb42,9133d170-6676-4765-88ca-af7ae9dd7322,87,87.0
3ad04644-b752-4761-bfa8-c233821886ab,fa663d50-099e-44ab-a715-7b9e0d2e8b62,88,88.0
1eab5127-0baf-44d9-9be1-84df4ede4a64,00648091-335a-47ee-b466-b74cf0689efa,89,89.0
9fe457fd-f771-43b3-b8fb-ac016e233033,b07c42fc-34b6-4662-8225-54fb0420843a,90,90.0
0465ba4d-eab7-472f-9728-b53daea3fe8c,66f81ffa-7d63-4be6-a2f6-e64c32edf228,91,91.0
663e42f3-d492-40a6-a58a-0ab9f9d06aa2,210f61da-f332-46c7-874c-dd3d3b939ea2,92,92.0
4fee47b6-b557-4d33-8f9a-5774d1aa884b,9f83e7b9-1a8f-4ffd-a452-9a6ba6a6338b,93,93.0
d11c3d49-21b6-46c9-975e-e45edc131bf7,5bf86eda-aee9-45b3-9c44-cdeed7192ae7,94,94.0
5d790859-1c4d-4205-a4e7-50ff05cb28bc,9690d025-4a55-4f34-b740-e951c3d1c889,95,95.0
1cc183c1-2f16-40cf-b122-e9d3e48201bb,b7343e9b-6b83-4de9-978f-1a714514ad69,96,96.0
951b106a-e0a4-48d8-88f7-d02a165a95ae,31a99a30-10c5-4311-81cc-b0327cb76551,97,97.0
54ddd6ba-c24d-49da-9d79-3e87d75a9886,9930fba0-7556-4702-b69a-0f45bc62af33,98,98.0
713c18ae-e042-40c1-81c2-11c850ce5d62,c20aa8e8-4d17-47cc-9fd4-f820113d264b,99,99.0
a9618a9e-73fc-4b4c-9539-e08169703058,a7ce1c8e-aecc-4134-b572-d3c4f84e2c0f,100,
6c7ce5c5-f644-4c32-b353-0db9eaaad254,bf9cd48e-ad93-4bd9-a9b9-a328a9817b74,101,
74d655b8-36a6-41a4-b911-147ab01ea16e,7c8570b4-60cd-4b5d-bdfd-5dc47290efb4,102,
8c3a3a04-91cb-4e6f-82a1-de5450984996,cfb11370-47dc-4a22-bd7c-8f000972c4f6,103,
0d1f5c61-51a2-45a2-b145-d84c3c02d2a8,34f24a12-61d2-4d46-a9c7-d959aea29a46,104,
e58f0b79-1ea7-40bc-b5e4-7c8267dbb837,70c5789d-48d6-407e-9cbc-b0fb5be67083,105,
3ca7a4a4-72fd-4928-b813-6b8abdc4edd7,3460b910-da49-490a-ad77-55f76b79b50e,106,
3f4bedd9-411b-4b53-bbb0-41593992fb28,4e029087-cbc5-49a3-8c67-f6d3ad7927ed,107,
73fede4d-4e2f-42f1-9988-4eb613e03209,ccf6d53e-374d-4a93-9320-3d91f30aa4ea,108,
d1b7ff4c-8497-40d1-bfa9-ac8b85c9d6fa,5c9dab47-e5ec-4c8e-adaa-5fac302043b9,109,
f35768d8-a32d-4826-9435-c1ef6b18670b,dd99afbc-1af4-463b-b9ae-f7636ccfcd76,110,
a122391b-5306-4e1a-bda6-5ff72591e940,7fd40ada-bb00-4509-b5a5-5a0786984c4c,111,
b2898133-48ce-42cb-a4c1-de1acffb0a1c,48a6595b-3370-4cb3-b218-9cbfb9e40166,112,
7c611a8e-f984-4662-b435-f02faad2e5f7,b1946e15-79ce-4032-b909-269e984f914e,113,
5b5de3e3-fc70-41c6-ad21-610deaf75e16,b36bee47-528f-4e80-87f2-04f02d5d67ee,114,
eb8180c4-c7be-460d-8f30-402988e9836a,ad0c2d57-0910-4f19-989a-e0927d39ae02,115,
ebe3bf63-5a32-4023-915c-65bf6cb06573,2bc242a4-c897-4cf5-a427-494864ba90a7,116,
b4003167-039d-48a2-8ea9-937c9137c2a8,afaf5748-e9ea-4cbb-abe3-929149d92da5,117,
6468fd5b-d4c3-45b6-9fbd-6fa49e085359,68f476a7-0804-4645-bed0-b81169622bf8,118,
6eafc1e9-afd5-4254-adb7-75adf28b13c6,9f024e07-19c2-4a44-95c4-2061c6c265f9,119,
1fc43665-d26b-415c-b0cd-3e81cea54739,23483d4b-cb04-449f-a879-94cf120198d3,120,
fd922d5d-0883-4d84-9d97-91d64c2bcfa6,e0cb5e2a-6a95-4022-807f-190cfe29db37,121,
23e98ba1-eb52-43df-9aad-a8f9853c49c9,4a5a010b-471c-4738-9283-798d6da90076,122,
cd3037e3-f475-4b06-93e3-e51d0fb382bc,ca602757-deee-449a-a324-8f30f8e33f56,123,
25bc7b34-dd69-4529-acc8-d878e7a538cd,dec5f745-0596-422e-96fe-b28d43c157f4,124,
aefcc661-b179-4001-89d7-b155a7e157ba,e474637c-72bb-49d0-8045-5dda1b24f065,125,
224a4102-669c-4b71-9cdc-6587d70edbeb,a2416d42-b65b-4d04-8e1d-a0d386f5f397,126,
e6bf3233-ca51-4b7c-a5c3-d4547352fe4e,e8a0eaee-7bb2-4412-9034-aea794b1e4a8,127,
89c9c4de-31d2-4597-9b16-cb6ff84dd892,d28be653-a401-4835-96a9-5b5c4551afc6,128,
8da05154-fd0f-4fd9-b1a5-18ee0dfb7d0d,e6806f4c-cb62-410e-a438-9404b487dd06,129,
ed278bba-9b32-4cd1-9d74-671da93007f8,a58ca218-7954-4849-b55a-1d6a4e2bbfb3,130,
9970f55d-e4a9-4018-a68e-2d842c92c507,698c8da5-14a5-44c5-b8c7-a73c79f9940c,131,
66e144ad-f0da-4f08-9cda-6f8c8e68a02e,8be628b2-5fbf-4fa7-8d1f-bb40a26220c1,132,
5cb26e3f-6b33-4a9f-af82-4a7437555918,5319dec8-c0aa-4b0d-a423-4e75844e6780,133,
272beb17-47b8-440a-aa39-d919c046ae7f,5d025e1a-0b2e-46b0-bede-67959285c277,134,
918be43a-f3c8-413c-abfb-ec57d10a5359,20f66593-6761-4f30-af2e-56b17252d210,135,
a10dbca4-6172-499a-a68b-d1cb296411a7,0645a844-10cc-4d9f-9ffd-72457409c873,136,
53ccc8e2-121e-4442-a50c-a48ed168c296,8d4064b1-fc57-410f-9760-ac1935456f58,137,
ea0d34ce-1020-453d-b4a9-1f4e73fb5a31,6264d6f2-b448-46ab-b59e-b58b605ada55,138,
60dd9197-4da5-4c7a-82a7-f6eeb57f1e30,d09f1f8b-5b8a-45ac-a2ee-8598f50e00ac,139,
3ac954bd-5c06-407f-9450-cf2e4a031e2e,ff7e1343-3e6d-4244-947e-3cdc9139997a,140,
65d9b47f-9e05-4e34-983d-ef80756d3333,afbb88fa-321a-4c67-ac86-0b0e65068292,141,
bc08f38a-1874-47fb-8aed-b0cb9292b07d,007783d1-9a77-48f5-80dd-16cb430f531c,142,
e457f5a7-3be2-4a44-915a-831cfd3d029a,e28ed36a-c1c4-4e69-a1c1-aec9761f25bd,143,
b3ae39e7-2da0-47fe-a7bd-a85e83a266f7,e4f2ea76-a822-4edc-8857-3e0c2449113c,144,
ece02c55-19e0-45e2-bf0c-1c42a021e728,75752290-90d3-4564-815f-ff7126d6e810,145,
48c368fc-8f6a-49ed-ace6-1bc11613cedf,bd1fca40-6638-4715-9a3a-95ee94301f98,146,
1ca305d5-faa9-48ed-8853-0828599e7f35,1ac42dc2-33ff-44ec-bf55-2ad340a59208,147,
49439708-e92c-4c72-83a5-d3caf84c87bb,16bbc455-b881-457a-8efe-87591ac4710d,148,
f52794f4-212c-4d36-bb94-96e5caba3001,2b30dd93-0d2b-4384-88bc-b63bcead6584,149,
09b8e035-10f2-43d4-8fe5-cb93137a0d64,4404d002-3520-4d71-ba9b-d6a0bd4ecafa,150,
c1aef20a-dfb8-4223-b3b6-4e7b66cc9fa4,270e0572-13dd-472b-b6bd-2260408f0de1,151,
06829069-a5ac-4d71-a8b6-029440a16ea1,df76b1ee-30b6-4bbd-ac96-d099901a98ae,152,
4cbf6a1f-0d98-4b60-b188-08b6b953a310,196a3a0d-2b39-4160-840e-05df88e27d6f,153,
3317f28c-a737-43a6-9318-5e9ce4a44dc7,1c7f575c-3293-4047-86f4-32fb30220d93,154,
251bda68-7df6-4ff6-bec6-3d4d6c3f8e08,d280ab77-57bb-451d-9acc-f0b84c13f9b3,155,
3d05a7d5-3bde-4eee-bb31-95b5a4698e87,5f16837a-1d61-47df-8a7e-3cefb761a287,156,
26670d6a-29fe-4254-be2d-eea708f08772,b1ab4731-e15f-4b8c-a167-f4172749c5c4,157,
85b84cbf-12ad-46f2-94d7-9d15170b8dcc,3dda3dc2-f394-4f3a-9979-0d138c21bfb0,158,
3ae1b18b-2c55-49a3-99a2-651463dd75f1,b1b4ee67-0130-4317-b3e8-f92c47d4f8ba,159,
929604e7-e78d-42c2-a080-1a6ce1e59fde,ebeebf24-8659-4ae5-b428-44966f61bc1f,160,
88603b39-166f-4089-98ae-131b5bfb58fd,f8ba6ce2-9dae-4284-bcd7-ec344f885713,161,
9dbea825-eed1-49ca-bb03-1d409c557605,eae9a315-a318-4f50-834e-e24582ddd2ef,162,
390e34a0-d176-4716-af6a-805e5d7443eb,f2188eda-c671-410c-b288-16091e795411,163,
080379b9-2021-4c63-a96f-532646738c2d,f36f5cbd-bdce-411d-a10e-925566540d0d,164,
a5c84515-fe04-4640-ba7e-d6ac97a3d002,1a09eab4-97a1-4d87-8695-84973ebb410b,165,
a881c420-3622-4e0e-9a65-240e407b02c4,7871739b-c2bd-4d4d-973a-582027ff3a41,166,
94d32fe3-80b6-4f05-8937-8ff321556a7c,17832678-3a09-4d79-95ab-2f8164f02b14,167,
164f9274-ed3c-48e5-8ef3-26264c4fce8c,86712526-49b2-4da1-b41d-a22b7a26db83,168,
51a3c110-96db-4341-aae1-e39321952ef0,8dfe237e-e191-4584-998d-f58f27d583cf,169,
8d9fda00-1ea7-4337-8ec6-6bb8d69778b9,65db90ce-5e04-44b1-879b-3505b6fdc3c1,170,
764abffb-c7a6-4421-a8d2-d4a78d4c734b,a90e4ff6-4824-4d70-b431-980af0ff942a,171,
90e0816a-4ff5-44d7-821b-f70753a48845,e2560506-95cc-4a05-ba9b-7ece13a540aa,172,
0d8d81cc-78f5-48c6-ba50-92ab87e10d5a,1b2eaffc-7b66-4349-8d86-82b90fe1f287,173,
8a3321d9-a05d-48ac-9052-940a29c0d508,f9bef100-d538-4bac-99a9-f395e9dc84c2,174,
1d0c313e-e2fa-4aaf-bac3-b62726f4c35a,44a0a5a3-d3fd-407b-b216-0890067de5a1,175,
35014331-0bcc-4b2f-a214-a2b9adc97cb0,1ff6c2d4-f903-47d7-b4eb-33a7b6c5308e,176,
3e908b69-3a9b-4737-bf0f-814abb5ca373,fc0acf17-3777-49e4-94a3-35febb4beb86,177,
4063e1d2-e477-4694-a62b-09f358ba72be,13fc866a-c8f1-4bf5-af18-cb18bfd5497e,178,
40732e51-2910-442f-9f91-1c59e19649b2,9ce90977-4f1c-4b97-acd8-aaf91a0dcedb,179,
e03953d5-dc9f-4701-81f9-c708acab7b16,d89bfc98-f4d3-4ad8-827d-340f54c229e0,180,
250b2e08-c04b-45ae-8bfb-832e1cd94c2d,2c6ae274-ccba-4c4d-8eed-1746c4da1f6f,181,
2925b220-0d51-4469-a383-11167ab51791,e0fee198-05b6-4710-85dd-1b2b07beadb5,182,
261a33d7-3313-499b-b877-5f39f1730a6a,1ad7f936-2527-4b51-bc67-343f6bab2bff,183,
2c366f01-ad26-40bf-bbcf-a5593d198b2c,2b39dddc-e985-4dae-add8-0264c2690af1,184,
3b4d93f0-2a35-4128-b42e-bcc876bc0ce8,1d01af21-8361-4893-bfde-de88091bdf65,185,
45b5ee8b-c769-4e89-850f-34daa72dd265,68b5e1aa-d349-4900-b55d-5cc9b251ad44,186,
d9bdeb4b-52f0-4a84-a4ad-2d3ccef261a7,94cb2ede-65fa-4c02-b389-8d52d20801c8,187,
ef318e35-6265-466e-9210-ec1a91b60ec3,b26b2941-705e-45e2-8a1e-4d8f1d94070a,188,
92e6040c-2115-4793-b0ec-8a672cb1178f,c7fa2f4a-cd69-4a8a-844c-16befb4626f6,189,
11498166-14e3-463d-b518-da50c830bfc5,0310f1f4-4f55-4323-a407-4a3524d6dc08,190,
4839db93-0fe5-4a9a-b40b-370d4ee6c026,c821c7a4-c3c0-4a61-bf9d-59f7475603d6,191,
ba2dc4e6-53fb-44f9-b333-888603263956,e7ac4ea4-385c-40d2-a4c5-67e9259a115c,192,
c84aec62-c8e0-4262-9f72-880967fc8c75,e262d19f-668d-4591-9ad8-9bf34d749fc2,193,
1d0c6854-b6b9-4921-b4a5-3061e0fcbb05,442a4811-6e41-4999-a7e6-ee83eeef47cd,194,
e35bbbee-6382-4309-8065-0c25a4cccad9,cee85538-bfab-49de-8c00-e3434ea45406,195,
0febcf78-1ef9-4ade-8b1f-1f040123faa5,99a57377-d7f3-41de-965d-0431ab8f85dd,196,
cf48e0f9-beff-4663-b850-1b2a492c3647,c9cf68f9-111a-4f06-b476-170c6e758a81,197,
5a2ac96a-10b6-46fd-82b4-1d45aea17765,fcb42fdc-681f-4a99-a4d1-c2ee7ca527f0,198,
f008e697-f55d-461e-b2a2-2fad84a86a0f,73625316-35c3-4b5c-af18-877850b32207,199,
828e31c1-ffb3-4921-a44d-d1992f02a86d,6e6fb4dc-272a-4843-b246-7778aca03a16,200,
8bd5f2f2-f962-49d0-b451-7988d76e0f6a,c93e545d-786d-4283-8d5d-aeb4bb834577,201,
fc3c390c-5480-4f25-9347-200aaeed1ba2,9be6e55e-c954-4752-b5e4-5da51348ac67,202,
9af35390-d41e-4f2b-9b03-4aa05fb804e5,9768332e-0bef-486d-a337-ac64cac379b2,203,
511b3ce6-b412-44b7-afd6-f99b9b792667,0ae05acd-0d3a-4730-b10f-672369a57d48,204,
8c6ab200-9ce5-4aa3-911f-560722837859,1b30dd60-b442-4368-b7ff-62f731a4aa6a,205,
43c5ff62-bad0-4a9f-8925-611f753de4b7,c731c021-ae3a-4e2e-a03c-b212bd05792a,206,
71c71e5f-dbae-492f-917b-379e92cc6899,a780b12a-a2a8-434b-910a-b6d8a8a904bd,207,
9560ecff-28bc-4b9b-9c4e-c2bde73f932c,08d5667f-9201-4fa1-b706-11e32967b580,208,
8f2590af-48b7-4b19-bb2c-fb20c717c0c1,cdfef423-e6da-4128-9cea-544353198350,209,
902ef14b-8807-49dc-a46f-fde3a1166c58,35448ff7-bf53-431d-ae6a-3297e4088821,210,
5ed75f76-379e-4b7e-812e-0972673ee3cf,8e3bdc15-05ac-4cc3-b94a-9ca9b45622d5,211,
fdfb3cb9-6981-4759-90ce-da1c4ad97081,4d6fe594-b1b6-47e6-9949-a46d3a8482e6,212,
8d95d796-9ee2-4b49-accf-afdbbb5219bd,915c032f-f3f0-4a5d-8005-6abae261f844,213,
1b438135-8214-4c4d-860c-c8fed1b90827,890c169a-8c1d-4c63-bd5d-35b00810b9d2,214,
060c4a3e-5e6a-4a5a-a123-e98c8ce33b02,ac17efd1-ab2f-41f9-a0e5-075b718b9319,215,
68c4c6f8-2fe2-41d6-8ae8-78c2fd37eb02,53d95993-acba-4c64-9dcc-254c41a66466,216,
cc02df06-e741-4d6a-a798-25077034a576,43e7f5ec-6747-4777-b108-df07c5e196a9,217,
08bc0168-49b2-4da9-9708-579e6d57e1f5,cdfb0681-e34c-4e36-a2d3-7c15ccf25cab,218,
08d27cf0-46c0-465d-accd-a13ed4e20f9e,bfa3c57f-52cf-459e-9d4f-3a5f972373a2,219,
4409897a-5d76-4b9f-9e65-99afeae69fcf,f55b3275-211d-4c77-81b6-8f8ba6d1f06f,220,
f3c6bcef-a5f9-4b5a-abfe-ded77b15a6cb,d0c37523-4e76-41ca-948f-46b92a59da5c,221,
2aab5e0c-73ac-4706-ad40-2741d48a491c,d91af416-dc4e-4eb9-a8af-1a330c69a7ab,222,
cfec9662-b8f5-4c70-a0a8-7fd6bbb6335f,aa67c77e-64e9-44ba-8f7a-fbc720324e32,223,
36b5886f-49a5-4dc6-b004-12f4ec7beab7,f0fbf743-fe80-4a6c-a843-376df995cea4,224,
88552144-95bf-499b-b2a3-66f43d40d151,4a57cae8-227e-4959-b030-84c39b6c27a1,225,
469c4d4b-a7ae-4fa3-a1fd-304dda5ac14a,0a6e0bb1-373b-4e83-b989-1da091ffbef3,226,
e255d8bd-2f72-4a00-8dc0-f31bcbc473c1,05b4249f-7eac-44db-84c6-53291f90bd43,227,
111c38e9-429e-48a5-aa2e-b60b490ce8cf,465d3d86-ce79-4f4e-8780-1d3073fd555f,228,
970ed499-36f2-40df-b19b-cb5c929d00fa,0a97ce94-0d0d-4955-9ef7-3b8060d21237,229,
0171de93-9e2a-448f-8804-887369d44590,4fc42e7c-00ab-4b71-81d3-6ddbb1328512,230,
ecf308ce-b109-4150-a376-ba166c8d1b02,591526aa-46f1-43ea-9420-1ffbaca01b92,231,
e333936f-0ebe-4661-9f8b-3c5e87ed6047,61c955f7-3bc9-437a-8fb5-a7b32480c067,232,
b871ec85-6db1-4de0-b671-044d70dd1fd2,8c356ebc-eb26-4421-b6b2-e650ff7fb57b,233,
38b131d8-1dfb-49db-b301-f0a500d791f6,99e129c4-8f95-4863-9e34-e08b78ae229c,234,
63daf8a5-f7ac-4f0c-a899-a086d4334017,54ae14e5-9e42-412e-802b-84d08975d743,235,
fa98b952-893c-44c8-be76-b1cb10ed2304,9dabbbb5-16fb-4100-9bda-a066a423ffc1,236,
29d5cfb0-2e77-46e2-9369-3d9eeca9ef0f,43b34409-eb28-47a5-bf8d-10d2bcb996f1,237,
40d5d98a-46ae-4a14-9ed9-08d5a4fe91d9,b31b7598-b4b7-4864-9aef-8c42f4fb01fb,238,
35461fb7-829a-4ff6-98ea-b567f7393b17,c2dabae5-9c69-46c3-8474-f734575cdbbd,239,
abe3c8c7-f0b6-400b-8e7d-772474e3ba05,53b7862d-b862-4265-9433-6011bea49f41,240,
93d033db-a2fb-4439-bc0d-3c38bc2f2385,8cbb2c48-da7e-4948-882e-cc2bd0016ee9,241,
364fbcd8-ef26-470d-a671-6503a4cb926b,57979e9a-025e-47a6-9785-edde63c92216,242,
b9feff87-88e9-4b10-ac7f-5060ea7b9cec,139f436b-6599-49d7-ad91-19dc8179a150,243,
b92b8bb1-608c-44ea-b952-54a91705c124,3f40822c-c58c-411e-a665-fb7b4f305350,244,
8527cf91-2ffc-40ea-a624-b4c20befc573,451091df-a36a-4ad2-9581-311dba21fcd2,245,
f204064c-543b-4fee-80ff-1a0b5782ef54,456f28d7-1fa3-4716-a0d9-2557523ceb87,246,
901e11c9-6844-4542-8017-471fba10b918,a46dc768-468b-4e2f-ae54-1db158225d03,247,
ebb6f16e-acaf-48cc-8e65-7edb115b38fb,c9648df6-a768-420e-9cd3-243a57f0f530,248,
e34b1b1c-5e42-49a9-a5a3-2f24e7f7d169,b86a829c-5a08-4423-b059-a410cd5d4430,249,
100748d3-234a-4a39-aaf7-0cc0fad31f49,ced5c6a4-b701-4a22-b7a3-16781dd2fc33,250,
1ddf9ac0-5772-4307-9050-c0cc3810cc5d,492101d7-95a3-44c1-b983-f3d2a10aac00,251,
d8990136-3e7d-443d-bd43-c32971a42454,a018d1d4-dffb-4158-b706-4890d9fcc776,252,
24bcc17d-2d67-4222-a35a-657eff691d25,fe28f9ff-09d8-4e54-a9cb-0bd598978267,253,
f3eddc2c-854e-4d37-ac6c-50ec59bd6582,4dc86524-07c6-410f-8ad6-5cf2535cc394,254,
b6b094fa-c17f-47bc-adb9-33789007e9fc,f199c2e5-a84f-4640-8fdc-cd171c97651d,255,
e561a0dd-fca2-4852-b510-e1986c230733,931112d1-556f-4247-84b1-a4a97fa9ef34,256,
6cadc996-cd91-4c7f-888a-cc67ef346edf,eaed59e4-b08d-4c67-a796-034ba698a065,257,
37e69e8d-7b5c-445f-9d5a-b9d9e7138107,cb59e95b-e89b-40fb-a78c-43310512350f,258,
06e4a8e4-fa2b-41c9-8f6c-3f16392f5d3a,30481de6-86ed-43ed-806b-1330e957de2a,259,
73913f8b-2021-4775-962a-83a2043c8d39,b6f3df74-7a81-42a9-a2c1-4454b8ede4c1,260,
46a59afb-6d7a-479e-b87c-cb528821da6f,c339e54e-de31-471a-a34f-02321a49e0cb,261,
aa9c06aa-3e18-4746-949c-6dbb3ade7c1a,08ba96c6-7851-46e1-89f4-f2360edc1d55,262,
aba29ca7-a785-4105-bcb5-feb7349a0c77,0d57333a-be90-451c-ad71-999a51dcfe69,263,
4f23080a-de76-4edd-b6f3-bf073d08da22,fdca5848-3b34-4d47-9d4b-71c0b1e696d5,264,
49126eae-37bd-4621-a650-b315f162da1a,6b56217a-3b90-4ef0-b8a8-6df9081d2058,265,
8f3fbbfe-e185-442d-af56-7e0dabe131ce,bcb7f741-08f1-4363-afc1-e8e6292ba115,266,
2cc62b94-dd58-41f3-a85e-dfb6349f1f08,8d628fca-7236-42b6-af97-697dc0a4b0e2,267,
342b99be-8f40-471b-9398-1338c6cdf163,e20d4c19-1bd2-4e51-ba55-f416a5e6114c,268,
5e29c95c-9c30-4ebb-a73c-3776bd7a8029,a9c70a32-13b1-4032-a09b-3c1cfe09c4d1,269,
e684bf78-ffcb-4c04-ade7-9d56708c366d,f4ef7a05-8fc3-4151-ac0c-cbcbbdbd399c,270,
0a46098f-c7ae-442b-b462-f018c853e099,e1bd8171-3a72-4cc0-8b32-fc68f1d1d904,271,
80a59455-8b26-4fb8-96ff-30eae2b59475,5a1eb70f-720a-44fe-9a35-e9df68eceee4,272,
2958c885-783e-45ea-bf47-a1023f663409,a34ecc41-514b-4260-9942-f1805148e259,273,
ea3e94c4-7f60-4be8-ba5b-4aa9f6fb8f7d,b4794384-46b2-4d28-b8ae-322b99db2a2d,274,
1b951c0d-552d-44a0-9c34-6e0916969a9b,bf2a8b03-5051-408f-873b-6cf190c40b61,275,
787fff79-cdf0-4fb0-a365-019eace38b2d,d493b37b-40a5-460d-8a7a-3ca20cc2dacc,276,
4f201997-9cbe-4f84-990e-afa78b8194b7,be64d446-9c27-4f12-84eb-4edd1261eab4,277,
8d9a3ae0-f49c-4ff8-97a9-0f17e3baf953,15b4c935-f635-43b9-98c4-b5f7aa97a8bd,278,
4bf8b457-f660-4d37-b649-dfa1fa55dd05,614c55f5-443a-4bfd-966a-9bf121848d0b,279,
9e6b7f88-b645-4ed8-b24b-fb025d1ee1c8,e2626818-a613-45e6-bbc8-bef8d80651f7,280,
9376391c-f189-4a9a-a6a1-c645269d03b6,eb4c4eab-9c74-463b-97d0-6bd5977fbb39,281,
d8a1f530-7b65-4693-9234-b0e9ffb3e4ac,4a96bdc4-e50f-4d33-86c5-1c726bb0d1fb,282,
837ac409-0046-40c6-b655-51915efdee82,de2a49d4-a950-402a-a0e9-eff3eb45661d,283,
3356bada-1d75-4f69-a45c-28cc2e180eda,3d5be61d-97e1-4f4f-8eae-6a36896fde6f,284,
2b140620-47e8-4bb7-8b48-d452ad3ee161,7fccd141-02aa-4b97-8423-bc0dd98a00f1,285,
fc2af0ed-461c-4471-b487-15027061309c,d0b576e1-73b7-4c68-9246-8006fdbe7c14,286,
170f159d-efc1-4e38-967d-79cd56702b2b,80d7a77b-dee7-4126-83e7-7b0750851df9,287,
e40897e6-a42c-40c1-9fd9-e59078f2b6a4,f8aaf0bb-0239-4d64-945c-0a7564516800,288,
d241cc0c-5196-4aa0-9c16-59fefde1912e,07e3145f-2808-4925-a58f-d60a2830edef,289,
cf96632a-9eac-4264-a102-7df51a020ab8,a3a78fa0-9480-4834-85e3-1c6ba5a3d6c7,290,
16344d5c-caeb-488b-afbb-844145d70c5e,5f318edf-96ea-484c-8a12-7460284461db,291,
4187213b-d275-485d-9d60-6ad274bd6eba,79feb2e1-1f82-4c0c-af63-5fa81d1d0baa,292,
89cff8c7-0f7c-4d83-9cc7-c89950a338fc,a04da643-da83-4e42-ae07-76687c9e2466,293,
31077518-42aa-44a8-a2b8-26e1b215d0ef,397e60ca-39df-42bd-a32b-4cc6000fe6c0,294,
b763e6ae-8dd2-4174-8722-150d38ab4167,dc2a1a90-a1d8-4f94-b3d5-bfd7287d94e5,295,
4955b2b4-0b65-4590-abbe-724c52147f3d,5313a637-2b24-4f89-afe0-5993bf4d32fa,296,
b7cd356b-8343-45e0-b0e1-7095fa1819d3,3a584aed-db05-4ee9-98d6-2952c3a8d790,297,
62c894a6-4978-46dd-9d39-8469bc31a1bc,b5cc2d63-9297-41a2-b1c8-ebad5ef4b1a7,298,
710d70ea-0fef-498f-8aae-090a7b4ed0cd,29ca4daf-4984-472b-bd62-42451eaeaa0d,299,
27dc8027-de33-4418-a813-d21c803566be,4f01bede-db06-42d4-a6d3-93c7fc653c71,300,
c97feadb-edc5-4f94-812b-f427d6461bb8,13bc87ea-cae7-4014-bad5-344d17e63a25,301,
885714ca-7a7b-4439-856e-e01401cd0699,807a1b73-64a9-4cd8-a095-784520572806,302,
09679f80-0363-450b-bf52-b85be39b241f,576992e5-46fb-4870-978d-dba5328a2efd,303,
4db0c60f-7d96-43ae-a79e-43619d22113f,6046ea34-ea05-449c-942e-18ef7cb351b7,304,
98498539-11f8-47bc-bdd1-c45bdfd99985,37fe9a26-f59d-49a0-8d2d-9ba7473cdb15,305,
5272e6fc-fed6-4fa8-9713-f26bbc18cc09,b0dcb415-8637-458a-ae0b-05409043fcf3,306,
898a06f3-3754-493f-a685-3200ac4c5a7c,44a2a07c-ae98-4340-b0af-0aa0a60dabcc,307,
c5b4c3b6-4aa6-47c0-a8a8-32658cf2c45e,51561ef0-03a2-4914-9ca5-ccde81dbedf6,308,
c902036e-4a8e-4702-9bfe-cb4490393421,27e09c5c-bf95-4f32-860f-3bfdd0c8fe17,309,
df3d3d91-ab50-4aee-9b0f-211a4d6d2c80,27697847-2bf4-4be4-a56f-b8d5db1450bb,310,
c995f196-f013-458b-84f1-a85f4895b9eb,56c7d554-cfc3-46cf-bb84-42cd3f37fc2c,311,
a7242480-44c6-480b-b5f6-eb298e1e73a6,f48ec00d-d651-4424-8eee-378d07ae69fd,312,
c4132229-fa82-4f11-a2f4-38b6e07ad040,1eb9d005-484f-4b81-b5e1-fb139b379dc6,313,
b5076837-cbe5-40cd-bf47-aa823a4b4c28,73d3c927-f998-41d5-9cc2-a75a26e952c3,314,
1b0598fb-3941-4d87-8c4c-31dc1e624c57,7ec37885-db95-4f1b-ad2f-843d33f1070d,315,
db06063d-362f-4714-96a7-7a2d08a6838a,24c83297-8aa7-4e5f-826b-0ea774773528,316,
4286701a-facb-4150-9f52-5cb3daa7945f,60799af3-3d0a-4076-b229-1ee1081fb417,317,
f4e83fab-9472-4f30-acaf-29c3cd73cb6d,89016793-af20-43f3-b2fc-d2541022c3f7,318,
7da71bf0-36b8-49e5-84b9-8a3dd2a98d14,8f0c60c4-da9f-49bc-ab9a-b2d87a8c756a,319,
40b70675-4739-4c8b-b668-1c9e485a3d8f,f8899a20-6a80-4a40-952d-27c23fa90468,320,
40d8b0ca-ec47-4869-97a3-5261a96ce2c1,e10af952-b71d-4cf0-a345-a95955c4822f,321,
946a509d-0083-49d5-a0d8-777b44a2ff3a,db2fae92-7fe0-40c5-aff0-82c75dce92ff,322,
9c9a7a85-e4bb-4665-be43-0dda72a9bdd9,846bdd21-fd05-4559-ac63-f8f22aab9050,323,
25a8889a-8ee0-4745-897c-9624a06db7e2,57310e84-d20c-49d4-bc12-75e6ffd3193d,324,
6b3cd16f-24cf-41c3-9dde-cd39e67f0891,5cd100b4-7f7d-4fcb-a70b-593640b8ce0f,325,
8321bb25-9ca0-4301-a9f1-61174a6d93cc,d58d1cfa-ac19-4e83-8daf-1885d29cc07e,326,
6386cabc-e673-487b-841b-4cbe1aae86e7,79fa4f11-cda7-42bb-9424-5b8124f3393d,327,
543872a0-8e30-41f6-88f0-f9f4b2a2eac8,aa8f8d87-384a-4e25-a9b1-d00641e9b0b0,328,
9f1e555c-5814-486b-8fe3-5af79af14079,046f6cd7-a30d-4ac6-a8b7-7039c3deb243,329,
5c522eda-b266-416d-ae8d-1535850d1c1e,7367df6a-5958-4048-8401-058b182192cb,330,
35c05618-8dda-4101-8af4-77d201322aad,97d420f8-b0ce-45c6-aef9-a8eb8a2fbfc9,331,
6800e6d7-2fab-4f6e-861e-bac5d8caf901,693f34a0-c7a8-4085-b2ae-132ae0d7ca9b,332,
0eff3ffa-f283-4e0d-bf30-287d3c3949c0,aee00de7-0af9-464e-8161-3738af012612,333,
75298228-7ef2-4a6d-a22f-d25e1f25b8ae,4c64266f-db89-4ff9-a29a-6b9b7639c7b0,334,
7cca26c7-9b56-4d94-af0e-5f0df17ef7ac,6ebc5304-43c0-4eca-972b-05a50e9a3c18,335,
c2d13442-da98-4aa0-a319-b87f01afbf8e,26fed84c-e337-4cd2-84dc-142224500661,336,
fc77d8ee-5ebb-4473-992c-310e42d2cce6,ee397f10-ad04-4db1-a82d-6dbfa429908e,337,
c4cbc5b2-1f58-482a-92e3-080cec65d89c,5ac67257-96da-42eb-9dbd-67242d956d43,338,
bc12c571-ba21-4008-984e-1e7464dcfedc,97d18698-3528-4eac-9480-252b6382c7d1,339,
0c1169c6-cc9e-4161-8da3-043ed245a0ae,a10d244b-7fe6-47ff-820c-bf0fbb1f63d7,340,
152cc72f-decf-4b99-8542-0f9a5d0899f5,786c26b9-0f7a-42b7-8858-adbc36b9b393,341,
7472b174-0f83-4bc2-a853-106e8436b4d0,c0354f25-8a46-459a-a1e3-67e8d2953583,342,
51313677-c93e-433f-a01a-65fcbc2d395d,682376da-1b31-4747-a359-d6eae53b4636,343,
92722e33-002a-46b3-ab81-9ed019a44094,2cece376-dcae-40c2-b294-6eaaa6bcd37d,344,
2e9b979b-daa9-4b5d-9233-15598c164f40,6112e16b-4a83-4a74-be5e-19bc8150b724,345,
5e65b0f4-b76f-42fc-9b57-fc17d59a31d1,e6002976-d5a4-4b61-a32b-f2604541722e,346,
91801764-8333-43b4-95b0-54045eb944d7,a7ff843e-3ae3-489f-abab-03163a4b1de2,347,
ac1213f8-bb01-4217-9d7e-a05402fb098e,ac9e6d63-a41f-4105-868b-d1182c73e966,348,
4de47212-bc4f-40a9-99fd-3c6d0dcb62bc,cd578449-3a40-44e6-be87-b28b52ede1ac,349,
8b3375b4-2f01-4179-a117-749d5b4bccc6,4957102b-1ffd-4fdf-b46c-6c5354df2099,350,
c13f8f22-b02b-43ae-b4d3-4b9bf3b63188,29ce9c82-1802-49ab-a4bd-40e0c5c12993,351,
168b46c3-4768-4456-9e16-52e9c5e9cb7b,c810e413-ec5d-4154-82af-24e86b32e4d8,352,
b855f220-6be0-4a3b-b914-91ed950ca998,fe8de5e6-86d9-4f9a-a2e4-dcc4373a3911,353,
d09f5546-efb3-4254-93fa-a446bf3c734d,e3ba90b5-b946-4619-84a8-7440a65b1da6,354,
af1a592b-35c5-44fd-adc6-fe62d665ef07,133da74c-4a00-49b5-832f-31a636658d52,355,
00e84e0e-54a4-4c35-856c-93827dcb8769,9ac44bf1-5e92-4ec2-8fc0-821ff0cdcd12,356,
74b766e3-21d2-4239-902b-bb68350943e5,5a7193b1-3999-43ea-b870-2965af80bdd1,357,
039c1311-4086-4837-b648-77f8958b3891,09c3f1b9-17d6-4af5-b7c8-a7196410e72a,358,
8a4b46e0-8443-4718-8d07-0ec9a6c9518e,806a9285-c46f-4a95-8f47-add4e82bcec5,359,
e954320a-827d-46a8-859b-390dadc5c4f1,7a0394a6-ffde-4d0b-95e0-8d005209f1a7,360,
41ae3150-36ae-4d82-bd57-6d8192aaba96,2c106af1-ea13-41fc-afdb-2741f526fa3f,361,
e95224cc-c334-4e73-a559-ebf44640e7f7,cd92dca7-7acd-4f4e-979f-2b1c73905cc7,362,
7c51499b-9764-4cec-a2e6-205d63a4d459,cff2adf6-7808-4d0f-aab3-6bada1978d93,363,
90bfdd7c-7712-4203-9852-0bb5860f4acf,9ae567b9-289b-4284-a89c-d50046783a52,364,
c66a2f14-ba73-48a7-9016-294f0e5f38a9,843b3136-c08c-4bc4-be76-591674d1dc3b,365,
9bf35e2c-297d-4462-a41f-8517f8f1f8e0,47202a48-f198-4cdc-b86c-704ffdfcdba4,366,
cdba58ef-459f-4b67-a549-85928a97308a,fc6f80fb-4e6f-4c75-bef5-5bc459757d0c,367,
689b2f89-334d-46f3-ab4b-4bb458ea5cf1,2ae880a2-e05d-4c51-afa2-e1eaa76f91d3,368,
f2c596e2-3e4e-48f9-b38f-a10f28cbd281,eca75a4b-7da0-4112-b056-7357fcb8f181,369,
55c549de-d510-47fc-bde3-4397901bc053,edb2c0a7-01db-495e-b9fe-3a8865d0d634,370,
dcbc1eda-032b-48f5-8747-e11d014dca9c,3ab2a126-41a2-49c0-8574-13247ea4988d,371,
c88e1cc5-7f93-41c2-bf74-d1dd339e431b,fcbf35e4-e9c5-4870-b838-e30631c3573b,372,
0bb619ea-22a0-497b-af8e-6aa4b8dbe03d,8e059d8b-9d99-4af8-a393-592a81d9ded5,373,
75d9f9b6-14ab-4774-a102-8c9c1c81fc1d,daf9a12f-439c-4a3a-8535-9f435661a020,374,
f75a644b-8415-40f7-b1d5-b643825c6b21,a74edb82-a61e-4c67-8ec8-aa1e0070193c,375,
0c4861e1-144c-4a30-b82b-029244fa2fd1,af39d288-c0ce-4b54-8cb7-0bb88a6966d6,376,
659cb19c-21dd-4ec2-a519-a2bd0115b6ec,5a1c37ef-cd63-4cb0-9033-ee77e994e1d1,377,
715fd2fc-c44a-431d-8bee-a9ae2db7906b,e12449f5-c566-4e4c-bec4-d9263c5aab04,378,
8e106e83-48d5-47fb-bdbb-8f90d362d3b2,ce96edbd-ee25-404f-8bc1-9524edb5f783,379,
8d006041-c2d8-44ac-a2dd-8d3b471aebae,69279509-af4d-4759-9b2d-37c2fa37667b,380,
abcadbf6-6781-4dc0-a44e-23f4b44c2d45,ead7bb00-3095-4b71-bba2-6ffa440b6dde,381,
1dd72472-c869-454f-a9da-ada1477fa5b3,1b43eb29-b7a8-43ab-bd09-325d423b071d,382,
c6c0b0d9-8c81-445f-b8a6-3a83e121afdc,af076a60-913b-42d3-974c-0b264d67ac94,383,
fdca2de2-6ba1-454a-87ab-d82f576d5003,1a81a954-6d71-407e-be91-43f47ebca5d7,384,
8c6dec81-fca2-4f24-9e14-73c2d2bb5c33,f7ceef40-56ba-43d1-9a0c-0200301f47a4,385,
6f69c0a6-9c18-4b6b-8b11-9ac98b385339,59a0135b-be70-4896-9ac5-caab3a48a961,386,
cce9da7b-c498-4ed6-81c3-0bf470f2c081,06157091-5b5c-4f75-bd3d-285b70933f8d,387,
1274f20f-1bb6-4cae-8833-5243e56930a4,9ed9dcde-4046-413e-b226-1efdefbe2068,388,
bcc7134a-9a4d-4a94-9092-5b77a3cabf77,bc2c7937-831b-4d5e-adce-d61271bb85db,389,
68228015-afe0-4d3f-995d-6e6af7c00827,ce131010-03c3-4bc4-a63e-0fc87ecd2af5,390,
265454a4-d31a-4229-b04e-009da7007406,3f0facf3-c43a-4682-84a7-d51ce7457c93,391,
e9794965-13fd-4292-b399-53f59bca66a9,90062299-78bf-4b7b-8413-acd566c51344,392,
76cdc67d-8de3-4ade-bbb9-3bd5abaf8c61,6e5a218c-e4e5-43c5-ab61-317362193ade,393,
b9e937f9-7050-4d3a-8a3f-ce7bd6f4273f,7cd82ae1-dce4-41ef-adfe-cf4651302f7f,394,
d5585b29-b7ad-4d7f-8b90-c8a4dcaec493,70de83f5-e721-4303-bc38-37fe48efe0c5,395,
6f67be66-917b-4a48-908b-7b97c1d08f68,45745136-df66-462d-86ad-aec0536e4ac6,396,
67a7cdd8-d3f4-4205-9dd8-e6427ac5b0f8,6c4ee5e3-3bdd-45c1-878b-f492114c9c63,397,
6ab27552-1bf9-4d8d-96d0-0921821a6ff5,e0f940bb-9191-40ca-bd7f-58baf84115a3,398,
a7f9ad31-6d93-4687-a0a1-b2962856b64a,57fa1e78-af82-4a71-8fd3-593a64520b74,399,
da2cd2be-3be1-46c0-a1a6-331ab94a4e81,3024f607-659a-4622-b149-378ee06c1aac,400,
f041f5cf-3b85-4716-871f-e70867a88b11,2708e7e5-93e3-4fa7-a011-41f590fa6fb5,401,
cbdff220-a4c8-4a72-a8eb-fce73f27bcab,eddfd72b-5223-4c61-8a0b-69aa8cf0b8e8,402,
a669fec6-d663-4f2f-9927-ddd443c88fd0,2fd0fa98-c3da-451c-8a52-ddd1c50601de,403,
912178b9-dcb0-4379-afce-42f956caade6,20f9ce43-1a72-4570-90c0-c08abd031d2a,404,
e5116f25-178f-4108-8e74-31a798f241a5,00545c7f-26f8-4a0c-b1ff-daaa3a70c422,405,
f8ab8b00-c184-419c-8509-1cd009e9a3d1,b88f1a1a-a53b-4b7e-bdd1-f8ae69e97d2e,406,
e5edb2c1-05e3-4d21-86a0-afe1e33e9654,4d2edbb2-8685-4f7e-ae08-153bda83641b,407,
673467b7-b53f-4767-9a9e-e55d7961b6a1,b919a5ea-8f61-40f2-9723-191f973646f1,408,
3c587013-f9f4-42ab-b143-6932c3db2ff2,a54f162a-1fcd-421d-b0ec-3da214803cd2,409,
130e4c12-e21f-4c5c-949f-c3094f4cefd8,f6b3de53-05bd-4d8a-89bf-eaf1359fd5a6,410,
013a8abf-534c-423b-86a6-f68e8a833699,a78efca4-1c35-437b-86e6-8c8a7d0f591a,411,
5ed2b903-2679-45f5-9212-80678658e12b,71ade1fc-14c9-4db6-8e27-57606593bafa,412,
80ec05d1-fac5-4f4c-bc18-bf7241f79b7f,e0a20897-a3a4-4a4c-bd5d-c5fd71dfb7be,413,
3d1db3f3-1f4e-4e10-b17a-696e6d8de234,81267e7c-1da9-4a47-ac2e-9724518daffc,414,
88241bbf-31b6-4813-8412-f7eead42abaa,d85750de-d7e1-475b-9259-bab4026ecfd6,415,
b3cb0df5-ed7d-418c-8f4e-f18e3413caa3,df5ee732-4e12-4b98-a8ef-9f2d5fa212dc,416,
48991d72-98c7-4dc5-9f16-ad51c5125a6b,e00fa015-9e94-483e-a3db-7052aab2c5e4,417,
c603a122-faeb-4ecf-bbc1-d608cf8c40da,8d5fe99c-0d14-4d53-a5e8-2962cb59a967,418,
cbf2af3a-d6f1-45d7-9c9a-0816473b9f78,4958459e-317b-4578-9882-dceb01e544b2,419,
02d00aad-569e-4e04-b949-17d8f0243034,e08ad970-af07-4df6-a672-d65f3290b92f,420,
0ff0e704-43bc-49dc-b2f0-d97f74a8b208,4cac3d13-b6c6-41c0-b11e-d47c20408eab,421,
579c6a74-1c54-4c7d-8502-0648a2d957d7,89048a0a-8144-4a6a-bc4a-915a6b08ab01,422,
0bd75af1-9e94-4a39-8ee7-37108e3b85b6,d6de7ebe-f326-43f2-8a76-06049efae66d,423,
d48e2e98-78a9-4b66-8850-750369e9ad73,8d5e2270-c9bf-4654-a621-f94efe32f0fb,424,
adaad337-d735-4061-a942-2b9cf6873a1d,d61e2eac-9696-4a31-b8f3-ff5f686a0988,425,
cbd47868-cebc-487e-bb1e-f2af863f102d,2d84fbd3-3604-4ff7-9c78-f6dd6b489a7a,426,
afc4bab2-a1d7-4e98-9b95-138415851cd5,95c469c2-d070-4876-88bf-bf1c88824c5f,427,
1de582c9-cb6b-4b86-b702-3c79072095a6,97633dfc-9aed-40d2-9b81-1c5dedee0184,428,
7ad0f783-9af7-4195-af8d-c1b2532693b6,5679479f-db7c-4239-a852-16cbdf239abf,429,
8dcb076c-7102-4a40-a826-1ad7b1cd0069,a1863f23-30aa-4d05-98de-512fdaeb79b1,430,
240871d0-eb9f-47ef-94b2-aa1c6e85c055,facb2c8b-3bd8-480d-a020-1de1458a2eb4,431,
dda59cba-6a54-4013-9a6f-89078df9ac91,7f01b61a-0ed2-4be6-aa11-dd5aad7d1758,432,
0c1c2645-48b4-469a-8fac-0c8a13b0b2dc,58d349fa-d7b2-40b7-a9f4-be2b4e725811,433,
5a9a6c6e-f2d1-46c4-8d1c-f236390092b5,b3139907-4626-42ee-9a0d-28875aef8e37,434,
4832eb2c-c8e4-4743-8fda-c612afef4a02,b0a8c3e4-1915-4d5b-bbc9-64c1f8ecb791,435,
118cd732-2e08-4b84-a6f2-30c2d19b1f10,55d09ff3-3d44-44b6-95f7-ab474c8b6013,436,
215fdb7c-e36b-486b-93f9-925e514d7516,825a7ddf-0df5-4292-a498-bb239bd91a32,437,
8c256bff-0b63-451a-ae4d-80be69b3e455,8813f893-b6b3-464f-aa14-2bf70be5d8ef,438,
41902a7e-0172-4fd1-8a4e-6d2f40bb103e,02dc71f1-6835-46e7-aa85-0745d55249ac,439,
73f0763a-b4f0-46e2-a0fe-f8fea4737828,ef7d500a-bfc1-4aea-b898-3ad903ec0dee,440,
1b171212-1c24-4d68-b196-1945161eaa75,50792758-8f13-4aa0-8e45-9f4d33d05767,441,
fc5bbe29-ddfb-4d28-af66-c03adb522564,9b9009d2-bae8-43b6-ae23-cc2050da2b7b,442,
f35c3d67-ca16-4583-9028-914305bd9513,2dc6f825-1970-4435-8874-9bed5d79ef73,443,
75183e53-6efa-4bf2-8c00-632cdc3285a5,ddb8a862-c05f-4a40-8ac3-c24162de7e96,444,
ff2e3c8f-b63c-4e29-adfe-2eea9cc3e2fc,68db5e1f-e0b2-4edf-b20e-1ab3557339dc,445,
c735a7f9-cf13-4ef4-ab79-cf34532edc3b,fd89fe98-e300-4b8e-8111-cd51b99bf690,446,
9c1ad938-70a6-4392-97d6-aee80209efce,c7ba9d71-7837-49ad-b230-37e7735e1f37,447,
c3281bd8-d98c-4775-814c-c0054016af33,29ddcd8f-106e-4de8-b2ec-09b69d33c52c,448,
32c20547-4a70-48c3-9969-97ce8dccc231,aee7e81d-73a0-4d5d-8fa1-f10f0aedb8e2,449,
aa321820-5bce-4e79-9e17-3c0ffdb721b2,7f652971-cf2b-4b84-9dce-a98d9f2a7fe2,450,
340d8149-c281-4586-b810-3a3dea13edb8,d3ef557c-a207-49ea-af0e-d0f3455f7919,451,
7e4853bb-0311-4456-9ad7-7912ea7ec4e2,2d60a3ed-fb32-47ca-919d-9f634f926f20,452,
2aefc6b5-8efe-4a9e-848e-90102c04d419,441be44a-3b75-45b4-a90a-6cd5d3ebd01e,453,
e647084b-5e07-42ba-a28a-2692b062f2f2,a57c3a88-87d2-4d89-910b-00bad6810404,454,
3ea61f72-7332-4810-835c-b466b448e03e,b491fa66-ea5b-4ea4-80ac-81cfb31718c5,455,
a6249a12-61ae-4965-8a19-f46b0eeb481b,34e97b1d-141f-40a6-9e37-af37ba47de76,456,
f7f00e5b-1157-44e1-a9a1-22d3457fc8fb,b1da1c8e-5a46-4538-8566-a02e3ea616d5,457,
ed01f8d9-d65c-4395-a6c4-e0211181741e,aa10e99a-670b-428b-bc3e-8bd91e5aacd4,458,
1b5abb2c-98b3-4cc3-957d-47cfa7d3981a,7df71f34-4729-4f04-a0e5-8291bb5c6107,459,
7aa4b155-c645-4ea6-b20d-96b3bdd2efe2,728182c0-7c57-4221-b210-4aa0ce7fb501,460,
79658597-057e-4ab2-99b0-54539f5ac886,8cdcdd79-59b1-45ce-9008-9facdef9f9ba,461,
4edccdaa-4749-4d26-b4ea-4d1cec6f7d82,fc430823-1027-4bd1-a37b-be03bf0fd820,462,
80d08dde-5318-4ac5-90fb-6fd39b99fb6d,50303fb7-e59c-4f82-ac6f-89026f03a88c,463,
16c25858-0860-4ed8-8f7c-7d9f960875cf,1b7c10b8-8a74-46bc-8203-ec8f169bf72b,464,
a809d0f5-b7b8-4f65-b3ec-1b5e5e0435f9,67beffee-8dee-4275-9495-aafa7a04458a,465,
06d222a2-aeba-4d6e-9274-e5b090ccec31,99369e41-ed38-40c0-80ea-b9bf8de823e4,466,
ad34bd2d-b5c8-4598-ae5e-48a4540b9ce6,c4ac66f6-afef-44d0-86e9-51d85b2a0fbd,467,
fb1391ec-5e65-4eae-8066-6b91d30a685b,7d653050-eaee-4d82-8217-fb63ab24a3d2,468,
d013fe45-b153-463a-a714-adeb224c087e,e4639dec-6ed6-4888-9596-fe5cabd6e117,469,
81a79ad7-c815-49a6-8e95-89e27e5dae6d,db1d009e-5ccd-4358-8344-022ceea3f15b,470,
a6d05d01-0a52-4007-bc1a-3a79386a8b29,418e3c58-4a7d-44b6-a3c1-9c514ff7f9b5,471,
05faa781-db7b-4a76-a4a7-22d7568c1fc4,ebc6c4e1-b8fe-4c69-9034-25b12e1a4008,472,
b35f00ee-2fce-4825-8c43-61fbd2bd14f9,51e8d47d-809a-4538-86ce-e226b43ca143,473,
3d0e60e0-7824-45d6-bb57-bc9b1747002a,0a33148d-032b-4c4b-98b0-68822de9865f,474,
c5e9a241-ec3b-44bf-8d09-b41a124a211e,a5b21d2a-2b5d-4802-b803-7bf0e3bda6ba,475,
195268d3-1ec2-4526-bf55-b56d27f9cf84,80f49114-d609-4e0f-9872-32415b0d1eaa,476,
c69934e0-0c12-4bbb-ac64-42f770ff8798,1d026c57-349a-4bc9-93ec-719c5a4910dd,477,
dacce06a-d269-42c4-8c73-c5ec388a17ad,b86b93a2-08cd-4df9-9789-f0b21870481a,478,
a2664b60-4fd1-40d7-8dff-9f194b1ec63b,1e19658f-c37d-4f25-89e9-fc372f500a44,479,
c3387eb5-95ce-43a7-b752-22c0f9b80be9,e8be08b1-bcc8-4eb3-814c-def5f360d31b,480,
9d3406dc-0f00-44f2-8bdd-c789d839c3c0,56b89a1f-ee97-43b2-bee8-f0ee53ed015c,481,
61d8d664-ebef-4a1f-975a-f3ef9f8472ad,2880f303-b7e3-4317-863a-d7f3b62fb088,482,
58822c59-8ad6-49c9-a1cd-97c259272261,93557565-ef5b-4e61-b8bd-fdff876384e6,483,
b60bde73-24c9-4ac4-b549-1d0e512391a8,cd5e93a4-5f4f-49b4-950a-6ddb5a2abf14,484,
bcb5f56a-825d-4359-83a7-5f7519f38e2c,88887f6f-b377-4394-80c9-b1c26bd22950,485,
dce7bce4-98b0-41b0-b53c-14e0e5c557c6,8605e1dd-9dc9-456b-888c-6f91a17f4c6b,486,
2a0ffad3-5c9a-4ed4-9958-a1dd09b2e779,40e959de-3784-4781-8945-596e6c26642e,487,
068a347f-91e3-4464-a0dc-5b85fbfed598,e0e22f61-17a5-4a8b-9e28-ccae30106114,488,
fe107e26-eb98-423a-b12f-7bd59146ae93,59ebb9a2-850c-435b-a6ca-9f4d63052d10,489,
1be615ea-de35-49b1-9e7f-6ed3573c91df,d582e369-0989-46e7-a51b-660e8a1f3104,490,
296c60ea-f386-48de-9b6e-81dc4e0d3475,ea4179c6-ee4e-4050-a50a-6c94f82666d3,491,
1627db46-1e72-4c34-8d4f-1ce702bdc5cd,6b96d691-f882-4526-aac0-b4562f9dc2b0,492,
d49bf96d-42ac-4152-bcd5-40ad954d6de9,b9868c72-2ca8-41df-abf5-6a7e738a8e1d,493,
21487fbf-7e98-45c9-abe6-5afc19310b0e,70a583a5-e14f-4a86-975b-b03282e1f1dd,494,
3d9bbc8e-83a3-4bc2-8e08-ed2e420687ab,dc9e160d-cc9f-4b8d-a7de-3abd5212de7a,495,
cec1857a-0676-4c62-8e84-efbcee3f2a38,9daad814-d493-4281-ac64-bbf8dd78c381,496,
48458621-db2e-4ae5-8d9b-12dba3d524ff,d8e0055c-e37d-4651-898b-774a5709f79f,497,
8ecc0a2b-55b1-456a-8c19-4413b21a1371,7bf5ab29-d70c-423c-b467-653354a4c386,498,
72122a5e-1ac1-4fcd-9ce1-a0f92eba3640,0d3f0150-c6c1-41e8-9b2b-c89db185405b,499,
6f715781-c50b-4927-8a80-d1f3f5d7e928,255f169f-90ca-4bc3-8017-2007b962d372,500,
bb6d0d1e-2c67-4065-94f4-679e923cf698,fff0eb22-3be6-4f65-9849-4bd2a8c489e9,501,
a00f7275-2440-4fd8-a068-deae45b85aca,38efe29f-1e3a-4659-8b81-c1f0886bb927,502,
03077134-5d10-432e-a668-1f3cb41edc20,537d3ebf-98b1-45fa-9a61-cdfdcc873305,503,
c78e56c6-58c1-4db7-90b8-d62c169dc47f,47b0eb29-adf0-445a-ac27-1a82a4ea3503,504,
5ca900f5-ba19-470c-b5b4-b26a3d13cf04,a0512ff5-9a65-483e-b4b1-06f290af5b55,505,
bd1546dd-0311-483e-a4f2-55402a22f693,a5b9601f-cb26-4d1d-8347-36f544ad4cf9,506,
1b77de28-46b4-488f-8928-bd654c47489b,4dfbda0c-1edb-4b95-b147-06d3a96b66a3,507,
be60c14c-0241-45bf-af76-ef0bc3d0547c,4657cebc-e7a9-4556-9d3c-a6fbc23c4c91,508,
72fd8fa0-59fe-4944-91b0-cf03e99fee09,7e7d3dfb-9610-41db-9867-1c753b3ef279,509,
e1498f84-c872-4a55-8700-aa73331c32b3,13301c03-76c6-442e-9f87-e9b83d779546,510,
68a2bce1-93d4-41e2-8835-9be40555186e,1cd2a786-5820-4403-bdba-12a3da1751d0,511,
559e840c-1570-4699-b96a-670f0f13fdc6,a9ac63e2-61db-48a0-834d-c4efee989ec1,512,
a70f3b33-1c95-44d7-bf5a-e83365072980,ee3724f5-c5bc-4720-8904-55b711d6d6ab,513,
9d5492c2-647d-44c8-877c-8e0d91166dce,2a68dd81-15b7-4d08-a67a-1d69665d49e9,514,
89f5c501-cacb-4717-a034-419f1e9ec5f2,88bd318d-67dc-4f21-b202-a9e3e4989f85,515,
d04cb0a1-90bc-4a82-b91c-7d9e0fdd7fc7,7802a525-4658-44d1-9d05-439787c90f00,516,
0d48822a-6880-4df7-b93d-d144970e5756,0e58609f-4419-4a77-a0af-2b808c25af8c,517,
40c6cc5d-fcc7-4dae-9824-82666c413b57,806bddb7-1f01-40e7-94b5-4bea569a399e,518,
16fbec07-64a0-4328-a575-61e3bf8a5f3c,08ee7b52-d2d5-41df-9a50-137f2dcba890,519,
0dd8655d-adca-4f7a-9d17-b339e446853f,6c5acd96-d63e-47db-867a-f7ac9f146768,520,
4fb85ae6-4a17-4850-b50a-30da1525c520,aa7010c7-39a8-48bf-a30b-d3934be0e048,521,
f60789f4-e0c8-4bd4-8920-16c4492ff818,a0b49d76-848a-4a3a-9a57-24f367862a80,522,
1bf97d94-2bdb-480a-8911-c72caffe1367,5155ba70-67db-416a-b20a-737b0c06c141,523,
d782f95d-3129-4088-b74a-26be615e6965,857cdf69-78bb-413c-80ad-0723ec8abef5,524,
199ca8f6-7872-4a5f-ae82-35a1b4bb2e60,70c415a2-829e-4ff1-92b8-64ef8efb61a6,525,
56cf96eb-6df6-4e1d-a5f6-338ac9e01d06,44b25594-84dd-4d76-be64-5336db3416c8,526,
442197be-c062-4eca-9532-822575daa406,99199971-ed56-4541-8b0c-fc389518d673,527,
788ec0b9-15f2-488c-88df-2aa64a1c52bc,d5c51b3d-93f7-44d6-9704-4dc289afd7aa,528,
44732bcd-e798-4e0d-88f9-e23bfcf57fc9,c1173c88-304a-4c8b-8015-0613059e50fc,529,
d3d5e49b-5333-471f-bd5f-5a4366e1fa63,e1bab3d3-0b6e-45f1-b1bd-17921457b14a,530,
cb32b2ab-ea2b-497f-b87c-488b9808feba,c42c0cec-107d-4db9-9f17-37b8d10ecc82,531,
7987b104-ef20-4f75-80b3-dfeefa329eb1,d48a9da5-0db8-4cf3-86fa-452b8dddf02a,532,
d76d6e43-330d-47f3-8e72-f932978947b9,a0e18d91-0a14-4c6f-b458-994be1390ac0,533,
da941da7-5894-4898-ab87-19df6e0bbca7,cfdfcbd4-24ff-4e63-9fad-dc2964186c18,534,
5f7f14d9-a064-4498-a8ec-9090f22e961a,2be3ba15-e82a-4b6d-b4e1-d0ebaa006295,535,
5ecb589a-cbb7-4af1-a665-39080ab1dfa1,1a6a6f3d-927e-4786-8eae-7527c1ee72f9,536,
02cb27b7-1052-47cc-b5a3-588e156ac492,16e13c86-965b-4baa-92b9-3da9ce7adb5d,537,
3d1c28e2-c13f-49f9-ada9-3aad083103db,bb2fa909-8e08-4dcb-8e04-fb33b08555e9,538,
ac00fbbd-7b61-4dd8-a0b3-8c31a97a9059,a96b211b-f4d1-44c2-9023-a40cd081f63b,539,
12c27376-b667-440c-8720-8acdf0b68a52,8953ee49-9b7e-49bc-9f6c-ebebb7d89eb5,540,
76b84132-c71b-42dc-b9c5-07468d13b7a0,8481de86-8a40-4a73-a4b4-7606a4a8478f,541,
61bb4a92-1686-4f4f-bc36-3c7b429df0e6,a89b0d4d-9afe-4125-81ee-58d7fb7bf2c1,542,
4f23f7d2-2a14-4784-8ef0-ed1920e6597c,e39ad5f0-d0e4-4db1-ace8-c6344dba3302,543,
525434b2-f978-4265-82c7-f469fe91f428,e511616e-a950-4f31-a19a-2f80bd3faa1d,544,
1809205d-37ea-4904-8ad1-4c5c017a091c,96584131-fdce-4fac-bdd0-439f7508a7b6,545,
a62aebc8-b6c4-4d71-8736-394f2e580797,d1b9b062-515f-4e4c-80ec-99565eee4971,546,
8868b2d5-47c3-435f-9bfb-4fd5f1a3f78d,a3eeabff-3342-454e-bdfe-f5ebac3f0298,547,
7014c050-e991-4141-b34d-fa8cb1f76a9a,319f62a4-3fa9-41dd-8bc0-df046499c9be,548,
2c0a6e1d-02e5-4aa8-b444-e6c6f1e1a59b,0fd542dd-a278-47e5-a924-09652e572d46,549,
bd2f481f-18c7-40a2-8656-774274bd32a6,d310af79-fd64-44ba-9655-b27387e89092,550,
6bd121a4-2b1d-4f05-86df-31984f9eefee,07a98806-142a-4f6f-beb2-12f2f6fcff64,551,
d1b7ad15-41b1-4eca-9198-1c92537bb00a,fe58060b-dadf-4c84-8dbb-d27ac95c28e5,552,
6fe5750d-a391-43f0-934d-6a0a1d25dc6b,3171dd92-49f5-4c60-aae6-9b420ce6f74a,553,
d91d5df1-58a1-41b9-b1a0-55dc22da207b,dfdc54eb-2ded-4379-a7c1-43f85d13fb87,554,
7097e90a-84dc-42b8-a350-7a1246c56787,5814697b-01f1-4c26-b428-b6ae7e4809d0,555,
ddf031f2-8165-4f32-92f6-95e69699b76a,068e1e17-9647-4eab-a43c-5c79ba215436,556,
199b2644-6d84-4914-ae3a-ff595e386be5,81c2be3e-48d2-451f-8b72-a64626021043,557,
1abb2460-0ef6-474d-b8b0-7f171dceb662,1eba49af-3e63-43a8-a142-f7d16504de6a,558,
7ebc7477-5d03-4026-84e1-dbd65a957d4a,f769e66f-5823-460b-80e6-b1db3ee4783a,559,
dcac2bce-114e-47f6-b4ec-da7f07bfeb18,63800df8-afbf-4119-9ea6-b7bda13c49f6,560,
0b133814-3165-4486-b0f3-50174369e9f2,a30311e4-8079-45f8-8883-0160eb6b608e,561,
0d387045-87ab-4745-8a78-2f2893bb94bb,c3c02c43-8abf-41df-8398-19da3050ea20,562,
ba63a882-5b77-42fd-9631-48fab47f8422,82f8030a-09d5-4e9e-a489-e15cf5eec984,563,
9471d86e-d068-40fc-a0a4-5b25093b54b0,1d58626f-660d-4a6b-b4ee-5c5e6f6a4225,564,
a3fff34e-8e36-41fb-adbe-5454e68ded32,83c29e49-1b3d-47e1-b958-20265e80853d,565,
36c62a32-5317-4c5e-8a23-940317d8c8c6,0bbcc2fd-cf22-4129-8489-dcbb438d1bfc,566,
4744f5eb-d279-4f27-8d83-45b2762354fe,ca30c2eb-9697-4e29-87c2-4e60fd9794fb,567,
5cee5eb8-0ba6-4d36-9fe3-bddbd0b9fd17,d53d0bf9-caac-4636-b927-e387f8ae385e,568,
7ba7fee7-0ff8-4dad-969f-5955869fccb5,06a57b89-608e-4d39-9d49-f329f9dd319a,569,
2f39b8de-308c-423f-9edf-d0ba32c7e42f,386184c3-59f7-44fb-910d-bcab37878337,570,
8caac420-d441-4668-8dc8-370a28274570,3d91fab4-b26e-454b-bdcb-e5eb8240cb1e,571,
7da8dbe6-71ea-4a79-ba76-c472852f853e,0606538e-c95e-45f4-87f1-d1ba05d41167,572,
1347c80e-a251-4d25-8d78-ba64583932f9,274365dd-23c3-4071-a8ac-71da0e0c5715,573,
e1ea8a45-a526-46f3-ab4e-ba3d5d03f5f7,ea6e375b-4d8b-410d-99b7-d9642c2c640c,574,
ba0c7e76-440e-4a8a-8c8a-3a9fe7b9da5d,735ef307-e4f4-4c34-8f21-4e48972928ec,575,
645460ee-3378-4151-b084-37fd22a762ba,b6ef5c68-052c-4f7f-b098-2579e42ae8ce,576,
cee32fbe-5358-4bb8-9e5c-e4882006df9f,3caed85a-3fc4-45eb-9375-361be984c9c1,577,
a7fbce24-5adf-4c06-b4bb-e0c8d9c2aff2,6311bcd6-1290-4524-a87e-be53613c478f,578,
30eabbd7-b558-4e5b-beff-5d075232d287,fe2cae34-a82f-4ca0-9a45-9fc74d39269b,579,
168d7274-7dd9-4d3b-bcfd-1f1b3cbf1af0,2cd89cc9-2f80-4a18-ba5a-76c66e4b4170,580,
fd016f5b-1a04-4bb1-8cf4-cc0cd4c1ac1f,777bed92-3983-4a82-9219-264776154f9c,581,
37c3fea6-364c-4cc5-a830-d9239ae23ded,2fb3df1e-d8db-4366-b117-a54e733ee41c,582,
18ec5129-45ab-4a2d-ba5d-e501c6020851,e1a41a9f-ab0d-49a7-ab48-73b55b7c5594,583,
ae16f7d6-7256-48c9-8484-4f5c37b9e404,a6a6ffac-e8db-4f17-9f41-32a6fa203d18,584,
82bfbafb-d4e8-471a-8818-68cbeacc6636,26aa8986-42ac-4946-ac30-51d91bc8f23c,585,
0a27c091-b974-4755-93bf-cd8076486c8d,5ab070eb-b74a-40bc-b1ea-7819f198ec86,586,
5140a674-4f1a-4a1c-b695-3c85478de379,5670ba2d-2cfe-4552-9c27-b834e6a56a3e,587,
d7021bf2-6bce-4283-b051-da9cf443af54,039db08e-83c9-4714-8745-412216920491,588,
a36350d6-a92c-4d74-aeab-739142f27827,a8b5faf3-8e3e-4c08-8150-29950e979e6a,589,
562e7d07-054b-4c0a-8d62-8adc92aeaa26,b1e1ca8e-2fcc-45b5-9f1a-f571536ca941,590,
d31f7d52-01f3-4e6e-873d-32e730937c3e,520e8b79-07c0-44e6-b1aa-74560cdc0464,591,
15f710c6-85d7-43d0-8cdc-cacdf345b095,00387cf4-cee0-4e8b-9e5d-66d10b666332,592,
a78a8590-0c58-4464-8a28-3b2891ee6177,594f4ad9-716e-4906-a25f-3f6b8f6b6232,593,
6b31ad6c-96fc-4a08-bd83-f66833b80920,69c6f3d7-5d86-44e7-939b-1ac2316c2b4e,594,
bc0e4be9-429f-4d5e-8e93-8db226ca4354,da19153f-942d-4936-9d02-aaeeda3d5c44,595,
d0865ae3-599e-4299-99a3-944b5ac25c93,7e551367-3f28-451f-a26d-732684dd5d8a,596,
72077f2b-16df-4c0e-a5be-adb17092edc2,d151048a-1d0f-4ebe-ad91-ba70c1f6c616,597,
76900477-a537-4f15-9e51-901875cea737,214054a2-f597-4212-8bab-df9e039689fd,598,
004b0d40-4c38-448a-88f9-47dc51c4370e,ce016395-1ef3-4ea4-aee3-9e8c8a1541c6,599,
21ae0423-7c24-4806-ba5e-34949cca52d4,806fa8b3-ffca-4c2a-b9ec-86bacaae9dde,600,
5697bb0f-41fc-476f-ae2e-d830865d0920,82aeb202-77ab-45e3-a18b-03f59c3db215,601,
be5582ce-25e5-4d55-90be-ec728e49c87e,0ed4f985-b1e4-4354-a1c4-13d3f45140de,602,
77c18561-2723-4880-bc02-faf76defb0f9,50a511f6-ee39-4854-9dd5-30e1341a49bd,603,
ecb22a05-944d-4a37-8d46-d89058376152,ade77c8f-8525-41b6-bd1e-44103ca09593,604,
cb4a26f4-2548-4f6c-bdd2-6afda0755f9e,339bc3a3-daaa-49a2-88d9-ee14b0ae06e7,605,
614eb1fc-8b74-4ac2-b70b-c8fee20e5428,11a76a6a-1dbf-4ef0-9f6c-74f084b21472,606,
61624894-85cd-4f32-a3d9-2a2bd4ee43c0,2375d92f-5982-44ef-9c52-2285e6e736da,607,
d0b858bd-526d-4b68-9597-0df6151cfd47,05f12492-1428-417f-a0ac-ba4cdc415b92,608,
6c65a89d-410a-48ab-947e-825055e9299a,dbccdf38-581d-4a24-8c79-400c5d06c7da,609,
3e638cde-125f-4571-a40e-c8e8b2277d27,0bae6b5b-ce24-42ec-b26d-513f2e3b9fd3,610,
9ad1315a-335b-4188-b901-63396ac11e8d,640d3ffa-7744-4481-be87-78639852ed16,611,
a8dee5ca-3ccf-4300-86df-bea9b260e010,a5b7c62a-82fa-4f4e-86b0-8eda317e1607,612,
45f0e820-7839-4411-8629-a8ae8e81613a,faa4467b-363b-44fe-a947-acee029ecc51,613,
06cee595-cb31-45ac-be75-f68b0e294b5e,f8b7e19d-6440-4624-b0eb-8a1315d8ab97,614,
b32ee0fb-68b2-478c-81a2-83960153e98e,500b40a9-2e69-44fc-9413-c07c91012da6,615,
bc23edc0-8aae-47e9-8e41-84641ec53e08,38d21e74-80f1-4052-81ce-1907c7a8547f,616,
60533de3-54ee-471d-a106-3b999bf60cd1,9e295ab8-b650-4030-af96-3eb76a25cd10,617,
05253fa5-7d02-4a97-bf54-53f97410d836,f235f6e1-c39f-499c-ac2e-e159c607f887,618,
87b9487f-e05b-4db2-8b16-ce8c997fa921,c7c777e0-d417-47de-adee-74abd0f92435,619,
dcc48539-e54b-4dbd-86f6-394ff2f73b37,3fdddcc7-0b41-4fd2-b630-dfa052a0882a,620,
d8d9e345-50aa-4355-a5c5-0aa212907a86,fdc6f1ec-a4c3-43cb-b6ac-0bc6ed5c1f97,621,
9e264317-3855-40c1-83b1-1bbddfe0bf7b,188e6879-14ef-430f-995a-ce624ca9a628,622,
904986b8-9c39-4d7e-9c27-5f88118d82ad,28af8849-bbe2-407b-9c2f-ca14b99b022b,623,
15520c54-b339-44e1-836e-142917cf1ac9,e65cc999-a3b6-4692-b929-696609bf9ec7,624,
b6db22c1-cd72-4bea-86f1-e17aa23af829,8cfd1be0-f698-4bca-b892-4e7b3ea448af,625,
49066d85-47e0-4bb8-bd7c-56b1fac553db,60fa619c-7019-43e0-8ad2-406b6b7ddad4,626,
8d5eb399-74d7-40d3-a854-2966170bdfef,8c028d66-0a4f-452b-9916-06465318b09a,627,
d501e062-648f-4ec8-b092-d536b478200c,0ae6d2f6-e98f-43f4-b4ea-4f061e3c0a77,628,
ef568074-de84-4f67-811c-44094c0a010b,0c4923c4-3429-4d63-ad1c-c929b8c4e980,629,
e450593e-3b40-4070-b60d-307f8c0ac92c,85bcd5cd-1b39-4e0d-aca8-d51c552e29dd,630,
f031fc83-d1d2-4580-ba00-d2bab77c97ea,ac34de1f-3b9f-4cda-ae4a-141ae93889ee,631,
9b390f2d-ce82-4422-8fb5-ec4d182f4b51,64b0ca52-6081-4d3c-9d87-ab53b24ab18a,632,
60c654af-6e28-47d4-9687-66023508cc37,1247ed04-82f2-4ebd-a5e6-3000fa7ec6c8,633,
f14f34aa-0604-4f20-b3dd-10ecb2d457b1,6703f2b1-239a-4042-b745-67761dfbec97,634,
46b86d3c-278c-41b2-91d2-f4c485b6b5fb,fb2e229d-0e35-4161-b049-57cd8a6cb550,635,
30f1f20b-a578-4801-8ab1-0d52250a6cd3,04321e18-6a36-4054-85b4-656e2e21c9b6,636,
b8db82de-75ed-4198-96f5-0d145c5d6d52,4f3134b3-b65b-40da-822b-641524c60322,637,
d262bd15-8d3b-4f75-8215-1d4a6dbb3e62,867dcf50-03fd-4511-b0eb-1da659b743d7,638,
c99212f9-12d3-4b1a-b060-ee664aec8349,5eb0b976-ad4a-4eac-a3ce-aba87abd6c20,639,
25aa3349-7e95-4a72-aaa4-b32882aeb963,4f484ae3-039f-4d6d-b7e9-32161afa3996,640,
a8c0fb61-e7a4-4400-acb8-0b3a6b400e82,159274d5-8f1d-41ff-ba17-483ab70b9535,641,
83d60c1b-da5b-4286-937c-3a68e275fab2,5469d295-7506-475d-babc-6347a839e8f0,642,
01716a3b-e2a9-46e5-a0eb-3e7956d6d27b,68575bb1-fb5d-4561-b9c0-1bc56f2f68f5,643,
aab22ff4-4406-4940-ada9-52f061f26394,e474fe15-f95b-450e-8bc3-cb323cf03693,644,
2d90667a-6d10-498f-a2cb-755eea59f9e7,60a67baa-639e-40d6-b261-2388715153a6,645,
efa6ceec-e317-41d6-adb1-08faf43b00df,a927a14a-de5f-43c3-b279-bbf346509c69,646,
b27822f7-55fd-49e1-ab40-7ecb4fe203f3,c7701930-2626-4575-b197-31974227a7b7,647,
24812d44-15db-4bcc-b9d2-886ee4a0b069,d00869a5-b521-44b7-8a9e-2faddb852f99,648,
f0c8a82b-23bc-444e-89a2-3a113f219a02,837e71d0-da9e-4456-bb93-f69f2d31947b,649,
e41396d5-45d0-483d-bcfc-416934e0805b,6041e251-ee92-45eb-8d1c-d4b5fb4a130a,650,
90550914-1010-4c9a-aefd-78ffc29fe576,27e1c9ca-32aa-467b-a02b-045f8a1924fe,651,
e259a7d0-22fd-4d5f-bf27-a7461eba5d6e,cf06f449-bdbe-440c-88fa-3f4798ed9100,652,
6eb13c32-ec4d-4da7-a0ca-bb08dea1ab61,9f5a2d11-5b2a-4d6d-8adb-3b937701f19b,653,
79375971-4b71-4d8d-b428-384b04a6a974,94a4e4d3-0175-4de0-ab4e-ff371686fc6a,654,
1362858d-d7e4-47dd-801d-267d7303cc14,936afe9f-9b97-458d-9a54-c662334e6e3c,655,
0f03b08a-336e-462c-88b7-f5007f71b193,a07d0d75-0c10-46e4-94b6-e7b36ba5bf97,656,
08470033-a21c-4b4a-a009-1e85c4211d7e,a26eaae3-d049-4c69-a9de-811c5e51b94c,657,
595a7144-13cc-417b-bea7-a52f82d7b11e,c2cd395e-e312-4e9a-a6cb-1f7375e5e657,658,
d15fff44-32af-4b1c-9acc-997d4653372b,b6b3f12a-cb0e-4d89-b3cd-88632dddd31f,659,
73ad4c82-a952-4a06-a84f-69480f05b722,4a360b76-5ed3-4287-8c82-6b121d0df7da,660,
65471c90-7104-4d17-b242-69ffd5472bcf,7a09efef-e1ef-4ea1-92c5-8a4cd7b29a00,661,
e896aaa6-7996-4044-af15-b54e3be3d973,7f4c9c74-5bb1-4bb9-866d-af11a6442a3a,662,
cea0bd0c-5356-4e70-8661-f3a139d73c46,378c2808-1259-483b-b151-4e3f9607ff31,663,
13dab200-5bcd-4103-9b3b-69345af33b92,e3a1fb13-c88c-4778-bf73-d453c357ad7e,664,
c88ebbce-f16c-4079-99b2-73c9887e24fa,b9f09d69-1461-42db-a022-cc5d073314f4,665,
4d6483a6-0c84-48c6-bdb7-02ae66cb07d8,0cf74fb7-09e6-4922-b39f-cb0bab349b98,666,
1c27e0d7-286f-4f78-a68b-b7bea698e4fd,8e8710e4-1f48-493a-804f-bd30162362f7,667,
7d7acbda-9ed1-4769-8264-265c645797cd,5415a398-612c-482a-8242-3454750beae2,668,
734d076f-693d-4b0f-a62d-ea4c0df2de88,33443e2c-6bd0-43bd-9ce2-2f1092fe401e,669,
aa0d3630-c688-4bff-93b9-47567c654f34,b3888cb6-a7f6-4420-bae0-268d7478c1bc,670,
7364c650-265a-475e-8faf-64aba584d682,10f209d0-3f96-41b9-85a2-a00c7138f044,671,
3defe77e-52b1-49de-b94d-2451e2b1da68,df844e70-3af7-4945-ad58-bd7cf48919ea,672,
020d6298-ce79-4c8f-a37e-b72a3fbda94c,5ead50ee-dc93-4a0d-a389-f57739bcf69d,673,
d0b3e3fd-35b0-4699-adab-237f6be23efe,fedf2195-707b-4ee4-b343-9c5403e77c3a,674,
e5000393-a19e-45e4-a200-688652b33bfa,138d57c7-158d-43ef-843c-7cbf3c8d4756,675,
308f4bf6-ccff-4b77-802d-ec668c982a61,7b46faad-3f44-4e1e-8dad-feb69f460eaf,676,
12c98d04-6979-4cdd-9b63-ca1c719f11e7,d6408e13-40e3-4146-b353-cf32e48df6b2,677,
60ec1111-fe60-4646-9040-b05276793641,3932dcc3-b11b-4372-9d68-ddb2a577460e,678,
7c91119f-8a46-4092-b8f5-5bc0190cea35,1e30fe53-b7eb-4f67-8215-74bef5a76607,679,
d446ed84-b984-4bc8-922a-3d6a990298a7,a32bc758-abf4-49db-a781-9cb991e222fd,680,
88266e7f-2648-4984-8549-9e3bbbd3e5b8,f143cbbd-edac-4d36-9141-b943df2e2283,681,
83ebfb2b-8364-4ffd-8aa9-10f1041fba27,1ff16991-5e0a-49aa-ab62-2aac7194d79c,682,
9f6e29d8-4cca-40e9-89e5-32be143d3049,22a1e977-c704-4ba9-882e-112f09d6258d,683,
ac710b8c-f486-4bdd-80a2-d1e5852efafc,21028741-5495-476e-84b4-f9eb33253c23,684,
ebd6817e-852a-4de5-a7dd-75e7bec6b53c,3db3763c-210a-4124-bbef-f6eec23cd076,685,
c8bc2822-5f32-412e-b24b-f7f614222514,29be7292-fe80-4caf-b51a-1a5aa02c5211,686,
8fd0df7c-e95e-4813-9079-5556773b7f19,1785b5db-35aa-4277-b148-be030ad884f3,687,
4c361de5-ed8a-4b36-a183-bd5bdc8a9044,d0973921-4de1-4ff6-890b-02c288f43a18,688,
74e6da22-9058-41d5-84ed-e1ded2abadf8,05810883-5aef-4372-8610-685b7669f342,689,
7986ba57-8eb7-461a-a1fc-3d99b2208272,88734c3a-1bf6-4e65-a58e-b59aeff3f59b,690,
d401bd0c-51f8-48d4-b349-20ab1754f00b,99d6b9e9-ead9-4047-a284-058d251208bd,691,
2ea328dd-0522-490b-8cd5-677cd3979873,d3bc8576-c6aa-4cc2-903f-277d1458a012,692,
331ef4f9-d9a0-4749-b1f5-3490db4f5360,635518a9-eabb-47f9-bb30-0265f3dd55e2,693,
73b83e67-36fe-4812-89fb-22d61e06f546,f3270d0a-62cb-461a-a623-4be68ea923c4,694,
4cff2c86-c039-4a3c-ab8c-59c782d89b73,8c3ae3bd-296d-42e2-9e25-e3588e0aa608,695,
f5b16d06-6695-4bee-8ec4-d4b899ff477c,f6da8afc-62c7-4117-9659-fe29e1108a9b,696,
5d02cd9e-4326-476e-9367-6bac38ef8cfa,bb03b74f-7210-4112-9dca-ca59b7503f41,697,
044fa03c-68ee-4124-a355-b55efadbabfd,a94197cb-f116-4fe5-aa8c-c3c2bf4be43c,698,
e0405eea-63aa-41e8-8877-6d3491de5c55,e43912a3-a2c7-45de-9953-8ef834d0dbf6,699,
cddbb724-ee29-4df2-ac58-9a6223b4c0c5,49758257-826f-4b41-adf0-12314a3039f9,700,
fc4d2ad5-8842-4fcb-be15-e27eb950111e,13bae3e5-1e1e-4219-8b65-93d47073bde6,701,
cce99757-7a07-43a2-b168-3d87d678cb77,485d5989-14eb-49ca-bbdc-83ee2b384c06,702,
a6575f33-9e31-4154-bdbb-0f17615f7051,45c6a1f5-99f9-47b9-98ce-5ce9e980d16f,703,
f01e2ca5-2b3d-4cfe-a81f-bc6cdf08db6d,055cb288-e2ed-4729-9e63-85f1911bc121,704,
e8046de3-0d1f-48db-9fa6-fec9b2fd7a13,992b9cf9-00f3-4fad-82e7-1c53b29173ff,705,
39afde64-27fb-45e0-ba94-6f05bd650c80,33da143f-86ca-4693-90ad-8d457da4d599,706,
9f662a48-0b65-46eb-9641-5fbe907554d3,7e064309-f361-44f8-a172-81be8fd232c6,707,
ff466af6-f016-474c-84c9-43dd990b82dd,7b0aa60c-d1be-4c2f-8fbb-cd21ac4fee17,708,
1e53e657-bc04-43e3-a071-efcbd0d368de,3d68c3e6-2c2f-4b16-875b-7f57eadde9cc,709,
379ab584-0d52-4533-a696-3bd318aa955d,c2edea1c-3f03-4d94-a91b-53f6ba8528b7,710,
4f74dc29-5cf0-41b0-9775-ac0f73b289f6,c64ec37b-a518-482b-a231-cb666ee2be45,711,
a25bf14f-bd9f-46af-bc63-42a0025e678b,f04d9eb6-3c96-4c1e-99eb-43efd41fbf24,712,
0accc061-1c9c-4f4c-a76f-97feae297cd9,1299ee4d-ac95-441c-9aae-4f349fede4bf,713,
6173477a-5388-42ea-8b73-05e2da9205e1,e97eefb0-4687-42e3-88df-3c028b6ebd6f,714,
94ac0c08-e288-4b16-8c44-490faaa03738,f741fb84-4c00-4649-9b92-b6f87f7335f3,715,
1e014e4c-05d7-429e-adb1-ea670f357e95,6789157e-9ed5-4ba3-a992-40622587928c,716,
c673430e-ac5f-4ebf-a3cc-7251ef912ae8,a35d1b74-f07e-4164-a77e-67713df53d4c,717,
024da8d7-3c9c-46fd-96d4-b7cfdb010be2,ba52b54b-2492-4fb2-b7f5-86e3e509528b,718,
b9eaf670-5c3b-431f-903d-d87bc640de57,f1937265-3260-4bd6-81fc-5b07df6d8ecf,719,
e13e8bd1-6e29-4e1b-a6da-a99baf66933c,1ea31181-32b3-4b2c-a9ab-58cd980d45bf,720,
d475477f-7905-45a8-97d4-ea00233ef5c3,dda5a31b-e2e3-4da0-89c4-95f8f0c3c8cc,721,
a7f8e788-a694-47a7-8f9a-1f60add750a7,da6b06c2-6033-41e1-9e61-bd8d55d97d91,722,
54016e15-6ba0-4bce-a81d-b61caba295ff,1a07f0ee-c020-4009-b98f-c0001f522b32,723,
d8a7872f-57a5-41bd-a525-8477ca58232e,12c1007f-91ec-42cd-8529-8ac20ac37fcd,724,
97cb4603-f611-4a04-820d-83a68034f251,9ef766c7-aa97-405e-8601-ad110944b8e2,725,
7f2cde04-1a12-47f1-aa00-7e442197e973,a0fabfd6-ca69-4a30-a11b-e03431437e1f,726,
5f0c323c-91ac-4055-8a96-2a53755dd0dc,b165be09-26fa-4d60-88c6-ef1ea8da95ec,727,
632b12c9-1458-45fd-84bb-f665fb0e8211,ef846c9b-6eab-4001-9cbf-3193471d3746,728,
7ed2a979-5d26-453a-935e-f5444fd46286,62053a97-922a-40d4-bdaa-1bdd8eae6969,729,
fff89b0d-f7f5-41d6-86c7-d78b5774ba9a,0a13891a-e982-46bc-8f36-12093d0cbb31,730,
1f02d985-1644-4909-ba30-ee58c357fc1c,b08a8ced-ab7c-4f9f-b0fa-90acbd4292eb,731,
95d526a0-470e-4110-9bf6-5fb0d5641b4f,08f7184b-d423-4806-9bc6-f48ded040c88,732,
be8db526-f88e-480a-92ba-a693b0b7256c,3328c6b6-7416-47d3-8a73-34e407c30899,733,
e24b962e-e7df-4e26-a894-1dec9d98fb67,566b8926-4c90-4516-a24f-ded1eddf4fc7,734,
6eaf3d16-df8b-4d07-804a-f89ec9962223,0ecf3be8-b8da-4c36-b4f1-3317c84ca883,735,
fa09c2b2-de50-43f8-9658-c7755982c1ce,14165fb0-82da-4113-8eed-e35004f4845e,736,
7478dbce-f215-43bf-82b3-b574783e75e6,9e06a360-3940-4703-8684-9b7934596922,737,
87f32691-d233-4c5c-93db-15f9f2d857d8,91b05adf-adf9-4278-8044-cc0e690aadeb,738,
14b86ca8-c4b9-4b97-92cd-69f8d265f7e4,6e6ffdb5-b65e-44bb-9783-6e318e4851d7,739,
bfd93894-c12f-458c-840b-267bf5ec93bc,8225f3fc-63ce-47be-9c53-c1f8b3727f92,740,
05199ec7-832b-41e4-9ec5-e1815c1642ba,a265b8d4-59b2-4871-9bbd-f19bc15c8545,741,
640346e5-6e2a-44a5-a337-785b9138bc50,affe8d2e-dced-462e-956e-f5c328e0f5be,742,
b347fe91-64ce-4f04-8d76-391802104c54,fd68434e-f9e1-4a57-8959-c661abfc9733,743,
ee8c895a-9f9a-45f9-b3dd-c25a006adc82,20f6004a-0d9a-4510-95c8-cc12d683b798,744,
115cc254-d258-4791-a6e3-306b662a8926,e7d5dbc6-34fa-4cdb-a364-be43ab3613fc,745,
504b67cd-ed13-4dce-8f2d-f4ab9737e256,28c25dd4-0253-46e5-9345-8817eca4c74c,746,
646e33f0-cf3c-4bbc-8efa-0a2557e45a7d,4b469b4e-85f2-4838-a33e-d2c5136a4cc1,747,
f3b2b812-ce05-465a-8a78-056fe3d69e55,e564f643-ca19-4aa5-a1b2-e5366e91e89b,748,
fe930a66-581c-48da-ab0d-65701ef8e0e4,c3de2f3d-e28e-4f8e-8be9-7d0231dee940,749,
e76723b8-ac44-4728-8f29-73b7232535f6,1cd4df65-4647-44af-a07f-a0b1683d8a2b,750,
9b0f38bd-26d9-4d6f-a55c-fb7ed1f49a72,aaa154a1-9bc7-47df-b921-08806d7c4cb5,751,
ee11004f-ccc7-4ed5-8c3c-bb5c62a016ba,613b8bda-3ab5-4697-b388-5e735c95352b,752,
b1be1e68-ee40-4259-98a5-a4076f270c41,1973b350-5183-4b9b-9cb5-ee3e110bd831,753,
ae132fb5-a432-4477-bd5a-587b33d516df,3f3407f2-8bff-4d27-b137-f23d9a7066ba,754,
53a8900a-617e-45df-a261-4ab60e19842d,99f271a5-89c9-4989-ae93-7ec5487cb35b,755,
c95b2e73-2649-41bb-a764-cbb75885a6da,34bf2ab2-3605-47a6-91b8-36e39b29e0a7,756,
81789987-a2d7-4301-9a3e-dcff1e97e721,d4d1a2b1-ccb9-40ef-8627-1c735e576e39,757,
d648a6c4-ee85-495a-829a-a41ef0c2e9d4,edafdff1-2e12-47cd-9733-59686d7fb798,758,
3d545919-34c5-4dc6-bf02-5b69dcc26d12,414fd287-b24a-4038-8947-1fa6b1ef5ee1,759,
4dce2841-4b0a-4c8a-a5f9-fd9211c2fc77,c3b9800c-64d8-4c31-9bac-967a8fd6903f,760,
e775ca10-fdef-44c1-bac0-bedfbe7c08da,83689953-7df7-45f5-8151-65f1b5b6401b,761,
1b665958-6ae9-4fd0-b11d-ec9848e1b44a,282b09ff-96e2-4b63-8217-94d7de604447,762,
8785055e-9553-4ba1-9cf1-528ce9832976,7a329698-4132-4a1d-8902-192ead4bb0b5,763,
e7f2b4e8-cd66-447c-b729-97eb576ee2b3,5ce756bc-0f60-4319-9e9f-bab4651ecc6b,764,
06a7baba-7afb-45e5-b16e-6bf492ab5dda,a0c45fd7-7125-4ebe-8ce4-3450fad39c00,765,
74c78131-2e9f-4539-bfb4-e817a078451f,a079db13-443a-4c16-9883-3dfc97a5a912,766,
c674453d-e9b7-49a6-a827-b79237af8e6f,af4ac767-05c3-4e93-9549-13c2d3f70046,767,
72e80ced-73c7-4ce7-87a0-d29ad6d98d47,cf696228-b477-48c8-bfc5-0b5117fc1a0b,768,
2be30520-e1b8-4006-9f23-20ddb9f04b86,95220344-5731-4a0f-9b68-4a1c981e7d6c,769,
30bb9e96-0dad-4d52-a044-58af93de7c87,fada2fb8-b3e8-486c-97c5-3914f3efb97f,770,
0febef17-875f-4a18-98f6-742d7bdfd13d,0d2fbbeb-889f-45a8-a1dc-938f15ba58ee,771,
69d0f9b0-ea05-4fa6-bb6b-92331c1900f9,f26c15a4-2ca3-4ca0-be43-aec2507a6a33,772,
b2cb6f6f-827c-407a-b67f-06a3009094b1,9e12d8ad-61b9-416e-a287-8d7b89c1879b,773,
cef6f513-3cc7-4542-87f3-0b593c6f4e0a,96afa209-0120-4dd2-aecd-528986b9c9c0,774,
166bb285-b73a-48b1-b883-47108dce5ee9,ff74b554-18ac-439c-9d64-ceb730163fd3,775,
ebbe1990-e6ee-427b-b52e-635f4065eedf,e77c4c81-12af-4465-9365-3cc4c8e4130d,776,
b8e13ec1-e185-49db-8948-a13297cf5037,22d9c6be-56e4-413b-8792-9fd550dd145d,777,
8dc67c2d-22c6-4f88-8308-6f0b9727ac79,30062be3-3ac3-420a-9912-3e94da7f8449,778,
091c9f68-fe35-4468-ac80-d18a1eeec614,1571c083-c2f4-46ab-845f-59b3b60cf74a,779,
908cd36a-e9e3-4fb1-b086-b195870f5e84,9069fbb0-0a37-4218-b270-66de93a6cb1d,780,
755743f0-baa9-4093-8267-b9f2821b85f4,22294135-4705-4466-bac2-ad8f261ea0a5,781,
a09f9849-59ef-4da6-8ff8-b29c11f52117,5d157cb0-1712-414a-990c-9833cfb5d6e4,782,
8f05cca4-907c-4312-8c93-d2e4767a167e,8b5f1785-a136-4c6d-bdda-af829bff18c6,783,
2d9a34c3-3320-4cbf-9e34-aad418ba2b49,e4cad7a6-c20e-4b3d-88b6-768dded00042,784,
abbfa3a4-7bdf-4f4a-8b06-8af917f643ea,7c30c057-32ef-4056-93ce-9c93adbb8ef5,785,
c9db8545-432a-4b75-a9ec-c8b9230ec30c,3414aef8-8750-451a-b5a3-5bbf435eaaff,786,
37b820bd-1fef-4a9c-958e-8305d6c2dc63,35d37f14-cd70-4eee-ba1c-d3341b9adf27,787,
4523350c-07a0-4663-8539-4195678c9728,cb14164f-41f5-4355-8aa6-dcad2b4c0b90,788,
48bad97b-399e-4c4a-a8ef-c4748e7ac472,06a590cc-b231-4473-822e-fb3570c775ab,789,
8ed25344-f21d-4dca-b612-5ced2815abe1,1d02412c-3fc4-460d-8a92-c2bf02ae7115,790,
0f8941b3-517e-46d7-becd-23163dab44fa,3bf03c3c-c1b4-4271-8f84-107a90a94f98,791,
a28f5cdf-a260-44c2-b92c-52c56e37ebc2,9603c525-f281-4c8c-9055-3518037371af,792,
b2832993-8dd8-4631-b98b-069c1f80c093,fc2079a5-d64c-4d0b-bd0b-f216a0a4b38d,793,
d11115e6-394e-4aa7-bc12-97ad4c8b3a48,4ac987fb-da7d-4a20-af43-9fa4b5c734bb,794,
4afb3eea-654d-4d5b-8f71-7c569d8d5bbf,543abf11-1d0a-448c-9a72-ce7f5a59dbd6,795,
2121d883-31a9-4404-aaa0-aa5eb5549703,67371793-8d48-4e38-976b-fc829a594269,796,
2a8ab1bd-09dd-40ff-b093-1645991d5c66,b88e32ba-71a5-441e-8554-bf160b50aeb0,797,
5023468a-6124-4c97-86b9-906d86d95a02,36542a9e-4a70-43d4-8d1e-ca281e3a7037,798,
2b41b19c-cb59-476a-b9b3-f7dcd93c829f,326c6dcf-3afb-43bf-a0e6-8ce3b9c03241,799,
975dd93c-a699-4b33-9446-c5cda6578509,f5310d91-5c26-4c85-9a33-8c6b030f1375,800,
7de8e6d5-47b2-48ab-b936-989d600acd9e,6fe9795c-523d-49e1-850c-dc1407b49dde,801,
602b7ce8-b027-40df-ae27-a4e4d5a94767,4c37a63d-4613-4a10-886f-5d6a0b05ec98,802,
74c1d189-36e8-451f-9b7b-a846515a99c2,994a607c-3208-4ac8-9959-8880a90d7930,803,
63a1de25-fdff-4ccd-a27e-e06c88548ade,8eef9a4e-b457-423a-847e-f66f99bce6ad,804,
8e23d8dd-7853-4aac-9a9a-9885dd1b2c5a,6f2a6d36-6bc1-4208-9df1-527f5d215cbe,805,
5b48be6f-67d7-4013-af03-ee7508c60016,b0306230-161b-4d33-88de-639ac542d783,806,
5f29e804-6bcf-48c1-af61-af7fdd2736f6,f2a528e3-7f33-4ade-b534-57d5f9865bf7,807,
5d90b72b-eb25-4edb-b4be-517ab8a3cc56,0d6554a4-81c6-48ac-acb5-b7a3c8dde3af,808,
c7d7e7ca-ec89-46a2-b3f2-bfd77775f072,f51949f8-1968-4f66-bf70-c77494948603,809,
149cbd4d-69da-4f45-9321-5e8c2790b79f,f7fc69c0-bb35-4b98-802d-1c5001c5c476,810,
67600743-b6c7-4429-9b00-49563c33060e,3aa87eec-ef41-4178-afe1-0e36aa6ba8e5,811,
dd360d60-9b1d-45a8-b364-e980770c3688,7c2b532e-1c8b-4c7c-ab00-3deaf37b535b,812,
c76bc7a8-608b-44f9-838f-98f975776b86,5f033f27-226a-4f01-b5fc-061ca8e3121d,813,
0a5e85d2-cb24-480a-af7a-3c71f7d67167,95a722bf-d049-4d83-ae1c-8b4b0bf50eb5,814,
299ceaf9-c8a1-4d8f-9a9d-0fa267732e14,c80366bb-1dc4-4e91-b48d-637ed594d6ae,815,
6e99a437-f87e-46cc-8d95-ee7da19bd143,953a3042-f06c-4d10-bdcd-ef6d5afccabf,816,
b179362c-d825-47c8-8167-436f733d7def,118ff951-e0d9-4534-905b-6a8106420809,817,
5d9727c3-9ed4-4fbf-a6f5-7bdcdef2c42a,928277b0-6f1a-429a-a869-f661c0b54402,818,
31f67c06-322b-4b9d-978e-d3399dbc179a,5ebff8a1-cd25-46e7-8ccf-acb3f7290613,819,
521541d8-955e-4245-92e2-15352f9ae764,f72497d8-0a42-40b7-8c56-9ecfda7c37c0,820,
bf43c440-71b2-4cb6-b643-dd2848065ab1,2ce24a06-e656-4b9e-8f2a-8bb87aafd30a,821,
8f44554d-3762-48a3-9084-4fd7271cd827,5df0ab80-a666-4c44-9ff7-9672179a7647,822,
69bf6f9d-09d5-4aaf-9af1-58bec2c41b93,871aaa07-21cb-45af-aaf9-c1d9c413e025,823,
67a1d81c-abab-412c-a514-a2d5700baa22,1862dc03-cee6-4aff-b3c1-f71fcea4dc10,824,
b56dc857-a9c2-4b43-95d1-c43cefdd0081,bc5ebf29-aba0-41d9-b7e4-08b27d30a50d,825,
3c73b491-0309-4237-ad7f-2acad1bab9b4,087a1b61-dff4-40f9-a6b0-7c0e34a680e3,826,
aedb6991-f62b-47a8-8611-81f2e8fd10c7,6ed0ec0f-b596-44c7-9518-960ce35710cc,827,
47be1cb5-1b17-401e-ba75-21684f79c3cf,465fdefb-29e3-4e6b-8f2a-a447b33ec340,828,
9f554f17-86bb-4f79-a286-d25850e29096,2f4f1c96-44b0-49b7-8324-c57f16d634ce,829,
6ba67ccc-1109-44a8-bec1-8487264bd075,5d02a4fd-c6f8-4d3f-894a-64105acf3cc2,830,
4382854a-bd44-4d1c-83ef-0327a44cbf31,d9a470f1-9230-452f-b395-cc01bf886d8e,831,
011013da-9960-43a2-8a34-6c5bf5434e6b,03619d84-ce4a-43d4-85b1-75fa2b704732,832,
16f7c9be-7fa5-41c2-96bd-975cee3dadb8,36426f3e-aa95-4ba4-917b-bf5a4fd7baab,833,
c2c56701-e084-4eb7-a70b-e20dfc979816,8c6fd794-7d8d-4064-84ea-c0845e4eb4ea,834,
1b3ffe2b-06c3-4b5f-add9-d6e2ec487392,8a3b98e9-5cdd-40f4-b98a-3a1ce1a5590e,835,
0011431d-589e-4c37-836e-a865a1e210ca,59c2c340-5bb5-4c6b-bd82-cefde7f1245c,836,
e68035d5-73ce-41c6-9b17-54c933a6de5c,ab895033-a505-4912-b27a-268fa33f1660,837,
58bfb215-6424-4e9c-865c-10ba7d2bf090,3063bcea-bf74-4c3d-99c0-f80e76b45cf6,838,
bb91695c-644c-4e13-b3c7-8f40f3125a13,644a8cd5-2240-4cab-a3e0-3f85980d676d,839,
b8c43d12-2f28-4c48-84f6-5c152abf3de5,7c525636-b6e9-43cd-a789-36b2fc753a5b,840,
074cf26d-f0f0-400e-a90e-90b1f580163e,053a4813-6e32-4cc9-bd22-d1a3883da919,841,
6e2965df-21de-48ba-a5cd-bc3ad1874814,38b5e68d-8fd4-4c45-b48e-ade837143349,842,
13d34dca-c23b-4f32-b378-eb3cb7be1446,d1144aed-9f71-469d-8524-b3e7a00e5946,843,
bdfcabff-8842-4489-92e3-9a07d6259884,de9e6246-4e0d-48a7-9c36-96ca3ac1749e,844,
0c48f563-e089-4469-a20b-53dcc5620286,75bfc5a5-d492-40cd-ad18-a73b47cf5973,845,
d2f6c92f-9473-4986-9ef6-ea797bfa67df,733ebfa2-e937-42be-ba23-79c34d4ef3a2,846,
afa89d98-3832-4575-ae4d-fa46fc5b4fce,42a7ded1-6583-4634-bace-cea92a67792a,847,
a490fece-753b-4ff3-a4fe-f22ea9e7af01,3573a04b-7a97-46b2-840c-6c39ecaa1169,848,
c3eb10bc-c8d1-40a6-bf46-6f68ddcadcef,5d059128-9d26-44e2-bda6-91b52e974460,849,
516c5f4a-1997-4ef7-9a62-5eea166fc069,62be044d-b81c-45ff-8d65-a8a8817112d3,850,
81d29a3b-4d45-493e-bd9e-f8afc31f85cf,e9d7dde8-367f-4eb8-812a-15f8d3e37ca3,851,
05c52c52-8352-431c-b445-b1a36e702f42,5932214c-110d-4cb4-ac23-069a3f01b451,852,
25d4b1ed-7a6d-4dbb-b6b6-4c577f30e0a3,63b06b13-fdaf-4683-9022-ea15b1a0483a,853,
2eac8436-a7c5-4b28-9a77-ddc66019c2ef,2a352522-2e5e-4e01-a6d2-374f66d0fd34,854,
e1b19427-5eb3-4ebc-a779-7bab74f3aa45,5e8ebbe1-426d-416f-9e97-e5134cb94283,855,
ee93f6a7-f6c4-464f-8b84-2608f07ecf71,7289287d-64cd-4fc4-8d1a-b45f96c843f3,856,
934d9ee6-ff0d-4699-b094-810c435efa8c,385ce454-eefc-4292-bb8f-7c508b81d64f,857,
9861d4df-b9e2-493d-b2aa-7ad3cfe14daf,b923d9e6-c593-4ca9-ac09-b1c1933b2513,858,
0ac08785-a1d2-4bf8-ada2-425b327be0b1,c1d5814f-c38a-41cc-927d-88cffe22661d,859,
59db765f-0b7f-4f81-ac5e-80bf36644932,f6c3e4a3-6320-414e-947b-84a7621715ab,860,
31e7024c-e2eb-44ce-9020-26ee42f94df4,308569ba-c3e8-4db6-b0ff-44e1ee62aae8,861,
ff0f34a2-26ff-4081-a36e-19dbcaaf7882,dcc70559-e441-4ee6-8edc-feaafb38bb98,862,
62b30842-1015-4b3a-9be2-138743c4519d,68d7e8cc-9779-4c4e-a1cd-bb335f7aebb0,863,
67985454-bf26-45ee-93a2-f09cd44a6c18,711db97b-9feb-4ad3-a261-f2da7623e61a,864,
2b885fbf-9123-4344-a358-4539881f058b,4b33f3f7-b234-4a1e-a59e-64bf76453944,865,
8b0d7118-0e84-4bf8-94c2-baf41b3b337c,cc87650f-9911-4e78-ad91-a43d93fb95f2,866,
3dc969cb-3ab0-4531-98d2-f0db404aa700,7f0dd363-6e1c-42f5-a91b-f3e2cfa4e823,867,
1879beaa-6a96-4dd1-bc61-fdeb8acec50b,9f9ac1b3-35eb-4a72-939a-ded537566f25,868,
fd2a6fcf-f9c2-4588-b6c1-19695d2cecf7,9509e8bf-5b96-4fea-95de-f4a73e9c696f,869,
35ce294f-e39e-4813-8ea1-f72cb49947cd,b8b71509-dc0b-4ce6-9ed4-0fdff67de966,870,
01b90261-3474-478b-8a3b-5c7517e7244d,5a0e7975-f259-41d7-bd1c-d0806812a1da,871,
85ab06b8-0939-43a3-b06c-20c1993a817a,ed945e50-f504-47f5-9d11-83cabe09493f,872,
d2cce99e-9bdb-4c22-a151-091003c95ba3,7afa19cf-1b95-44e6-891f-4bc2bd38ecbf,873,
c86b7ac1-4d42-4144-8fd7-a5bba0e87623,bd41aa2d-f982-4cc8-a399-59eac7ac8993,874,
0d255293-3dd0-4ed2-a4ab-48a0197092f3,be70637e-b1b5-42fe-99c5-c373c8d11492,875,
4c3268de-6bca-45ef-9388-5dfa2a8bb1e5,7a8b789e-2af4-4178-a0c3-ae90bc15e5eb,876,
4d5093d2-1af2-4719-a931-fd250f50b40b,b292a486-8da9-41dd-b252-49543249ee69,877,
74a8b331-4713-4216-a748-29a6313c8fbd,381c6f8a-5885-4392-90a0-4b3221ab1992,878,
24a70a2e-d68b-4fcd-89c1-395e1e0c0db5,d09730f1-bb3f-4738-83fb-42117e3e1571,879,
87839a3b-6b93-4f4b-8e81-82edb574c936,77a8c0e2-299e-4bd2-802b-abc1220aed72,880,
e622afab-2b8e-46b3-8a50-4bcc9df0a621,6460f667-595f-4f97-acc3-6337ec7f7bae,881,
d4daeb5b-fcce-4c26-b76d-c5f4a23cf800,5ec76077-36b8-495b-a9fe-5484ba13c110,882,
05b114ca-fb4f-45c9-9c73-d3e4e66fa54c,c0152770-a412-4e60-9e5d-f5bc7921b53c,883,
2b598d8c-db02-43db-b74c-6bb593ff4bd9,bc21b5a0-4d93-430c-934f-6c11f016765b,884,
038a54ce-d7c8-4f01-9f7b-216d779e4c49,4aeeb735-3921-45ae-a499-aaef9bb50374,885,
63ee6a0c-9914-4604-9d61-246157b8eb60,2220d1c3-9ffd-4e00-9fdf-bc19c510f8c1,886,
02630c16-7a2e-4099-b5ff-f8883c216ad5,e7544412-9a80-4c0d-a981-9937662ff79f,887,
9de5cb51-ada6-4e78-892c-564cb4bbcc3f,fa2ce227-45e5-40b6-afab-7f9650b89964,888,
f0f9d1af-1931-42bb-ae3b-3cd691ba57f5,67ea0069-30ce-43e8-9701-e2637a25f30e,889,
cbeb1c19-cdb7-43fe-8421-7bbb1be5953e,7cffa35c-42b7-4f10-941c-2e885cf06d94,890,
b6bb7e99-6afc-4576-b370-025475f8ec12,677c896c-7c5c-4a54-a3a7-1ab0a51c8545,891,
07e82b2d-076b-4a00-85e0-3ef3e5e2fa06,eb8f262e-bdea-448e-8b2c-10e312555b5d,892,
950f4657-46ba-48b2-96f5-c3499997cde6,586a7535-09f2-4fd3-b77f-46ba80046245,893,
6b3b0e8f-5c5d-4626-a484-27d37bd7a101,48466658-54bd-40be-97ed-1d422c2f6882,894,
0d7dacc4-ee1e-49a0-8ab2-60b5140aff0b,db9648bd-6465-47d3-8f1c-3bdb52850bd6,895,
05da8fff-b3e3-4427-ada7-dd774b1e69d6,a98eeae1-915a-41f5-afe6-d6eeadb62162,896,
22b7b57f-4625-432a-9729-29f529a1f7e8,35a142ce-2e8b-49f2-b424-61130af586b2,897,
085a9e2c-bcc3-4923-ad90-1c6455b8aa70,09743168-6332-409d-af8a-55e1e2fd894d,898,
90e3d56c-f699-43a5-9586-9168968ffe42,4eda97c9-a8c2-44ae-a74a-8d459d7a6728,899,
6368300a-ca47-47da-a244-ab6cd86ef0c7,15b5c653-4f1d-4aa9-a367-27a6635e5228,900,
83b9169d-ec0c-411d-a660-77f2be9cbaed,6e963ff3-27f9-48bd-a063-da92055ba70b,901,
41126377-de6b-44b7-aefe-d2928f338db0,2e3fb191-93f1-4dd5-a684-03f37a8738c8,902,
4335da1c-0100-4297-a74c-eb10885cad6a,2ce23961-1b3c-404f-b461-ec8dff2f43b9,903,
c5bc82cf-9fc1-43ad-85c8-4b15374326fd,5630c990-ab6d-40f4-a255-871d0d493891,904,
e78df704-2f97-4ddb-b560-e9a4ec6a0a0d,f1164914-9135-4b36-9487-f55f276ca22a,905,
3cef0411-a452-49ea-bfde-2d371d72ae7e,48edeafc-1461-4314-83d2-517ad47a556c,906,
a28a5447-a8ab-4e10-a1f8-834309c177e0,e575a823-880c-4033-b271-581ffd7874f5,907,
287e09fb-4cb0-47aa-84bc-3ab764d46032,29254269-e5f0-4bb3-b1f1-37536b00b48b,908,
4022d0b5-86a8-4f5c-bb6c-9d6946d714d5,895d9a3b-669d-4c87-a6ff-4a7ae0037432,909,
d83d1747-ce9e-4e2b-ba1d-47c5b82f7e94,d4e861a7-96ea-47f3-8884-038437d4ea96,910,
9f398475-9f55-4911-bfbe-fc7b8b2f0381,816e3785-80f2-42f4-941f-5f1f81e70d9a,911,
035f90b9-8028-4d06-9b73-20ad9a98b401,3fc86367-5238-454c-bd95-159c48b893c3,912,
adcf76a5-7645-4d59-b151-b1797cd9c35b,71126e31-ac99-4a46-9a31-6ddff8592380,913,
af35431f-9aad-400b-9ea1-26c6762a23da,950c3d97-0bf3-457e-a678-eca644ead19e,914,
9ee72ec3-413c-4bb0-9da6-050695a699fd,803901f8-5d0b-4728-b410-746e46cb152c,915,
ce905534-efc6-4665-88ef-356ca84f9028,1faa4af6-c2c6-4baf-acb8-76b228e7868c,916,
76f8eb95-e534-494c-898d-20d80494cc64,a2b7cf77-a3c0-4a57-b2bc-18c9a8894ca9,917,
d322ef98-dede-4874-a821-75060878366a,817b2927-9d2c-496a-9adf-f93b52d11010,918,
b75bb627-a54a-480b-87de-00601cb82e58,6bc5422f-2dc7-4c71-8059-cbf932ae3547,919,
f3133d71-ae52-4a3a-ace4-187bddbbaf7b,f86df0b0-6221-457d-9796-596c8e610f73,920,
44d859f1-9f5a-4101-9c5c-16efcb71805f,d63d3d59-9fc5-47e8-b58a-aefa1aaca29c,921,
77b4afaf-a96f-4d03-8b61-ab3a6ed1b724,d6add339-f645-489f-bdb0-cda42bd92e38,922,
54816ab9-d96e-42bb-8dba-7034fc4b491a,652b0bf3-53cf-4578-8ab7-144586a1712a,923,
a81860ef-7ce8-4b6b-963b-5401ce83b03b,e52b88ea-f8f1-4571-b6f6-ce7fc382e137,924,
d047b0e5-f7cf-4a71-a58e-e1a17d638bbd,7ecb96a4-e3bc-43bb-9bae-7ad60d42a70f,925,
5fbb5d9e-b262-4ca6-bffd-07af89b8219e,028d92b1-88d5-4a29-bb97-00d12ceb96a9,926,
f912bb52-2c16-43c5-83d6-2f208c10c584,359e970d-d712-4bc0-8c38-b63be90d1177,927,
ec64e4e8-3d7e-4d4f-a311-819b30a97c08,e5678764-879c-4f8a-a79b-656b18c0b7db,928,
fb50bfa7-d360-4848-ae89-97c735e41622,9bfd1590-2b3c-46d6-bed0-7243682a1c9e,929,
68ed62bf-4b8a-46c7-bdc0-b65c77ff04a0,76bea158-a2ca-49d2-a42b-5aca3933540b,930,
523c07e3-0a1f-4e92-9bc9-58c6af5bef88,a91d8ccf-c98f-4ceb-a4ff-7f25641a6b56,931,
d4d90a2b-1929-4483-992d-75845ba058af,b0106fd8-04b4-4a4c-a9bc-82986735bd4f,932,
a330b9ed-3833-4a9b-8b4b-3d014dd3b2f8,321e00b1-e7d9-4b2b-acf4-e7ac92e8f806,933,
6b7a398c-847f-4855-9a4b-8266253f09ca,ed9bd1ef-a780-447f-b0d7-44cda77f19c7,934,
c84a188b-35e7-4029-b13a-1e03a35278d3,7f1a02d0-8e4b-4346-ab5f-be0752a47caf,935,
8e3ccd54-9151-44d8-a6ba-075ed493fd2c,9dee5923-13f1-4d4d-a9b1-c8985395a14f,936,
721e4663-a5e1-4848-937c-262ba14a630d,8f15183c-334c-4c47-b301-b409c804cfe3,937,
878c2fd0-d936-4c83-8cc5-bcde6fe71e41,aa625553-6d15-48d6-8db7-cd45417a2ac6,938,
544707d1-687e-4304-89cb-b67ebfdabaa5,02bd33e4-a1c6-45d6-aada-e8cbaa0b68d8,939,
621de622-1080-4fbd-8723-24101d00029a,89ddd191-351d-479c-94b7-bdc956138898,940,
e1a5b24c-782e-444d-b6dc-2b75e3008f63,781f577e-040a-49fb-8831-51a0a65b501f,941,
b644e055-49ee-4f6c-a788-c20fa01f1948,71e00ec5-5643-4516-b4bf-d49554f5cc36,942,
680e4706-0976-4a35-b60c-f6e27d828789,1e74506d-3313-4acd-8c51-8e7d66d8d4dc,943,
56fb3273-236d-4194-a8d5-6fd3ef7c814d,c3a85747-f509-46a1-918d-4d42b0dc0f85,944,
42ab9c4d-3e22-4ec8-97de-bed87d275f30,f5f0247a-8c32-4d87-8199-df631fed8064,945,
59862f50-ce97-4a97-b52b-1765a099ab2e,7edbd987-4ac2-4463-9df5-b4bc11b04c7a,946,
100f1729-7102-436c-9bef-75d31acb6e0d,c8536cb1-c268-420d-ac6e-c79a12b3f8d5,947,
e765a481-cd32-4e81-9093-19cc153e9ce1,3d6aed88-857b-406c-b080-07c5b50ed96a,948,
d3b27728-6b42-4266-921a-333aaef322d4,66f0d5f8-5e2b-4482-8f7c-e180fbf6a5a0,949,
8b40cb43-c3aa-46db-b652-b3ea2146afdb,ab2b71da-abca-47ae-8843-fdc35e5cda99,950,
e45c77ff-6a57-4fde-9ec8-afbd5ed3b890,99d2d140-3518-4146-b5e7-162a00927efc,951,
2cf95bc3-7d0a-43b2-b0cc-95780c6647ae,469187ce-4043-4fd6-8c2f-17315bee2be4,952,
950f134a-13c0-4321-971a-bd0ed8aa39b8,dbdf9400-696c-44e5-87ff-98894459804f,953,
6b8930a9-699a-4dd6-962b-9e65457b299d,b171cb07-87ad-429c-b78a-9f330e6077e8,954,
070852c5-8828-4014-99af-12af8d4dc235,58df1e5a-9021-4d58-95a5-d312852be53d,955,
f2c2dbc4-56bd-48ee-a284-110c73b3d1b4,1cb71a25-2cec-459f-bb16-973df3952787,956,
418da691-5346-43ca-a010-a33685514323,b40c01ee-f1f2-4e84-b98a-cf96bd3dad38,957,
e31c5b39-c335-48b9-9b16-b1aa6e567bd4,0381e19a-e15b-4d97-959e-b422fde34af7,958,
0fcf4059-73de-4314-b560-2e30cce5cc23,929a625f-d8e7-49af-b528-54719a004f25,959,
373713df-77c3-4660-8bb0-b3e411be69aa,6e38190d-6250-4c28-ab19-0a1e46195023,960,
c4317d9a-8c92-40f4-b440-5b4f300d54e9,ee39d7fb-60ef-4d33-9456-a62397ba9e0a,961,
c859655b-4d48-4d6c-a2f3-78517298824f,bb15d0cd-d40b-423b-a06f-a6cef78a89c4,962,
12a5e1dc-767f-4258-b05e-12b403f98d3c,b4323e47-2102-4d14-9afb-3c44f88e870f,963,
3128aff4-1c71-484b-90f3-1902aefc35f6,507aaf30-6ddc-4049-8719-80b147d3712f,964,
8cd77542-f97f-4b15-9d0f-1611a9ef3c6b,101a52af-66b3-411f-b1b0-22456c0e7935,965,
8e74aa95-d343-43b4-9b8a-cb018a1a03e2,c61dfca2-a469-4469-8b51-fae44d688a7e,966,
39d9f18e-2522-4525-b076-25163db28331,9da96234-920c-488f-9489-d87ceaa38108,967,
90316117-100e-4cb8-a03a-f565ca0a49eb,b728462e-c1a2-4a46-956a-82b918e8dc81,968,
d1cf6c84-831b-44a8-a6d8-fd006d544506,2bd1035a-a21f-4663-9857-361f03b50266,969,
5a750f40-95bd-412f-a15c-6e9a9c842c72,ca75bae1-0f9d-438f-9178-3e14b4580bb9,970,
dbe176f4-a1fc-4c97-a576-02bcb98e4268,c3891e7e-adb3-456a-8dcd-41f6878c2050,971,
4a63d813-fcb6-4bbe-a9b0-60657d619cbb,442d5d82-f912-49f7-ac38-2c8e74528c50,972,
dde7a877-9a7c-46af-959f-7cfd8a8f295a,abc362ac-4cbd-4abf-9109-56f9ce5e0de9,973,
63dd7acb-4623-4b38-894f-03a12378d25e,2b46a3e5-b997-487d-a785-0e3d5663d855,974,
1c5b22d8-4f78-4bea-a928-fe39da3ea388,afc427fd-c42f-4ced-baf4-5cdd229e0e73,975,
1477502d-3ee5-48ec-8354-dded8f2cf97a,cc015257-1ed7-4b96-b990-10814bd79444,976,
9edfe0ea-4f2c-45aa-9ced-81ff9e6d1e5f,5b6c369c-9481-4eea-a029-bbfed8c0b877,977,
5b1921af-8946-4b7b-862a-44375bde3cf1,fb73fe65-29a4-41f1-b40e-928c5a1f75a6,978,
6e4cb68e-fea7-475d-90f1-ec5c092fecb1,1fa740e2-4d20-47ee-8cef-ae5b271671c3,979,
e14d2986-b4c4-4948-9368-1e3e5730cea4,3e56c2b4-fbf4-4b93-ab35-da6b7ba5d7e5,980,
b6f4dcbb-2ee6-4329-ad31-75ddaaf538dc,846e9f7d-8056-4f39-929c-ad99f50ede69,981,
c85483c4-f663-40be-bfed-97ba663471a2,fbfad210-e4f1-49f3-a860-1033c1e6875d,982,
021e8047-f523-4f12-afd4-d9afaccf0edd,2b0e1bdb-7134-4892-9707-ed1bcc447106,983,
56da17e1-a1b6-4633-8dbe-8c8d14fcacc5,54d1951d-26d7-4239-860d-5bd7c84622af,984,
ab78f9d8-5b18-4baa-9d9f-bca2607a089c,4eb56626-a536-451a-bf89-b08ee54abcc2,985,
5b7f166e-c7c5-4763-8dfd-576798a9e15a,43fdbb85-d62a-41c6-8dac-348f3f2e8e8b,986,
5459f926-82da-4198-a031-ea81e84cc552,76338f42-11cc-4ac2-978b-68e127bca40a,987,
8470793b-bfa2-4e4b-a926-980e15a32d08,0991afc5-2d43-4b8f-a726-0a85f4c50a09,988,
1c35ecbc-854b-4635-85ce-89b319430981,aba638dd-ee05-4d53-812c-d11e0d937d7e,989,
2dbf1cdc-5e32-4dfc-9980-11070571c6c1,91977f54-1bbd-4da3-9d86-7a576bcce40b,990,
7133d933-fbf9-4a6d-8645-3bef28f88ed5,2f3ae955-b8da-42e8-bc4b-dcf4d2bd0292,991,
c93de7bd-fd2f-40e4-b9c2-45c88bc942bd,1886999a-553f-4c00-979f-9b349f464ced,992,
62475cb6-f96e-469d-8f6e-095c463505d4,b3d8392f-8d1c-4417-b8f5-4bfc1cae0080,993,
92f95fd2-a5a8-4e39-ab10-3da31e0c58aa,b600347c-19b8-4ff5-8ad0-b5ab22f7b7d9,994,
4b57f0fc-eb3e-4095-982c-9316156981eb,12507694-376a-41a1-99f9-72a84e37ab4f,995,
4c0eaf36-9280-49f7-9cfe-206dcbab6715,47372a2a-6538-4c59-a19e-ba13a749a2bb,996,
feda0c2f-3dc6-42f6-80aa-2e3171fe116f,500fea72-5538-485c-9afd-fbc7016f3b83,997,
c2ff8f3f-0137-4673-846c-eee079aacb21,5a0226aa-812e-441d-9abb-47d5cb5ea01b,998,
129e4bd4-bc87-4085-ac4b-6f089c22c4ee,b00ffb66-9868-473f-b248-202646eb8fe9,999,
