nbr_de_places,espace_enfant,service_de_payement,accessebilite_mobilite_reduite,parking,numero_tel_resto,siret,id_resto
31,1,cheque,0,0,05 19 75 69 35,38699505288,0
79,0,espece,0,0,01 34 83 73 78,14827790207,1
91,1,cheque,1,0,+33 (0)3 22 11 64 16,40674291356,2
69,1,espece,0,0,+33 3 44 94 02 52,51134298974,3
89,1,CB,1,1,+33 (0)1 48 66 18 62,29450221692,4
83,0,CB,0,1,0221043440,29941627527,5
49,1,espece,0,0,0430700843,68812633831,6
45,0,cheque,1,0,+33 (0)3 80 37 23 92,27040400490,7
97,0,cheque,1,0,+33 (0)2 72 68 85 45,51972781890,8
65,0,CB,0,0,05 36 47 45 06,41580276357,9
20,1,cheque,0,1,+33 4 43 45 63 74,84300254739,10
30,0,espece,1,0,+33 (0)3 22 79 26 73,88216846181,11
32,1,CB,1,0,03 69 29 18 05,48852564717,12
48,0,cheque,0,1,02 32 90 22 73,54782942055,13
46,1,CB,1,1,+33 4 97 44 50 55,98647812874,14
60,1,cheque,0,1,02 18 36 58 15,26648961004,15
34,1,cheque,0,0,+33 (0)5 53 53 92 67,11518222122,16
60,0,cheque,0,1,+33 (0)3 79 91 90 69,99410211493,17
89,1,cheque,0,1,+33 (0)4 65 56 96 93,78951277698,18
59,1,cheque,1,0,+33 1 83 69 39 93,66977818027,19
53,0,espece,1,1,0353787927,33561977663,20
62,1,espece,1,1,+33 5 96 23 04 29,26666374940,21
66,0,CB,1,1,+33 (0)2 90 50 90 66,25720012225,22
38,0,espece,1,0,+33 2 62 25 24 54,50811954651,23
21,1,espece,0,0,+33 3 89 23 35 68,27152730882,24
26,1,espece,0,1,04 94 74 64 22,79676569204,25
34,0,CB,1,0,+33 (0)3 82 03 19 38,22458589849,26
39,1,CB,1,0,04 44 39 26 18,38599602897,27
98,1,CB,0,1,05 33 84 66 96,53155827185,28
87,1,cheque,1,1,03 23 70 63 11,15836759962,29
32,1,cheque,0,1,+33 (0)4 92 61 02 29,93009171007,30
24,0,CB,1,1,0365985107,87400900320,31
95,1,cheque,1,1,05 08 65 77 47,47921744630,32
94,0,cheque,1,1,03 66 10 94 76,84031233604,33
70,0,CB,0,1,0172213699,81283710148,34
22,0,cheque,1,0,+33 3 88 27 66 76,39213473650,35
36,1,espece,0,1,0233103136,86178127781,36
64,0,CB,1,0,+33 (0)3 90 06 21 82,41244857700,37
45,1,cheque,0,1,+33 (0)3 60 54 72 27,35789389923,38
90,0,cheque,0,1,+33 1 72 94 11 36,16687138648,39
21,1,espece,0,0,0143558444,26521804804,40
60,0,CB,0,1,05 55 07 71 23,88888018308,41
71,0,espece,1,0,+33 (0)5 31 13 14 27,77693748579,42
32,1,espece,1,1,+33 5 36 13 83 15,95333798034,43
74,1,espece,1,1,0563303179,62249651980,44
73,1,espece,0,0,03 39 02 27 98,61656271754,45
65,0,CB,1,1,01 53 07 48 15,50946210143,46
33,1,CB,0,1,0432027196,74072761747,47
98,0,espece,0,0,0357455829,38538341911,48
31,0,CB,1,1,05 53 29 48 22,62158833278,49
91,1,espece,0,0,0456520136,41452046469,50
32,1,CB,1,0,0221406737,66597242530,51
66,0,espece,0,1,0805086073,66304547663,52
50,1,cheque,0,1,0183027167,18394659312,53
60,1,cheque,1,1,0546739941,45807885424,54
57,1,cheque,0,1,+33 (0)4 80 70 07 99,26437778579,55
69,0,cheque,0,1,+33 (0)1 58 64 51 08,62099859961,56
80,1,cheque,0,0,0479746787,17059374608,57
28,1,CB,1,0,0546162486,65649630494,58
77,1,espece,0,1,+33 (0)4 70 37 61 70,82403359134,59
56,1,CB,1,1,+33 (0)3 90 34 75 45,33972859413,60
37,0,espece,1,1,0471872957,35113161649,61
61,1,cheque,0,0,+33 4 91 23 88 10,57852607768,62
48,0,CB,1,0,0534381760,16328520455,63
26,0,CB,0,1,0320852643,42356115037,64
47,0,CB,0,0,0423118089,19918244651,65
69,1,cheque,0,0,0556087430,60679709448,66
77,1,CB,0,1,+33 1 53 06 56 27,47035444418,67
47,0,cheque,1,1,03 22 34 01 08,59272611465,68
27,1,CB,0,1,0470769353,32374145444,69
86,0,cheque,1,0,+33 (0)1 43 73 41 31,81083601829,70
43,0,cheque,1,1,01 76 63 69 51,74283932873,71
30,0,cheque,1,1,+33 4 74 68 87 25,87337122063,72
90,1,cheque,1,1,0535034942,81932864577,73
43,0,espece,0,0,+33 (0)2 56 35 60 78,55045582637,74
70,1,espece,1,0,04 22 89 20 46,80312956510,75
95,1,CB,0,1,0358324697,76038342476,76
100,1,CB,1,0,+33 5 86 48 72 83,24298946664,77
35,0,cheque,1,0,+33 5 65 59 65 31,34972357360,78
87,0,espece,0,0,05 54 24 22 06,38808842990,79
33,1,CB,0,0,+33 4 90 49 44 36,42099424945,80
93,1,cheque,1,0,03 70 04 43 80,69087244727,81
53,1,cheque,1,0,0382221476,78038616040,82
100,1,espece,1,0,06 79 82 57 36,50975856632,83
71,1,cheque,1,1,+33 4 15 29 37 17,81376528547,84
47,1,espece,1,0,+33 (0)5 86 31 83 61,23430527867,85
37,0,espece,1,1,0145501853,84081010905,86
85,1,cheque,1,1,+33 2 56 51 29 95,22577926992,87
38,0,espece,1,1,+33 1 64 23 39 57,19706427294,88
20,1,espece,0,1,+33 3 80 20 90 22,31935801999,89
56,1,cheque,1,0,03 86 30 83 29,46956304879,90
55,0,CB,1,0,+33 1 49 23 46 34,54882058059,91
21,0,espece,1,1,0549323098,24007843282,92
27,0,cheque,1,0,+33 4 70 72 49 16,38365555701,93
76,1,espece,0,1,0371296741,67230075978,94
49,0,CB,0,0,04 75 62 63 03,90767508367,95
86,1,cheque,0,1,+33 3 39 15 63 73,54839422436,96
36,0,CB,1,0,01 47 49 14 50,94759121203,97
26,1,espece,0,1,05 64 07 08 85,60855982727,98
56,0,cheque,0,1,02 96 38 64 08,75974641363,99
34,1,espece,0,1,+33 (0)2 31 44 33 94,80769744577,100
68,0,espece,1,0,+33 4 81 63 53 57,98767332380,101
50,1,cheque,1,1,03 10 79 65 94,91639573890,102
64,0,espece,0,1,0388390998,99631707665,103
30,1,CB,1,1,0222230520,86941979588,104
96,1,cheque,1,1,02 76 24 61 93,29061704643,105
76,0,espece,1,0,03 39 07 91 53,99136022856,106
87,0,espece,1,1,+33 (0)1 72 14 38 46,80345187689,107
69,1,cheque,0,1,0258036562,10765429095,108
83,1,cheque,0,0,+33 4 56 75 39 82,62746521658,109
94,0,cheque,0,0,+33 3 24 10 51 02,95589928043,110
85,1,espece,1,1,0169683608,17465558138,111
90,1,cheque,0,0,+33 2 69 35 40 49,97561557766,112
87,0,espece,1,0,+33 (0)3 81 29 77 55,25452156353,113
34,1,espece,0,1,+33 5 64 79 30 21,85029209698,114
34,0,espece,1,1,04 89 89 10 87,40688868341,115
82,0,cheque,0,0,+33 1 78 37 47 88,19895878185,116
68,1,cheque,0,0,0463606243,47759424163,117
23,0,espece,1,1,0144950782,37083955203,118
35,1,cheque,1,0,+33 1 69 68 12 19,86915450498,119
55,0,CB,0,1,+33 4 91 32 43 00,90152038494,120
92,0,CB,1,0,0590698372,57350089674,121
53,0,cheque,0,1,0388119374,65203282380,122
54,1,espece,1,0,+33 (0)3 61 11 91 53,19457028639,123
93,0,CB,1,0,+33 (0)2 79 98 10 42,37752981772,124
61,0,CB,1,0,+33 1 55 41 28 95,62587641229,125
85,0,espece,0,0,+33 2 78 57 89 52,15228905285,126
81,0,espece,1,0,+33 (0)2 76 93 28 74,11420555701,127
75,1,cheque,1,1,+33 (0)1 55 95 65 61,44409528552,128
66,1,espece,0,0,+33 3 71 79 20 18,85242724208,129
21,1,CB,0,1,+33 5 61 86 57 68,10621322430,130
26,1,cheque,0,1,0285001145,99631727212,131
22,0,cheque,0,0,+33 (0)3 44 26 53 05,43778555304,132
92,0,CB,0,0,+33 2 72 47 21 62,28038433644,133
78,0,espece,1,1,+33 (0)5 49 19 33 68,44512199027,134
79,0,cheque,0,0,0546253605,65308974971,135
32,0,CB,1,0,+33 (0)1 42 93 74 46,69988783263,136
81,0,CB,0,1,+33 (0)4 99 37 64 69,40556984790,137
82,1,cheque,0,1,0179608403,71435115466,138
46,1,espece,1,1,+33 (0)1 44 96 30 29,82771259506,139
70,0,CB,0,1,04 69 54 11 85,41782497411,140
95,0,CB,1,1,0482156964,98753987610,141
97,0,CB,1,0,0411998855,19524355175,142
47,0,espece,1,0,0555990621,94883903235,143
44,1,cheque,1,0,03 89 20 57 69,26169950932,144
29,1,espece,1,0,0379742499,75570883067,145
21,1,cheque,0,0,+33 4 49 79 72 74,89336875578,146
99,0,espece,0,0,+33 3 26 27 56 32,72499873047,147
30,0,cheque,1,1,+33 (0)3 75 02 54 35,46100913034,148
62,0,espece,1,0,+33 (0)4 83 24 30 28,81594621063,149
76,0,cheque,0,1,+33 (0)5 33 65 92 79,89710721332,150
38,1,cheque,0,1,05 08 85 76 13,56657565795,151
49,0,espece,1,0,0130590993,56545372485,152
65,1,espece,0,1,01 44 50 96 45,95361574557,153
38,1,CB,0,0,+33 (0)5 24 95 87 33,67710347794,154
45,0,espece,0,0,0495520283,96781091591,155
27,1,CB,0,1,+33 (0)4 30 47 89 45,36593716229,156
85,0,CB,0,1,03 29 70 51 21,85432665419,157
27,1,cheque,1,0,+33 3 45 35 32 88,95055972744,158
75,0,cheque,0,1,01 49 47 28 25,61990383632,159
50,1,cheque,0,1,+33 3 26 12 31 84,72744310493,160
88,0,CB,1,0,+33 (0)2 41 80 00 98,27442041597,161
59,0,espece,0,1,0422768136,80725611643,162
81,1,CB,1,1,0367425932,95980323856,163
50,1,cheque,1,0,+33 (0)4 13 48 55 44,35741578050,164
81,1,CB,1,0,+33 (0)2 31 18 89 04,52223061900,165
24,0,espece,1,1,+33 5 53 86 61 44,29307652316,166
96,0,CB,1,1,0485006579,19373433559,167
72,1,cheque,0,1,+33 (0)4 50 13 92 51,25381071373,168
62,0,cheque,1,1,+33 (0)2 32 69 58 65,94760488164,169
58,0,CB,1,1,04 81 00 26 36,91177989746,170
95,1,cheque,1,0,0164267087,93646183456,171
66,1,espece,1,0,0298762546,25892507578,172
94,0,cheque,1,1,+33 4 38 21 68 35,44907942314,173
55,0,espece,0,0,0364918702,49553585410,174
60,1,espece,0,0,+33 3 87 77 99 09,19170926899,175
21,1,espece,1,1,04 86 52 31 93,60431740438,176
59,0,CB,1,1,+33 4 49 09 97 89,50068985002,177
33,0,cheque,1,1,+33 (0)3 26 41 28 83,55059021697,178
72,0,cheque,0,1,02 53 01 15 72,65147131695,179
98,1,cheque,1,0,03 57 85 16 32,49621421614,180
36,1,espece,1,1,03 82 75 60 25,61848812055,181
75,0,espece,1,1,+33 (0)1 43 51 52 69,88849555455,182
57,0,cheque,0,1,01 74 04 61 69,36349422506,183
92,0,CB,1,0,+33 3 68 98 34 55,61252820945,184
33,1,espece,0,0,0228087158,95878910842,185
96,1,CB,0,0,0219023603,67504260922,186
88,0,CB,0,1,+33 4 73 07 55 76,59452934476,187
46,0,espece,1,1,03 54 10 66 55,20068583690,188
71,1,espece,0,1,03 23 97 17 96,47843154285,189
88,1,cheque,1,0,+33 (0)4 82 33 19 83,44979140192,190
98,1,CB,0,0,02 40 75 64 88,19619839026,191
81,1,cheque,1,0,0245375360,84672863710,192
56,1,CB,0,1,+33 (0)3 75 71 88 62,31804112838,193
85,1,espece,0,0,+33 (0)4 58 72 95 95,90039561145,194
75,0,espece,0,1,+33 (0)4 76 77 32 82,48392298672,195
86,1,CB,0,1,+33 4 44 12 49 40,83944382404,196
26,0,CB,0,1,+33 (0)4 79 18 17 59,30370741418,197
82,1,cheque,0,1,+33 (0)2 47 29 23 51,47303988866,198
50,0,cheque,0,1,02 43 63 09 28,59521916138,199
83,1,CB,1,0,+33 (0)3 60 01 17 58,25677001037,200
78,1,cheque,1,1,+33 1 58 05 90 47,93342178713,201
32,1,cheque,0,0,04 74 88 18 37,19832672227,202
55,1,espece,0,1,03 84 68 78 46,30685720072,203
69,1,cheque,0,0,04 42 34 28 64,93888894233,204
46,1,cheque,0,0,+33 1 83 78 03 46,23775659798,205
46,1,espece,1,0,0228120612,41153078940,206
81,0,espece,1,1,05 96 05 89 56,17058030796,207
54,0,cheque,0,0,04 58 44 20 08,66823267337,208
51,0,espece,0,0,05 56 17 29 34,51680416327,209
36,0,espece,1,1,+33 (0)4 83 61 74 30,61549421404,210
94,0,CB,0,0,+33 2 14 35 30 86,50472360677,211
72,1,espece,1,1,02 46 24 93 46,97535529139,212
63,1,CB,1,0,+33 (0)3 75 71 52 97,13259934569,213
24,0,cheque,1,1,0531931420,40291464970,214
24,1,CB,1,0,+33 (0)2 79 30 61 23,74729760439,215
22,0,CB,1,1,+33 3 82 11 08 30,92213471982,216
43,0,cheque,1,0,04 57 70 19 47,77145816886,217
37,0,espece,1,1,05 40 28 44 27,15189540898,218
65,0,CB,1,1,+33 (0)5 40 29 53 01,65573180778,219
25,1,CB,1,0,+33 (0)3 57 00 32 82,50485837893,220
56,0,cheque,1,0,+33 (0)3 83 27 31 00,39285588471,221
60,0,espece,1,1,02 57 94 63 03,33461418841,222
55,1,CB,1,1,+33 (0)4 83 68 51 23,29261938389,223
61,0,cheque,0,0,+33 (0)7 42 24 32 61,56219267057,224
41,0,espece,1,1,+33 1 34 70 61 33,63484155205,225
79,1,espece,1,1,+33 5 35 42 85 97,70857029663,226
29,0,CB,0,0,0365841841,62881280321,227
97,1,CB,0,1,0494264618,24759689282,228
50,0,cheque,1,0,03 86 15 45 92,20311214019,229
70,1,espece,1,1,+33 (0)5 46 35 50 76,90689987304,230
89,0,cheque,1,1,04 58 29 34 09,67754346950,231
36,1,cheque,0,1,+33 2 85 05 79 39,78287847885,232
85,1,CB,0,1,+33 4 58 83 52 68,28328528278,233
75,1,CB,0,1,04 32 85 22 38,88409516033,234
77,1,cheque,1,0,+33 1 88 26 05 56,10167660019,235
22,0,cheque,1,0,0423753745,38789586880,236
97,0,CB,1,0,+33 (0)3 57 07 08 61,12181921045,237
30,1,cheque,1,1,+33 2 90 53 14 42,59984114074,238
85,1,CB,0,1,03 22 91 93 14,30376755926,239
90,0,CB,0,0,+33 1 82 22 50 41,57890166442,240
93,1,espece,0,1,03 23 44 45 72,98913093716,241
92,0,cheque,1,0,+33 (0)5 16 02 77 67,27594451964,242
34,0,cheque,0,1,+33 3 67 11 40 81,52526065780,243
41,0,CB,0,0,0442327123,25352223005,244
49,0,cheque,0,1,0486125813,70121184193,245
67,0,cheque,0,1,+33 (0)1 64 09 83 14,38287860038,246
80,0,espece,1,1,+33 (0)3 73 03 78 63,60636166247,247
70,0,espece,0,0,+33 (0)2 50 13 22 02,95607507609,248
49,0,CB,0,1,05 45 78 17 07,95771364959,249
32,1,cheque,1,1,01 75 95 65 54,47053220482,250
36,0,CB,0,0,+33 4 13 84 99 81,96621949529,251
68,1,cheque,0,0,0182103335,18022839479,252
26,1,CB,0,1,+33 5 59 51 28 70,54186242375,253
35,1,CB,1,0,+33 4 92 56 65 25,56066681445,254
35,0,espece,1,0,03 90 67 05 93,36959480622,255
25,0,cheque,1,0,+33 4 56 89 97 73,18696148710,256
99,1,espece,0,1,+33 (0)2 29 20 73 56,16931968169,257
27,0,espece,0,0,0277767314,48427504724,258
87,0,cheque,1,1,+33 5 24 49 98 15,31065275762,259
58,0,CB,1,1,+33 3 22 42 91 69,37337731902,260
39,1,cheque,0,0,+33 2 61 22 59 11,18128785727,261
92,0,espece,0,0,+33 (0)2 50 77 67 63,59987080731,262
36,1,CB,1,1,03 84 84 84 68,89638364912,263
29,1,espece,0,0,+33 (0)1 42 54 51 40,77015279946,264
24,1,espece,1,1,+33 (0)2 52 30 44 00,35609355215,265
51,1,CB,0,0,03 87 56 57 88,11537953600,266
68,1,CB,1,0,0262411147,93766227240,267
84,1,CB,0,0,+33 (0)5 46 97 86 73,15429998412,268
89,1,cheque,1,1,+33 (0)4 30 13 68 79,42249567408,269
96,1,cheque,1,0,+33 (0)2 30 19 54 27,68313460678,270
52,0,espece,0,1,+33 4 23 11 01 13,16767928085,271
54,0,espece,1,1,0556178691,85863221296,272
97,0,CB,1,1,02 18 46 48 82,39743178404,273
32,0,cheque,1,1,0134734092,13459911279,274
36,0,cheque,1,0,0519968400,45608752468,275
55,1,cheque,1,0,+33 4 69 73 14 63,24320700832,276
52,0,CB,1,0,+33 4 93 42 37 07,65114906111,277
73,0,espece,0,1,+33 2 41 89 81 85,99050649805,278
70,1,cheque,1,1,0320632593,81971997122,279
83,1,espece,0,0,04 72 69 78 06,44411681006,280
81,1,CB,0,1,+33 3 90 11 98 79,57394054467,281
69,0,CB,0,0,0491940480,35340417754,282
74,1,cheque,0,1,04 38 81 38 33,12481163383,283
84,0,CB,1,0,+33 3 22 71 84 07,88405748505,284
48,1,cheque,1,1,+33 5 34 54 82 42,99830522976,285
75,0,CB,0,0,+33 (0)4 95 37 89 21,79018834285,286
50,1,cheque,0,1,0285789642,17806706326,287
91,1,espece,1,0,+33 1 88 20 85 13,27331432488,288
68,0,espece,0,0,+33 (0)4 79 66 11 00,82034740633,289
93,0,CB,1,1,02 40 59 34 06,87190188362,290
26,0,CB,0,0,+33 (0)2 36 71 43 96,93461760323,291
21,0,espece,0,0,+33 (0)3 75 22 29 35,80189837729,292
40,1,espece,0,0,0430377932,81060530093,293
96,0,espece,0,1,0368592444,63091597076,294
42,1,espece,1,1,+33 (0)2 44 85 87 61,59247665408,295
25,0,CB,0,0,02 22 74 60 79,68854704120,296
71,0,espece,0,1,0321531798,51886155816,297
56,1,CB,0,0,+33 (0)2 40 72 36 11,85857224709,298
39,0,CB,0,1,+33 (0)3 90 02 94 07,32310205063,299
62,0,espece,1,0,0438624179,49003276015,300
20,1,cheque,1,1,+33 1 83 34 59 63,51945983985,301
82,0,CB,0,1,+33 4 82 81 21 42,38371448819,302
57,0,espece,1,1,0564874913,73536943823,303
78,0,cheque,0,0,04 77 19 90 75,29043586432,304
43,0,CB,1,0,0214913404,21574954489,305
51,1,CB,0,1,01 43 20 30 91,68966760260,306
90,1,cheque,0,1,+33 (0)2 72 88 20 18,99436970597,307
77,0,cheque,0,1,0481767310,25009903151,308
91,0,espece,1,1,0141682811,42716720053,309
56,0,CB,1,1,0563149986,58809242625,310
31,0,espece,0,0,04 37 22 77 77,28228561392,311
83,0,CB,1,0,0321115407,63175315359,312
79,0,cheque,1,1,03 24 78 78 89,11459745076,313
26,0,CB,0,1,+33 2 55 35 71 77,81081011280,314
85,1,espece,1,0,+33 (0)1 70 94 71 57,20052308257,315
22,0,espece,1,0,0328915416,36534649885,316
49,0,cheque,1,0,0494133704,81176493708,317
32,0,espece,0,1,04 74 52 77 90,26023343309,318
25,1,espece,1,1,0360039380,59894666139,319
93,1,cheque,0,1,0475837050,92158896430,320
29,1,espece,0,0,0214067037,16951815169,321
94,0,espece,0,1,+33 2 34 65 29 51,57866605709,322
23,1,espece,0,1,+33 5 33 59 99 22,36276633334,323
46,0,cheque,1,0,+33 (0)2 97 61 07 35,37938766125,324
89,1,cheque,1,0,+33 (0)1 53 41 62 85,66495374462,325
63,1,cheque,0,0,0272550225,42975462916,326
91,1,cheque,0,0,04 15 43 93 20,14989226774,327
99,1,CB,0,0,0130211500,60309671698,328
96,1,CB,1,1,0473774780,72452660685,329
65,1,espece,1,0,0559605256,26157624229,330
64,0,espece,0,1,0276104847,46141497058,331
58,0,CB,0,0,+33 4 89 23 52 41,89995629968,332
24,1,espece,1,1,+33 (0)4 32 35 41 13,64453212508,333
22,0,cheque,1,1,0549901699,73636964981,334
56,1,espece,0,1,0415251600,53914161193,335
63,0,cheque,1,1,+33 (0)5 57 51 53 86,20474970956,336
83,1,cheque,1,1,02 57 26 61 38,74862559222,337
66,0,espece,0,1,+33 4 20 94 23 13,84290007288,338
36,1,espece,0,1,0230874046,79737588300,339
34,1,CB,0,1,+33 (0)2 76 94 39 85,30554541073,340
51,0,espece,1,1,+33 (0)3 71 26 94 59,73189061354,341
32,1,cheque,1,1,+33 (0)3 67 84 16 04,10509033377,342
40,0,cheque,1,0,0559341178,72871784540,343
26,1,CB,1,0,+33 (0)4 89 48 06 66,94747581147,344
87,1,CB,0,1,0285191760,58333827219,345
49,0,CB,0,1,+33 2 32 38 48 90,74283018189,346
43,1,CB,0,0,+33 4 75 22 66 34,62365121560,347
100,1,cheque,1,0,+33 4 83 99 97 71,58237239655,348
42,1,espece,1,1,0248972979,55716011052,349
28,0,espece,0,0,0174562833,66395784037,350
91,0,espece,0,1,0219587400,68722326299,351
81,0,espece,1,0,0155497944,75340539017,352
27,0,CB,0,1,04 78 62 25 09,70216503639,353
91,0,CB,1,0,+33 5 46 56 65 39,37085601529,354
33,1,espece,1,0,05 35 54 13 18,80614945397,355
36,1,cheque,0,0,0356163505,14313826661,356
95,0,cheque,0,0,04 15 18 51 44,93595140336,357
36,1,CB,1,1,+33 (0)2 36 63 35 89,31221653444,358
88,0,cheque,1,1,04 66 45 19 24,48372027039,359
29,1,espece,0,1,+33 7 54 45 59 51,74019441969,360
25,1,CB,1,0,+33 5 18 56 72 50,53887256217,361
72,0,espece,0,0,04 38 73 69 28,13284280663,362
53,0,CB,0,1,02 14 99 26 65,18466147385,363
24,1,cheque,1,0,0489603038,33878841809,364
38,0,espece,1,0,0368876768,67933859555,365
29,0,CB,1,1,+33 5 17 66 32 61,18478761345,366
23,1,CB,0,1,+33 (0)2 36 37 07 09,68506326780,367
44,0,espece,1,0,+33 4 92 03 59 40,36278456823,368
72,0,cheque,1,0,+33 3 67 72 98 62,44832022697,369
27,0,espece,1,0,+33 (0)3 22 36 71 01,45689077334,370
63,0,CB,1,1,0594389552,78383728052,371
49,0,cheque,0,0,04 98 71 30 85,27795765470,372
91,1,espece,0,1,+33 (0)5 19 10 34 70,26422807244,373
41,1,CB,1,0,+33 (0)2 85 21 53 58,18204608031,374
75,1,CB,0,0,0486501716,95199506421,375
97,0,cheque,0,0,+33 (0)1 42 70 20 74,57743667557,376
84,0,cheque,0,1,0365734337,36969887643,377
69,0,cheque,0,1,0492823932,85524337717,378
63,0,cheque,1,1,01 83 90 81 29,22252881717,379
76,1,cheque,0,1,05 16 41 84 40,82227227041,380
84,1,espece,1,1,0141399031,59300966735,381
43,0,CB,0,0,01 76 87 09 66,54745989154,382
23,1,CB,1,1,0479683221,90836823443,383
44,0,espece,0,1,+33 (0)4 68 54 00 91,77220608978,384
95,0,cheque,1,1,02 47 80 02 80,59394818900,385
25,1,cheque,0,1,+33 4 90 94 59 50,72333017912,386
53,0,CB,0,1,+33 (0)3 55 61 39 37,54206776310,387
72,1,espece,1,1,+33 5 47 26 97 89,31361544372,388
26,1,CB,1,1,04 27 58 24 67,83950705518,389
95,0,espece,0,0,+33 (0)1 64 50 49 62,85546523304,390
27,0,CB,1,1,+33 (0)5 61 27 14 57,62693258069,391
80,1,CB,0,0,+33 4 90 00 21 10,44927034894,392
56,0,espece,0,0,0246945328,92132830148,393
96,1,CB,1,0,+33 (0)2 76 90 56 19,48474590667,394
89,0,espece,0,0,04 32 47 65 48,97485301995,395
91,1,cheque,0,0,01 43 29 18 21,22887918828,396
87,1,espece,0,0,+33 (0)4 37 69 69 01,51022764520,397
74,0,espece,1,0,+33 (0)3 90 69 28 90,80430745885,398
47,0,espece,0,0,+33 (0)1 53 93 13 33,20695400094,399
90,0,CB,1,0,+33 2 97 76 29 02,70975929179,400
34,1,CB,0,1,0518280682,59192465347,401
90,1,espece,1,0,+33 3 89 19 60 21,52216739786,402
80,1,espece,0,0,+33 (0)1 88 46 20 43,75650827955,403
44,1,cheque,0,0,05 59 11 21 99,29919015784,404
21,0,CB,1,0,+33 (0)3 58 13 35 46,70905037566,405
98,1,CB,1,1,+33 4 30 10 56 61,16670230570,406
36,0,cheque,1,1,+33 (0)4 84 71 32 71,31880238363,407
21,1,CB,0,1,0481057774,57725196780,408
56,0,cheque,0,1,+33 4 15 35 66 22,21543134503,409
89,0,cheque,0,0,0174251815,14371671622,410
66,1,cheque,0,1,+33 3 65 30 12 99,68068937244,411
30,0,CB,1,1,02 32 53 04 90,63759302747,412
85,1,CB,0,1,+33 (0)2 18 70 27 16,97504974516,413
22,0,cheque,1,0,+33 3 68 17 50 93,21206353469,414
88,0,cheque,1,1,0153599484,18296931635,415
81,1,CB,0,0,05 61 68 21 16,93223997816,416
96,1,espece,0,0,0188562943,42446094220,417
83,0,CB,0,0,+33 1 76 66 19 34,99849386053,418
88,1,CB,0,1,03 82 13 56 60,29846439651,419
97,1,cheque,0,0,03 64 82 39 40,98360354087,420
34,0,cheque,1,0,0438944665,73008466150,421
89,0,cheque,1,1,+33 5 35 67 32 46,61902346924,422
76,1,espece,1,1,+33 (0)3 61 44 28 21,46131450915,423
26,1,espece,0,1,+33 (0)2 51 61 25 68,25119122621,424
91,0,espece,0,0,02 52 19 18 74,53644604021,425
84,1,CB,0,1,+33 1 47 65 43 49,32620237661,426
67,0,espece,1,1,02 72 81 81 13,99082509353,427
47,1,CB,0,1,+33 (0)1 44 71 51 85,44591286011,428
29,1,espece,0,0,+33 (0)3 51 69 56 09,37176742116,429
31,0,espece,1,0,+33 3 88 06 44 29,49278317166,430
76,0,espece,0,1,+33 (0)2 76 88 26 35,84480629324,431
71,0,espece,1,1,+33 (0)1 64 52 54 33,50867962190,432
70,0,cheque,0,0,+33 (0)2 44 07 29 12,50115430364,433
24,1,espece,1,0,+33 4 56 20 01 34,74923698436,434
39,0,espece,0,1,0422305657,40926794944,435
89,0,cheque,1,0,0327740068,29123197622,436
79,1,CB,1,1,0518473513,39694136751,437
100,0,CB,0,0,0367146590,20391149741,438
84,1,espece,1,0,0353612512,45162401709,439
35,0,CB,1,1,0356443160,81627325280,440
67,0,CB,0,0,02 14 79 37 65,94079795147,441
33,0,espece,0,1,+33 (0)1 60 21 14 95,36093191678,442
75,1,cheque,0,1,03 89 76 06 22,83690876474,443
72,1,cheque,0,1,+33 1 80 37 82 47,40267171859,444
70,0,cheque,0,0,+33 4 57 94 46 49,79814420449,445
90,1,cheque,0,1,+33 5 65 57 90 87,38128429399,446
30,0,cheque,0,0,0364817725,86567288085,447
73,1,cheque,1,1,+33 (0)5 31 03 65 78,24001478188,448
47,0,espece,1,0,0183171022,19909922431,449
84,1,cheque,0,1,+33 (0)3 71 06 27 14,98553087460,450
48,1,espece,1,0,+33 5 54 77 13 89,74956290623,451
45,1,espece,1,1,+33 3 10 73 16 61,97209861982,452
84,1,cheque,0,0,0531353366,89919112763,453
27,0,CB,0,1,+33 5 08 51 83 13,65370702599,454
31,0,espece,0,1,+33 (0)1 56 55 39 67,75564898091,455
79,1,cheque,0,0,+33 1 53 77 77 53,48344307053,456
84,0,cheque,0,1,+33 1 82 88 05 98,23356443437,457
90,1,cheque,1,0,02 49 60 02 71,18486806523,458
33,0,cheque,1,1,0531301790,11723713963,459
43,1,espece,1,0,04 76 61 19 65,38082840638,460
88,0,CB,0,1,+33 2 33 73 32 95,57426739953,461
58,1,CB,0,0,0179440058,87067587080,462
28,0,espece,1,1,0182164959,67061152099,463
75,0,cheque,0,1,03 23 34 38 10,13211030947,464
39,1,CB,0,1,0323928320,82505944014,465
24,1,espece,1,1,0426511213,25396012854,466
27,0,espece,1,0,0457085455,16171526820,467
21,1,espece,0,1,+33 (0)5 45 82 50 34,16688895466,468
88,0,espece,0,0,+33 3 64 58 07 03,38426280097,469
27,1,cheque,1,0,04 67 56 57 64,95169441108,470
89,1,CB,1,1,04 89 11 95 16,42754400591,471
37,0,espece,1,1,02 41 41 19 70,52674672895,472
82,1,CB,0,0,+33 1 34 05 63 82,11407195025,473
76,1,CB,0,0,06 69 81 64 18,20631977594,474
71,0,cheque,0,1,+33 (0)3 87 37 16 03,94310551532,475
28,1,cheque,0,1,03 55 18 82 62,76942953318,476
62,1,CB,1,0,0478705768,70402187597,477
22,0,CB,0,0,0148565685,68542945940,478
26,0,CB,1,0,03 39 05 99 88,94135004681,479
79,1,CB,1,1,0170020303,82747361541,480
53,0,cheque,1,1,+33 (0)2 23 01 32 14,37964016107,481
89,1,espece,0,0,+33 (0)5 96 94 27 99,56992022550,482
98,1,cheque,1,0,+33 (0)2 54 67 35 69,53068304115,483
67,1,espece,0,0,+33 3 62 70 18 32,31262637347,484
90,0,espece,0,0,03 81 77 57 75,72415656063,485
99,0,CB,0,1,0545908292,53073365447,486
37,1,espece,0,1,02 43 86 38 69,89832735550,487
81,0,espece,0,0,+33 (0)5 63 70 40 62,22011418318,488
55,1,cheque,0,1,03 58 61 26 08,97207888361,489
35,0,cheque,0,1,+33 (0)4 38 33 71 12,21145124689,490
98,0,CB,0,0,01 74 69 40 77,11604668851,491
100,1,CB,1,1,01 69 19 62 69,46387963357,492
78,1,cheque,0,1,+33 (0)3 64 88 34 82,95283821441,493
96,1,cheque,0,0,0472279121,86216017515,494
73,0,cheque,0,0,+33 2 79 82 49 27,52380484764,495
77,1,espece,1,0,+33 (0)2 22 42 04 59,38939385720,496
60,0,cheque,0,1,+33 (0)3 71 07 84 69,86824064868,497
80,1,cheque,0,0,+33 (0)3 24 05 28 97,69500629888,498
39,1,espece,1,1,05 90 27 63 60,18157505700,499
55,1,espece,1,1,02 36 38 23 16,24179317668,500
36,1,espece,0,1,+33 (0)2 40 42 72 84,69813026006,501
33,0,espece,0,0,0458945030,13576678138,502
59,0,espece,0,1,05 47 34 68 59,51782134186,503
39,0,espece,0,0,0590105553,34631740360,504
31,0,espece,0,1,05 46 73 82 68,90229707229,505
79,0,CB,1,0,0483947285,78523619069,506
82,0,cheque,1,1,+33 (0)3 55 32 68 20,19433109842,507
60,1,espece,0,1,0344492327,40859734146,508
63,1,CB,1,0,+33 (0)4 83 83 43 99,75621834212,509
52,0,cheque,1,1,04 44 02 32 92,74094245465,510
74,0,cheque,0,0,+33 (0)4 42 51 59 89,73635237376,511
85,1,espece,0,0,03 59 99 38 61,98324003252,512
36,1,espece,1,1,+33 (0)4 85 55 84 91,41636465069,513
34,0,espece,1,0,0449260487,24993336842,514
81,1,CB,1,0,04 44 80 42 45,61095142934,515
84,1,CB,0,0,+33 4 98 40 09 21,48704555122,516
50,0,espece,1,1,02 48 61 02 70,99744394099,517
25,0,espece,1,1,0465014054,68533370613,518
42,1,cheque,1,0,+33 1 83 17 27 51,90937683160,519
84,1,CB,1,0,+33 (0)4 23 48 37 00,66758042342,520
80,0,cheque,0,1,04 37 18 28 99,65261772750,521
72,1,espece,0,0,0256508746,86238005321,522
46,1,espece,0,1,0382854742,15734162595,523
85,1,cheque,0,1,03 23 35 76 60,10952856952,524
93,1,espece,1,1,+33 (0)4 69 16 01 94,16161310309,525
100,1,CB,1,1,0561639793,46790703834,526
66,1,cheque,1,1,+33 1 77 26 54 65,17124203325,527
91,1,CB,0,0,+33 4 20 33 27 49,49742218706,528
90,0,espece,0,1,+33 (0)4 89 32 05 12,68058719886,529
75,1,cheque,1,1,+33 (0)3 67 68 77 17,45152546667,530
50,1,CB,0,0,+33 (0)2 52 94 75 67,72725720266,531
22,1,CB,0,1,03 55 20 86 58,29199858314,532
25,0,espece,1,1,0470206255,34229123412,533
72,0,CB,1,1,+33 4 30 65 31 38,12804067865,534
93,1,espece,0,0,0357621967,89449049695,535
87,0,cheque,0,0,0474699815,61412954714,536
42,1,cheque,0,0,0147727084,66457599328,537
39,0,cheque,1,0,0144739059,22235840726,538
51,1,CB,1,0,+33 1 47 78 52 01,25892156531,539
80,1,espece,1,1,02 62 33 66 99,63862158818,540
59,0,cheque,1,0,+33 (0)5 08 46 86 55,44921866006,541
47,0,cheque,1,0,04 13 22 46 19,16900962213,542
37,1,espece,0,1,+33 (0)1 88 13 08 08,88263035536,543
90,0,cheque,1,1,+33 (0)1 40 47 14 56,85962613716,544
73,1,cheque,0,1,+33 2 99 01 53 64,27912154194,545
29,1,cheque,0,1,04 73 80 16 74,71556335492,546
28,1,espece,0,1,+33 (0)5 62 95 16 28,78917184761,547
83,0,CB,0,0,+33 (0)4 68 22 83 85,76891664289,548
99,1,cheque,0,1,+33 5 87 61 58 94,81441325440,549
51,0,espece,0,1,+33 (0)4 50 49 87 74,40640805666,550
27,0,cheque,1,1,01 81 59 91 79,13174927750,551
56,1,cheque,0,0,+33 (0)4 98 28 73 19,96964274043,552
24,1,cheque,1,1,+33 (0)2 53 26 45 05,46394257308,553
39,1,CB,0,0,+33 5 33 29 64 49,29278858429,554
85,0,espece,1,0,+33 (0)2 30 91 57 94,14604906662,555
57,0,espece,0,0,+33 4 85 13 91 20,48004040425,556
52,0,cheque,1,0,03 89 33 24 79,66681498340,557
80,0,espece,1,0,+33 3 83 10 37 51,25710737834,558
44,0,espece,1,0,0480855483,35398373633,559
75,1,CB,1,0,01 72 05 58 77,44102924330,560
60,0,espece,0,0,+33 2 85 13 74 29,57350778790,561
40,0,espece,1,0,0558162310,98279626009,562
72,1,CB,1,1,0427665210,47189023586,563
96,1,cheque,1,0,+33 (0)3 23 27 84 12,33665574970,564
94,0,CB,0,0,+33 1 75 58 82 19,92923610916,565
82,0,CB,1,0,0254222711,64155318111,566
37,0,espece,1,1,+33 4 97 10 07 38,66525969098,567
92,1,cheque,1,1,01 49 93 79 84,49308900100,568
83,0,CB,1,1,+33 (0)4 13 50 96 02,99999260691,569
58,1,CB,0,1,0140080710,16172299121,570
71,1,CB,1,0,0478793303,78435148199,571
40,0,CB,0,0,05 17 45 70 96,15912512280,572
41,1,cheque,1,1,03 66 14 90 61,89903969160,573
20,1,espece,0,0,01 76 12 12 02,63826014394,574
57,1,espece,1,0,05 94 95 26 31,76296242884,575
46,1,CB,1,1,+33 5 19 48 72 47,46897595537,576
90,0,CB,1,0,+33 (0)5 94 00 08 02,18821340562,577
54,1,espece,0,0,01 45 04 79 78,61017108254,578
29,0,espece,1,1,01 40 86 02 76,70721319710,579
63,0,cheque,1,1,0486912484,26063390708,580
44,0,espece,0,0,+33 3 75 23 92 24,63958170645,581
66,1,espece,1,0,+33 3 23 12 07 73,72547777810,582
65,1,CB,0,0,+33 2 57 66 03 84,22483080648,583
99,0,cheque,1,1,04 15 36 94 83,81367359999,584
97,1,espece,1,1,+33 (0)1 74 17 11 39,34252363330,585
89,1,CB,1,1,+33 (0)4 81 92 63 15,62688158462,586
26,1,cheque,0,1,02 96 25 61 64,15197530401,587
50,1,CB,1,0,0252206928,27500490984,588
42,0,espece,1,1,+33 3 21 32 30 16,38636602205,589
24,1,cheque,1,1,+33 (0)4 90 66 33 14,38507346061,590
44,0,espece,0,0,+33 5 94 78 93 10,61486948941,591
38,1,espece,1,0,04 26 10 24 65,13373052820,592
49,1,CB,0,0,03 23 87 03 81,50514649455,593
50,1,CB,0,0,0372212754,33749040369,594
66,1,espece,0,0,0214360506,62207959361,595
91,1,espece,0,1,+33 (0)5 53 63 15 56,17056130588,596
42,1,CB,1,0,03 53 71 99 79,24833103948,597
32,1,CB,1,1,0494629533,90842534820,598
44,0,CB,1,1,03 87 19 57 65,80188914451,599
32,1,CB,1,0,0156286967,34566347294,600
99,1,cheque,0,0,04 93 60 87 01,47759472386,601
32,0,CB,0,0,+33 (0)5 96 74 55 41,47711944623,602
39,0,cheque,0,1,+33 5 17 60 16 68,40972822081,603
100,0,espece,0,0,+33 (0)5 56 12 46 27,36840798635,604
31,0,CB,0,0,05 46 51 56 76,55695019936,605
36,0,espece,0,0,0352401727,91029430379,606
46,1,CB,1,1,+33 (0)3 60 78 54 40,59636387360,607
93,1,espece,0,1,+33 (0)2 97 31 49 23,42839662404,608
33,1,cheque,1,0,+33 (0)2 33 23 94 20,61728477794,609
78,1,CB,1,1,0369998054,72633001481,610
77,1,espece,1,0,+33 3 39 55 65 80,98074564983,611
36,0,CB,0,0,+33 3 84 33 26 58,85214553168,612
45,0,espece,1,1,+33 (0)4 69 80 37 13,81353314423,613
86,0,CB,0,0,+33 (0)4 93 30 65 86,77614670232,614
60,1,cheque,1,0,+33 (0)3 26 18 93 16,46426295185,615
48,1,CB,0,1,+33 (0)1 69 52 38 28,61725795197,616
72,0,cheque,0,0,02 23 59 91 10,45368711067,617
87,0,cheque,0,0,0130319638,81829345906,618
35,1,espece,1,1,+33 1 60 30 96 07,74550543363,619
65,0,espece,0,1,05 19 59 08 07,70471668159,620
84,0,cheque,0,1,05 59 81 74 28,55663493101,621
35,1,espece,1,0,+33 4 30 65 71 85,21908085093,622
99,1,espece,1,0,+33 5 17 37 70 31,94424239553,623
20,1,espece,0,1,+33 1 46 92 59 73,26211328327,624
77,0,CB,1,0,03 27 46 86 32,70298424194,625
37,1,espece,0,1,05 65 81 65 45,66268754622,626
52,1,espece,1,0,+33 (0)3 80 20 64 97,57142184825,627
41,1,cheque,1,0,+33 4 67 50 09 93,56678124913,628
79,0,espece,0,1,0556132723,25546249093,629
89,0,cheque,1,1,+33 (0)6 54 66 49 22,41740181672,630
43,1,cheque,1,0,0255281208,97228732352,631
43,1,cheque,0,1,+33 1 55 07 67 39,63258822760,632
68,0,CB,0,1,+33 (0)4 88 67 40 97,48137418324,633
42,0,CB,0,0,+33 1 78 38 35 61,73642160005,634
23,1,cheque,1,1,+33 2 41 79 45 92,41988836457,635
40,1,CB,0,0,03 63 98 36 28,90956016021,636
92,1,cheque,0,1,0415115708,37488698733,637
81,1,CB,1,0,01 43 87 27 23,56064101365,638
77,0,espece,1,0,+33 4 11 75 64 37,57336366526,639
53,0,espece,0,0,+33 5 32 85 78 89,43253164610,640
35,0,cheque,0,0,+33 5 24 44 96 74,72486287617,641
91,1,cheque,1,0,03 23 67 94 19,90625888758,642
89,0,cheque,1,0,0278632641,24255861225,643
27,1,CB,1,1,+33 (0)4 43 56 13 65,83444851111,644
98,0,CB,0,0,05 96 07 73 44,93459363052,645
39,1,cheque,0,1,+33 1 72 41 30 08,60913521204,646
36,0,CB,1,1,05 57 62 52 60,65709840807,647
98,0,CB,0,0,03 82 64 68 44,46103805229,648
25,0,cheque,0,1,+33 4 37 49 35 91,25629988964,649
66,0,espece,0,1,03 85 44 02 59,15279182516,650
53,1,espece,1,0,+33 (0)5 62 48 55 74,67478231375,651
85,1,espece,0,1,0546002955,25923463479,652
68,1,CB,0,1,+33 4 65 18 58 96,21043472875,653
61,0,espece,1,1,+33 (0)5 63 68 67 99,32165856662,654
24,1,espece,1,1,+33 (0)1 69 22 51 21,52189071198,655
87,1,CB,0,0,02 69 20 57 33,98746192310,656
94,0,CB,0,0,01 43 07 56 31,41979168091,657
29,0,espece,1,1,04 58 35 54 21,97226444888,658
65,1,espece,0,0,+33 2 32 01 34 06,44697186186,659
24,0,espece,1,1,+33 (0)2 33 48 42 77,39903336785,660
59,1,CB,1,1,+33 1 78 40 14 78,78408166107,661
89,0,cheque,1,0,0222159971,63802392851,662
38,1,cheque,0,0,+33 (0)5 47 32 53 26,27099754440,663
84,1,cheque,1,0,0246061374,58871130564,664
92,0,CB,1,1,04 22 33 55 76,26792442563,665
76,1,cheque,1,1,0545643301,46719339546,666
38,0,espece,0,1,+33 5 67 19 62 45,89498767431,667
29,0,CB,1,1,0329441547,47419924188,668
22,0,espece,0,0,0388202874,92194998820,669
78,0,espece,1,0,0579671612,27124539484,670
57,1,CB,0,1,05 54 01 02 95,26194457563,671
43,1,cheque,1,1,+33 (0)5 34 77 12 75,54600094603,672
23,0,espece,1,1,+33 1 83 39 02 54,88874237822,673
31,0,cheque,0,1,04 95 13 20 01,51365255118,674
49,0,espece,0,0,+33 (0)1 70 31 42 41,14566750088,675
76,0,espece,1,1,+33 3 86 38 14 82,73090297066,676
91,1,cheque,1,0,0329760383,98538437763,677
31,0,espece,0,1,+33 2 29 55 68 23,26949748804,678
48,0,cheque,0,0,+33 2 33 19 00 88,64518832341,679
87,1,cheque,1,1,01 39 37 33 53,79263942124,680
72,0,espece,1,1,+33 4 37 09 77 16,49820935698,681
85,0,cheque,0,0,03 64 94 85 39,26508328418,682
54,0,espece,0,0,04 56 34 17 36,23614700448,683
63,0,CB,1,0,02 28 61 87 97,15332651243,684
97,1,espece,1,1,+33 5 56 16 77 96,81385646682,685
96,0,espece,0,0,03 72 09 35 01,23328425910,686
64,0,espece,1,1,+33 (0)2 97 47 93 36,56770958938,687
61,0,CB,0,0,0272321909,88169537533,688
51,0,espece,0,1,+33 (0)4 23 70 16 05,78463758560,689
68,0,espece,1,0,+33 3 82 37 50 36,29677548948,690
76,1,espece,0,1,+33 3 89 10 70 51,49173016243,691
78,1,espece,1,1,03 72 35 71 22,46638496198,692
27,0,cheque,0,1,+33 3 73 91 04 01,97428017655,693
91,1,CB,1,1,+33 4 50 26 92 13,23114365753,694
79,0,espece,1,0,+33 5 86 57 09 83,52317722831,695
97,0,espece,0,1,+33 3 62 01 78 47,11063134490,696
95,1,cheque,0,0,0360174156,66281317828,697
25,1,espece,1,1,0390629040,74453400347,698
98,1,cheque,0,0,+33 (0)3 58 99 41 15,90671146286,699
40,1,espece,0,1,+33 5 86 88 16 82,15154644136,700
81,1,espece,0,1,+33 3 64 51 70 66,72836376133,701
78,0,CB,1,1,06 01 86 26 85,29603566157,702
41,1,espece,1,1,+33 (0)5 16 16 78 09,82873600942,703
48,1,cheque,0,1,+33 3 76 34 40 44,96531780910,704
37,1,espece,0,0,0389308088,20680362051,705
36,0,espece,1,0,0145889392,35971467352,706
91,0,cheque,0,1,+33 (0)4 79 71 92 31,85863143718,707
87,0,espece,0,0,+33 3 67 37 54 01,39899459195,708
23,1,espece,0,1,+33 1 47 86 80 65,23747744206,709
24,0,cheque,0,1,+33 (0)3 63 14 17 70,35002520066,710
88,0,espece,0,0,+33 1 69 44 04 24,23321348915,711
47,0,CB,1,1,+33 (0)4 27 38 09 59,12415405333,712
28,0,espece,0,1,+33 3 22 94 41 89,92786450369,713
95,1,CB,1,0,03 27 06 09 91,78160665617,714
21,0,CB,0,1,+33 3 76 78 61 57,65738546781,715
51,1,CB,1,1,+33 (0)3 59 95 46 17,91821948986,716
20,1,CB,0,0,0257927003,32354580467,717
76,1,cheque,1,1,0415741661,61309950287,718
88,1,espece,0,0,0310616667,18812282179,719
53,0,cheque,0,0,0240375109,79427858740,720
76,1,cheque,0,1,0278172788,91829681096,721
63,1,cheque,1,1,0339795763,78432616838,722
62,1,cheque,0,1,+33 (0)3 59 20 60 61,39379054879,723
44,0,espece,0,1,02 18 33 97 31,62149706060,724
98,1,CB,0,0,+33 2 44 16 95 43,91843459426,725
53,0,espece,0,0,0519610726,81748940287,726
90,1,CB,0,0,0329151097,58889486753,727
96,0,cheque,0,0,02 19 18 99 54,24479967420,728
61,1,CB,0,1,+33 (0)4 80 81 27 63,83486280838,729
76,0,cheque,0,0,+33 1 56 89 66 23,41520641011,730
96,1,CB,1,1,+33 (0)4 27 52 01 06,49176751437,731
33,1,cheque,1,0,+33 4 65 53 00 56,31814669495,732
81,0,CB,1,0,0299253490,28476229992,733
31,0,espece,0,1,0555800519,84314797326,734
31,1,espece,1,1,0582806877,27644434996,735
67,1,cheque,0,0,0579635040,73011461876,736
44,0,CB,1,0,04 86 09 33 04,31925960384,737
73,0,CB,0,0,+33 (0)2 29 31 55 47,62608008539,738
39,0,CB,0,1,04 81 95 65 45,41664750317,739
26,0,cheque,1,0,03 27 05 10 42,50037288760,740
70,1,cheque,1,0,+33 (0)1 76 24 30 83,32146560284,741
45,0,espece,0,0,05 58 72 01 18,52961066660,742
52,1,espece,1,1,03 72 71 93 36,98879761673,743
28,0,CB,0,1,+33 (0)8 03 33 42 03,11177860671,744
43,0,espece,1,0,0415146041,44408588660,745
32,1,CB,1,0,+33 3 39 45 94 43,30500318910,746
47,1,CB,0,1,+33 5 94 78 92 31,79510597180,747
71,1,CB,0,1,+33 2 36 07 63 80,10318346969,748
73,0,cheque,0,1,+33 4 76 64 60 76,23960360082,749
69,1,espece,1,1,+33 3 52 58 87 85,50373853069,750
72,1,espece,0,0,03 63 95 78 23,75124484484,751
35,0,cheque,0,0,+33 2 30 84 85 85,89844835272,752
95,1,CB,0,1,0800763098,56701622116,753
98,0,espece,1,1,04 49 18 86 48,32762825544,754
32,0,cheque,0,0,05 56 37 20 11,25523462727,755
51,0,CB,1,1,+33 (0)1 74 94 66 61,58391426581,756
76,1,CB,1,0,04 85 74 11 63,30886315864,757
98,1,espece,1,1,0562228957,87383334597,758
62,1,CB,0,0,0556462876,16934249554,759
20,1,cheque,1,0,+33 1 74 03 19 85,65432342047,760
94,1,espece,0,0,03 45 62 62 37,43291956057,761
28,0,espece,0,1,+33 (0)4 72 28 39 57,27576720105,762
45,1,cheque,1,0,+33 (0)4 81 27 43 62,54584432374,763
99,0,cheque,0,0,+33 (0)2 23 87 50 31,24283498965,764
39,0,cheque,1,0,0556333511,71911158275,765
44,0,cheque,0,0,02 35 97 46 55,28756391496,766
89,1,espece,0,1,+33 3 44 89 71 15,94205620497,767
99,1,cheque,1,1,+33 4 89 63 94 51,26128596162,768
53,0,cheque,1,1,+33 2 31 87 03 19,94900731303,769
90,0,espece,1,1,03 56 74 13 10,69462339850,770
61,0,cheque,0,1,+33 (0)1 47 72 81 60,26189667698,771
87,1,espece,1,1,0457774728,44228882683,772
22,1,CB,1,1,+33 3 39 51 08 27,65299397954,773
55,0,cheque,1,1,+33 (0)4 89 88 81 08,96679097738,774
49,1,espece,0,0,+33 (0)3 26 86 01 33,37776737991,775
45,0,espece,0,0,+33 5 33 89 87 05,34463275123,776
69,0,cheque,1,0,01 53 60 58 69,17374357487,777
56,0,espece,1,1,+33 (0)4 78 83 76 57,58033721174,778
31,1,CB,1,1,04 67 28 80 06,83316219102,779
89,0,cheque,1,0,01 75 50 87 31,54051172782,780
85,1,CB,0,1,+33 4 87 44 27 92,54024010735,781
41,0,CB,1,1,04 13 39 60 92,38232997229,782
91,1,cheque,0,0,0285619096,65304005637,783
85,0,espece,1,1,01 58 54 72 49,88601001409,784
31,1,espece,1,1,+33 4 87 48 62 98,78658614705,785
96,0,espece,0,0,+33 (0)4 49 57 17 66,15155215392,786
55,1,cheque,0,1,+33 (0)1 44 46 90 50,74699222419,787
26,1,espece,0,1,01 83 58 72 10,23781886860,788
44,1,cheque,0,1,+33 2 72 96 95 29,89692597998,789
29,1,espece,1,0,0495879763,81502567563,790
70,0,espece,0,1,+33 1 73 88 60 24,77163455411,791
21,0,CB,1,0,0253397432,42562669415,792
66,0,espece,1,1,+33 (0)3 22 58 99 24,35916669728,793
33,0,CB,0,1,04 11 60 60 07,42833505208,794
76,0,espece,0,1,0492169417,73345030144,795
39,1,espece,0,1,04 77 64 32 37,38882581137,796
30,0,CB,0,1,0143580547,14470369088,797
74,1,espece,1,0,03 84 15 55 76,13007302321,798
78,1,cheque,1,1,0582563998,63085215976,799
73,1,CB,1,0,0497757297,68167309874,800
27,0,espece,0,0,+33 4 90 28 57 95,93553399669,801
86,0,espece,1,0,+33 (0)4 94 21 86 33,24248414643,802
87,0,CB,1,1,0252529941,92890311391,803
58,0,espece,0,1,+33 (0)4 76 95 76 57,89857933270,804
44,1,CB,1,1,+33 3 56 59 08 55,31213587387,805
40,0,espece,0,1,+33 2 72 42 74 34,80161865744,806
92,0,espece,0,0,+33 4 26 42 14 52,59313047492,807
81,0,espece,0,0,0232378040,57554113247,808
89,0,espece,0,1,+33 3 21 41 15 93,82766483123,809
69,0,CB,0,0,04 73 95 06 33,89580952821,810
75,1,espece,1,0,05 57 81 26 16,76594317811,811
67,0,cheque,0,1,+33 (0)2 21 39 77 54,51448744068,812
50,1,CB,1,1,+33 4 83 04 07 74,26038363433,813
82,0,cheque,1,1,+33 (0)1 41 16 69 99,33234506480,814
62,1,cheque,1,0,+33 (0)1 64 13 80 77,62711875546,815
46,0,CB,0,0,02 40 68 82 71,47397640923,816
74,0,CB,1,1,0536939273,46615342770,817
36,0,espece,0,0,+33 (0)3 63 64 32 42,19966545642,818
81,1,CB,1,0,0486814381,31795304523,819
24,1,CB,1,0,0355783284,44353344665,820
100,1,espece,0,0,04 57 29 09 32,35025333514,821
91,1,CB,1,0,+33 (0)3 39 98 52 90,38685896121,822
68,1,espece,1,1,05 31 90 56 23,98297887870,823
59,0,cheque,0,0,0362464831,18465952316,824
90,1,espece,1,1,04 65 58 85 88,78389421942,825
48,0,cheque,1,0,0519286724,86000846891,826
37,1,CB,0,1,02 35 20 55 10,76377729652,827
50,1,espece,0,0,+33 2 35 01 68 25,50551541142,828
74,1,cheque,0,0,05 81 18 15 40,17545505690,829
89,1,CB,0,0,0375728754,72643334328,830
73,1,CB,1,0,04 80 43 31 59,28526522896,831
88,1,espece,0,1,+33 (0)1 40 69 95 80,40720105169,832
88,1,CB,1,1,05 47 52 60 29,29237334870,833
85,0,espece,0,1,+33 2 98 46 19 42,85123382683,834
88,1,espece,0,0,01 41 40 22 94,35976585835,835
96,0,CB,0,0,+33 (0)4 74 83 80 33,37048870462,836
31,1,cheque,0,1,02 78 00 89 50,39850781368,837
78,1,cheque,0,0,02 35 11 50 33,94571963051,838
34,1,espece,0,1,+33 (0)3 22 08 98 65,28236001185,839
50,1,espece,0,1,08 01 76 94 28,40209281818,840
58,1,CB,1,0,+33 3 45 09 60 23,29971532927,841
29,0,espece,0,0,+33 4 93 78 31 33,94082727435,842
81,0,cheque,1,1,0261461438,84342709998,843
24,0,espece,1,1,02 56 38 04 10,59595363316,844
57,1,CB,1,1,+33 1 46 27 36 05,52199845129,845
76,0,espece,1,1,0554715552,52354211147,846
28,0,CB,1,0,04 72 28 52 03,83107741000,847
90,0,CB,0,0,0430136667,23271733351,848
76,0,espece,0,1,+33 5 16 70 66 59,49243082690,849
51,1,CB,1,1,+33 (0)1 75 47 66 72,15663653478,850
79,0,espece,0,1,04 85 42 26 53,43896945862,851
97,1,espece,0,0,+33 4 88 40 22 16,47028918090,852
94,0,cheque,0,0,+33 (0)1 40 87 72 60,39342459474,853
35,0,CB,1,1,04 58 87 41 46,96223130268,854
66,1,espece,1,0,0384827762,77656669433,855
26,0,espece,1,1,0141378625,65984415498,856
54,0,cheque,1,1,0277714559,62927434474,857
53,0,CB,0,1,+33 (0)3 45 82 75 92,33419561550,858
75,0,espece,0,1,03 66 78 17 14,95491452525,859
87,0,CB,0,1,+33 5 61 11 26 30,86246499662,860
32,0,cheque,1,0,+33 (0)1 58 33 40 88,45413278806,861
38,1,CB,0,1,+33 3 80 50 20 41,75722789499,862
40,1,espece,0,1,04 63 31 56 37,78617323048,863
42,0,CB,0,1,+33 (0)1 64 22 45 24,98683218605,864
78,1,espece,1,0,+33 (0)3 20 20 81 38,26805275370,865
43,0,espece,0,1,+33 (0)4 80 83 75 79,98788268522,866
48,1,espece,0,1,03 53 82 13 35,19001115745,867
78,1,cheque,0,0,0221696150,92699883638,868
24,1,cheque,1,0,05 40 06 02 26,99097430958,869
90,0,espece,0,0,+33 5 40 03 06 40,42696754400,870
81,1,cheque,0,1,+33 (0)2 44 21 25 53,32329456568,871
87,1,cheque,1,1,+33 7 05 96 47 54,63818996938,872
85,1,cheque,1,0,+33 (0)4 27 96 22 96,43619139084,873
79,0,cheque,1,1,+33 4 75 13 93 48,89549526444,874
73,0,espece,1,1,0155081140,79059058582,875
23,0,cheque,0,0,0387088395,50078032851,876
52,1,CB,0,0,+33 5 86 38 07 21,49911728435,877
23,0,cheque,1,1,+33 (0)2 36 52 30 94,49407134003,878
95,0,espece,1,1,04 74 57 17 18,74017341928,879
24,0,cheque,0,0,0495584328,49010475675,880
62,0,CB,0,1,+33 5 82 49 26 81,97334081782,881
89,1,CB,0,0,+33 1 49 95 87 74,66242122192,882
96,0,cheque,0,1,+33 3 29 75 63 64,11572193791,883
26,1,CB,0,0,+33 (0)2 35 97 15 82,97328872529,884
75,0,espece,1,0,+33 (0)4 89 09 86 82,84491585566,885
39,0,CB,1,0,+33 3 58 13 58 25,80965811458,886
30,1,CB,0,1,0172344929,58134525731,887
72,1,espece,0,0,02 55 68 26 57,89320921664,888
59,0,cheque,1,0,0579738796,60754896911,889
50,0,espece,1,0,+33 (0)4 95 41 92 66,15578851712,890
33,0,espece,0,1,+33 (0)4 20 47 22 94,18837978883,891
80,1,CB,0,1,04 42 37 09 03,54446786302,892
82,1,CB,0,0,04 99 47 00 06,55968209581,893
68,0,cheque,0,1,+33 (0)4 65 52 77 64,71877227779,894
29,1,CB,0,0,0801593822,83402831161,895
32,1,espece,1,1,0463177319,30366939542,896
21,0,CB,1,0,0248203598,59586663082,897
35,0,CB,1,1,0359990161,37786698315,898
99,1,CB,1,1,0255219796,69391095838,899
27,1,CB,0,1,+33 5 16 67 81 80,21561328921,900
30,1,CB,1,0,04 20 03 97 83,69190177897,901
50,0,cheque,1,0,+33 4 34 50 18 73,37108115613,902
40,1,espece,1,1,0170191759,57357958890,903
100,1,espece,0,1,0415256218,40823756372,904
47,1,espece,0,0,+33 (0)2 52 34 45 35,84357662699,905
83,1,cheque,0,1,0276520767,22924825111,906
44,1,CB,0,1,+33 (0)1 55 26 52 09,16468305318,907
87,0,cheque,0,1,+33 4 34 45 30 94,66907837431,908
99,1,cheque,1,0,0434480738,36105840340,909
93,0,espece,1,0,+33 (0)1 42 72 41 16,57094430509,910
75,1,cheque,1,1,0141153352,43532609534,911
98,1,CB,0,0,+33 4 11 89 11 86,30848851712,912
89,0,CB,1,1,+33 (0)3 25 57 27 74,35372841055,913
87,0,CB,0,0,0474121494,57158837170,914
48,0,espece,0,0,+33 3 44 48 58 11,10342807519,915
91,1,cheque,1,1,+33 (0)1 41 03 58 79,58700004681,916
57,0,CB,1,0,03 63 58 16 42,40471544626,917
25,0,espece,0,1,0559716051,43762541474,918
82,1,cheque,1,1,+33 (0)4 20 07 89 09,13130565768,919
65,0,CB,1,0,01 82 73 89 62,11829424237,920
48,0,cheque,1,1,04 94 93 58 11,46946930806,921
42,0,CB,1,0,0555007859,27173126714,922
96,1,espece,0,1,05 63 69 67 47,85727357199,923
42,1,cheque,0,1,+33 2 48 33 77 32,22994191458,924
24,0,espece,1,1,+33 (0)1 82 53 03 74,14969761657,925
64,0,espece,1,0,05 46 80 83 03,95881985231,926
75,0,CB,1,0,01 44 88 89 11,12893714028,927
28,0,CB,1,1,01 73 88 59 90,83278248821,928
81,0,cheque,1,0,+33 5 63 13 47 86,86202073138,929
35,0,CB,1,1,0491213982,45290125672,930
99,0,cheque,1,0,+33 (0)3 69 78 03 09,85556595649,931
68,0,espece,0,1,03 63 86 90 20,50413118342,932
37,1,cheque,0,1,+33 3 85 17 62 58,58745352341,933
73,0,CB,1,0,02 49 84 21 83,31860901204,934
68,1,CB,0,0,03 57 17 54 49,12252133285,935
52,1,espece,1,0,03 56 78 96 97,49523335973,936
23,0,CB,1,1,+33 4 75 16 97 60,77662971631,937
81,1,cheque,1,0,+33 4 67 45 07 34,76077192722,938
93,0,cheque,0,0,0466309279,67553999654,939
82,0,cheque,0,0,+33 (0)1 70 35 66 35,69792965882,940
29,0,CB,0,1,0351406073,90741811280,941
99,0,espece,0,0,+33 4 76 02 89 98,36529821167,942
58,0,CB,0,1,+33 (0)4 27 99 99 34,38318649539,943
31,0,CB,1,0,+33 2 35 70 12 62,76774338440,944
99,0,CB,0,0,02 29 34 28 72,95637798626,945
40,1,cheque,1,1,03 66 06 64 19,32662893051,946
87,0,espece,1,0,02 98 84 99 43,28408750231,947
71,1,espece,1,1,+33 (0)3 22 95 78 80,15018434643,948
23,0,CB,1,0,0222013819,37458198440,949
59,0,cheque,0,0,0380668467,43978948679,950
80,1,espece,0,0,04 80 57 88 82,23905860165,951
72,0,CB,1,1,04 74 19 38 16,13503495163,952
89,0,cheque,0,0,0438334436,12638749922,953
89,1,espece,0,1,+33 (0)5 40 68 13 26,40298738453,954
49,0,cheque,0,0,+33 (0)5 64 23 24 08,32716204476,955
23,0,CB,1,0,+33 3 75 82 11 98,12125425973,956
89,0,CB,1,0,03 71 70 90 60,91352987236,957
90,1,CB,0,1,04 23 50 86 34,71961860310,958
87,1,CB,1,0,+33 2 34 51 22 51,31658836492,959
48,1,espece,1,1,+33 (0)3 53 94 40 20,14934422565,960
96,0,cheque,1,1,0158076438,58555442992,961
44,0,CB,1,1,0554038039,54152626291,962
63,0,cheque,1,1,03 64 76 90 33,48014420175,963
89,1,espece,0,1,0563509752,60019159178,964
55,1,CB,0,0,+33 (0)5 82 65 72 49,40008477409,965
32,1,cheque,0,1,02 90 96 43 28,71582534683,966
42,0,CB,1,1,0221865009,92922840248,967
35,1,espece,0,0,+33 2 48 27 43 88,64388238219,968
95,0,espece,0,1,0134193966,22442341670,969
77,1,cheque,0,1,+33 5 65 16 27 62,42059785216,970
96,0,CB,1,0,+33 (0)4 99 32 72 69,73535205587,971
31,1,cheque,0,1,02 30 06 33 12,62987346547,972
47,0,espece,0,1,+33 (0)3 71 43 45 77,78882066298,973
29,0,CB,1,1,+33 (0)1 70 70 81 53,93763928534,974
70,0,CB,1,0,03 55 27 35 58,59596256175,975
50,1,espece,1,1,02 99 85 46 62,79642827741,976
49,1,cheque,1,0,+33 5 58 21 99 60,14655937937,977
59,1,CB,1,1,04 97 05 00 94,88783504868,978
76,0,espece,0,0,+33 (0)2 56 95 13 12,26438825581,979
25,1,espece,1,0,0437604638,51301036877,980
43,1,cheque,0,0,0324101910,91665431859,981
65,0,espece,1,1,0145086626,92621337809,982
77,0,espece,0,0,04 87 01 71 42,65326209082,983
29,0,espece,0,1,+33 (0)3 89 05 12 40,71998192733,984
55,0,CB,0,0,+33 4 73 65 63 50,60549612616,985
55,0,espece,1,1,+33 (0)5 79 91 43 07,44674631131,986
56,0,CB,0,0,01 70 32 92 53,48812809991,987
98,1,CB,0,0,+33 (0)3 44 23 89 21,82265064869,988
75,1,cheque,0,0,+33 5 24 64 46 53,89505814708,989
34,0,cheque,1,0,+33 (0)3 45 99 68 81,44592835091,990
69,1,espece,0,0,0140849041,56757696498,991
58,1,cheque,0,1,01 75 28 59 73,11811890974,992
75,0,CB,1,0,0254503814,22241021954,993
87,1,espece,1,0,+33 2 96 66 61 74,84694779380,994
73,0,cheque,1,0,04 68 43 06 67,19221574313,995
42,1,espece,0,1,05 55 40 62 63,57768390710,996
59,1,cheque,1,0,+33 (0)2 48 92 42 66,42356732833,997
41,1,CB,1,0,+33 (0)2 32 92 18 16,46480930962,998
20,0,espece,1,0,+33 (0)1 79 43 13 28,18453305430,999
